temperature,pressure,humidity
20.04,100649,61
20.04,100649,61
20.04,100649,61
20.03,100650,61
20.03,100650,61
20.02,100653,61
20.01,100650,61
20,100653,62
19.99,100655,62
19.98,100656,62
20,100648,62
19.98,100647,62
19.95,100651,62
19.95,100645,62
19.95,100650,62
19.96,100647,62
19.96,100649,62
19.97,100648,62
19.97,100648,62
19.97,100648,62
19.94,100649,62
19.94,100643,62
19.94,100653,62
19.91,100646,62
19.91,100648,62
19.9,100653,62
19.91,100655,62
19.91,100649,62
19.88,100641,62
19.88,100650,62
19.87,100649,62
19.9,100650,62
19.91,100654,62
19.89,100644,62
19.89,100646,62
19.9,100653,62
19.89,100651,62
19.89,100646,62
19.9,100642,62
19.89,100647,62
19.9,100648,62
19.89,100649,62
19.9,100648,62
19.91,100646,62
19.91,100649,62
19.92,100645,62
19.93,100644,62
19.94,100643,62
19.94,100649,62
19.96,100649,62
19.96,100649,62
19.96,100641,62
19.98,100645,62
19.98,100650,62
19.98,100647,62
20,100650,62
20,100642,62
20,100642,62
20,100640,62
20,100648,62
19.99,100641,62
20.01,100643,62
20.01,100647,62
20.02,100645,62
20.01,100640,62
20.01,100641,62
20.03,100647,62
20.03,100644,62
20.02,100651,62
20,100637,62
20.01,100644,62
20.02,100654,62
20.03,100648,62
20.05,100647,62
20.06,100646,62
20.06,100641,62
20.07,100649,62
20.08,100650,62
20.07,100643,62
20.09,100651,62
20.1,100642,62
20.09,100647,62
20.1,100648,62
20.11,100638,62
20.1,100643,62
20.1,100646,62
20.09,100640,62
20.09,100641,62
20.08,100647,62
20.08,100642,62
20.07,100638,62
20.08,100645,62
20.07,100648,62
20.06,100646,62
20.07,100638,62
20.07,100645,62
20.08,100644,62
20.08,100639,62
20.08,100642,62
20.08,100639,62
20.09,100646,62
20.07,100635,62
20.09,100647,62
20.09,100647,62
20.1,100640,62
20.1,100643,62
20.09,100638,62
20.08,100642,62
20.09,100638,62
20.11,100638,62
20.12,100645,62
20.11,100645,62
20.11,100644,62
20.11,100646,62
20.11,100649,62
20.12,100649,62
20.13,100647,62
20.13,100639,62
20.13,100642,62
20.13,100637,62
20.13,100642,62
20.13,100642,62
20.12,100638,62
20.12,100641,62
20.13,100645,62
20.12,100635,62
20.12,100643,62
20.13,100642,62
20.12,100643,62
20.13,100642,62
20.15,100645,62
20.14,100644,62
20.14,100639,62
20.15,100642,62
20.15,100640,62
20.13,100640,62
20.14,100646,62
20.13,100647,62
20.12,100646,62
20.11,100645,62
20.1,100648,62
20.1,100646,62
20.1,100645,62
20.09,100644,62
20.04,100644,62
20.02,100643,62
20.01,100639,62
20,100642,62
20.01,100644,62
19.98,100645,62
19.96,100646,62
19.95,100645,62
19.94,100643,62
19.95,100647,62
19.93,100647,62
19.93,100646,62
19.92,100650,62
19.91,100638,62
19.92,100645,62
19.91,100644,62
19.91,100649,62
19.91,100643,62
19.92,100639,62
19.91,100638,62
19.9,100645,62
19.91,100641,62
19.91,100644,62
19.91,100638,62
19.93,100650,62
19.93,100642,62
19.92,100639,62
19.92,100645,62
19.92,100640,62
19.93,100639,62
19.94,100641,62
19.93,100642,62
19.94,100638,63
19.92,100645,62
19.91,100637,62
19.9,100642,62
19.9,100642,62
19.88,100644,62
19.9,100639,62
19.88,100647,62
19.89,100643,62
19.9,100642,62
19.89,100646,62
19.89,100640,62
19.89,100638,62
19.88,100641,62
19.88,100644,62
19.88,100639,62
19.88,100641,62
19.88,100647,62
19.88,100644,62
19.89,100640,63
19.89,100640,63
19.89,100641,63
19.91,100646,63
19.91,100644,62
19.92,100640,63
19.93,100642,63
19.95,100641,63
19.95,100639,63
19.95,100634,63
19.97,100645,63
19.97,100636,63
19.97,100637,63
19.97,100646,63
19.97,100636,63
19.98,100641,63
19.99,100640,63
20.01,100638,63
20.02,100639,63
20.03,100636,63
20.03,100631,63
20.04,100638,63
20.05,100640,63
20.06,100641,63
20.07,100635,63
20.08,100639,63
20.08,100637,63
20.09,100640,63
20.09,100641,63
20.1,100643,63
20.11,100639,63
20.12,100641,63
20.14,100643,63
20.14,100644,63
20.14,100639,63
20.15,100638,62
20.16,100642,62
20.16,100633,62
20.17,100644,62
20.18,100645,62
20.19,100635,62
20.19,100644,62
20.2,100638,62
20.2,100638,62
20.18,100640,62
20.19,100642,62
20.19,100641,62
20.18,100642,62
20.17,100643,62
20.16,100642,62
20.18,100640,62
20.19,100636,62
20.17,100633,62
20.18,100643,62
20.18,100640,62
20.19,100638,62
20.19,100635,62
20.19,100638,62
20.19,100647,62
20.19,100642,62
20.2,100640,62
20.23,100635,62
20.22,100641,62
20.23,100643,62
20.24,100642,62
20.24,100638,62
20.25,100640,62
20.24,100639,62
20.27,100643,62
20.26,100637,62
20.28,100639,62
20.26,100642,62
20.26,100636,62
20.25,100638,62
20.27,100644,62
20.23,100635,62
20.22,100638,62
20.22,100638,62
20.22,100641,62
20.2,100635,62
20.18,100639,61
20.16,100634,61
20.16,100633,61
20.14,100639,61
20.12,100630,61
20.13,100642,61
20.1,100637,61
20.08,100639,62
20.07,100640,62
20.07,100641,62
20.08,100636,62
20.06,100635,62
20.05,100640,62
20.05,100634,62
20.04,100641,62
20.01,100639,62
20,100642,62
20.02,100639,62
20.01,100639,62
20.01,100636,62
20.02,100638,62
20.04,100643,62
20.02,100635,62
20.02,100635,62
20.01,100633,62
20.01,100636,62
20,100637,62
20.01,100636,62
20.03,100636,62
20.03,100636,62
20.02,100635,62
20,100634,62
20.01,100636,62
20.02,100642,62
20,100637,62
20.02,100638,62
20.02,100640,62
20.02,100639,62
20,100631,62
20.01,100639,62
19.99,100634,62
19.94,100638,62
19.94,100635,62
19.94,100638,62
19.95,100639,62
19.95,100634,62
19.97,100636,62
19.97,100637,62
19.98,100633,62
19.98,100639,62
19.99,100635,62
20,100636,62
19.99,100630,62
19.98,100636,62
20.01,100635,62
20.01,100636,62
19.97,100639,62
19.95,100639,62
19.95,100628,62
19.95,100634,62
19.97,100637,62
19.97,100639,62
19.96,100640,62
19.96,100636,62
19.92,100640,62
19.91,100638,62
19.91,100638,62
19.92,100634,62
19.92,100636,62
19.92,100636,62
19.91,100638,62
19.92,100632,62
19.92,100639,62
19.92,100639,62
19.91,100632,62
19.89,100638,62
19.88,100633,62
19.86,100642,62
19.86,100638,62
19.84,100637,62
19.84,100632,62
19.86,100638,62
19.85,100631,62
19.84,100637,62
19.84,100637,62
19.82,100638,62
19.82,100631,62
19.81,100632,62
19.83,100636,62
19.83,100637,62
19.84,100629,62
19.84,100632,62
19.84,100638,62
19.85,100628,62
19.85,100634,63
19.84,100632,62
19.82,100635,62
19.81,100629,62
19.82,100634,62
19.81,100632,62
19.8,100631,62
19.81,100632,62
19.8,100631,62
19.8,100631,62
19.78,100634,62
19.8,100633,63
19.79,100629,63
19.8,100625,63
19.8,100639,63
19.8,100631,63
19.79,100629,63
19.82,100628,63
19.81,100635,63
19.8,100626,63
19.81,100639,63
19.82,100631,63
19.82,100629,63
19.82,100628,63
19.82,100628,63
19.85,100632,63
19.87,100626,63
19.87,100634,63
19.87,100627,63
19.88,100633,63
19.89,100629,63
19.91,100633,63
19.91,100635,63
19.92,100634,63
19.89,100629,63
19.89,100632,63
19.89,100629,62
19.9,100631,62
19.91,100632,62
19.91,100626,62
19.91,100632,62
19.92,100634,62
19.93,100636,62
19.94,100624,62
19.94,100635,62
19.94,100632,62
19.96,100633,62
19.97,100634,62
19.97,100629,62
19.98,100633,62
19.98,100631,63
20,100637,62
20,100634,62
20.02,100634,62
20.03,100630,62
20.03,100631,63
20.04,100633,63
20.05,100631,63
20.04,100633,63
20.04,100638,63
20.04,100635,62
20.02,100631,62
20.02,100638,62
20.03,100634,62
20.04,100633,62
20.03,100628,62
20.06,100638,62
20.05,100633,62
20.06,100636,62
20.05,100634,62
20.06,100633,62
20.06,100635,62
20.06,100636,62
20.07,100642,62
20.06,100636,62
20.07,100632,62
20.07,100629,62
20.08,100634,62
20.08,100637,62
20.09,100636,62
20.07,100638,62
20.08,100630,62
20.07,100635,62
20.06,100631,62
20.08,100637,62
20.08,100634,62
20.07,100632,62
20.07,100637,62
20.06,100631,62
20,100631,62
19.97,100629,62
19.96,100633,62
19.98,100638,62
20,100636,62
19.98,100630,62
19.97,100635,62
19.97,100631,62
19.97,100632,62
19.97,100632,62
19.98,100633,62
19.97,100632,62
19.96,100633,62
19.96,100629,62
19.95,100630,62
19.94,100631,62
19.94,100629,62
19.94,100632,62
19.94,100638,62
19.94,100632,62
19.94,100635,62
19.95,100633,62
19.95,100633,62
19.96,100630,62
19.95,100634,62
19.94,100632,62
19.93,100636,62
19.92,100634,62
19.92,100629,62
19.92,100637,62
19.92,100640,62
19.91,100637,62
19.89,100629,62
19.89,100635,62
19.89,100632,62
19.91,100637,61
19.91,100632,62
19.91,100637,62
19.92,100634,62
19.92,100634,62
19.92,100632,62
19.94,100631,62
19.94,100632,62
19.94,100632,62
19.94,100637,62
19.93,100633,62
19.94,100637,62
19.94,100641,62
19.94,100632,62
19.93,100636,62
19.95,100639,62
19.96,100641,62
19.95,100642,62
19.95,100634,62
19.95,100634,62
19.96,100644,62
19.95,100628,62
19.96,100633,62
19.98,100631,62
19.97,100626,62
19.96,100632,62
19.94,100632,62
19.92,100632,62
19.92,100634,62
19.92,100632,62
19.92,100629,62
19.91,100633,62
19.91,100632,62
19.89,100629,62
19.9,100639,62
19.9,100636,62
19.9,100636,62
19.88,100628,62
19.88,100634,62
19.9,100625,62
19.91,100633,62
19.93,100630,62
19.94,100631,62
19.92,100634,62
19.91,100635,62
19.94,100634,62
19.95,100628,62
19.96,100633,62
19.96,100627,62
19.97,100637,62
19.96,100636,62
19.97,100632,62
19.98,100627,62
19.99,100629,62
19.99,100632,62
20,100631,62
20.02,100631,62
20.03,100631,62
20.03,100631,62
20.07,100627,62
20.07,100632,62
20.09,100635,62
20.1,100632,62
20.1,100629,62
20.11,100633,62
20.12,100638,62
20.12,100632,62
20.12,100632,62
20.13,100631,62
20.15,100634,62
20.16,100633,62
20.16,100631,62
20.15,100629,62
20.16,100631,62
20.18,100628,62
20.18,100637,62
20.19,100630,62
20.22,100635,62
20.24,100633,62
20.25,100635,62
20.28,100640,62
20.29,100636,62
20.31,100634,62
20.32,100635,62
20.34,100626,62
20.36,100630,62
20.38,100628,62
20.36,100630,62
20.36,100633,62
20.37,100629,62
20.38,100631,61
20.38,100629,61
20.37,100637,61
20.39,100635,61
20.4,100631,61
20.41,100633,61
20.43,100631,61
20.45,100632,61
20.44,100635,61
20.46,100630,61
20.47,100629,61
20.47,100627,61
20.5,100632,61
20.52,100630,61
20.54,100633,61
20.53,100629,61
20.53,100631,61
20.55,100632,61
20.56,100628,61
20.55,100629,61
20.56,100631,61
20.57,100635,61
20.58,100634,61
20.57,100633,61
20.58,100634,61
20.57,100639,61
20.56,100642,61
20.56,100636,61
20.57,100633,61
20.57,100641,61
20.57,100633,61
20.55,100630,60
20.57,100633,61
20.58,100634,60
20.57,100627,60
20.6,100635,60
20.61,100632,60
20.62,100636,60
20.63,100632,60
20.63,100638,60
20.65,100630,60
20.66,100638,60
20.67,100630,60
20.67,100636,60
20.68,100635,60
20.71,100634,60
20.7,100635,60
20.74,100631,60
20.75,100638,60
20.73,100633,60
20.74,100628,60
20.74,100634,60
20.74,100637,60
20.71,100629,60
20.69,100634,60
20.64,100633,60
20.64,100631,60
20.65,100635,60
20.65,100630,60
20.67,100634,60
20.7,100638,60
20.68,100635,60
20.69,100631,60
20.66,100627,60
20.66,100627,60
20.67,100637,60
20.68,100635,60
20.7,100632,60
20.74,100634,60
20.76,100634,60
20.77,100636,60
20.79,100632,60
20.78,100638,60
20.8,100636,60
20.8,100634,60
20.82,100638,59
20.85,100639,59
20.89,100633,59
20.9,100633,59
20.91,100635,59
20.92,100636,59
20.93,100635,59
20.95,100636,59
20.96,100632,59
20.93,100633,59
20.95,100635,59
20.97,100631,59
20.96,100641,59
20.96,100627,59
20.97,100633,59
20.97,100634,59
20.97,100634,59
20.98,100629,59
21.01,100635,59
21.03,100627,59
21.06,100630,59
21.04,100632,59
21.05,100637,59
21.04,100635,59
21.05,100636,59
21.06,100633,59
21.07,100626,59
21.08,100628,59
21.08,100633,59
21.11,100632,58
21.12,100631,59
21.14,100632,58
21.14,100630,58
21.14,100630,59
21.14,100630,59
21.17,100635,59
21.21,100635,59
21.22,100629,59
21.23,100636,58
21.28,100632,58
21.29,100631,58
21.32,100631,58
21.34,100634,58
21.33,100633,58
21.33,100628,58
21.36,100627,58
21.37,100628,58
21.38,100631,58
21.39,100629,58
21.41,100630,58
21.41,100627,58
21.44,100632,58
21.45,100623,58
21.46,100627,58
21.46,100621,58
21.48,100630,58
21.47,100629,58
21.5,100628,58
21.51,100633,58
21.53,100628,58
21.52,100626,58
21.54,100629,58
21.54,100635,58
21.55,100626,58
21.54,100635,58
21.55,100626,58
21.55,100631,58
21.58,100622,58
21.62,100626,58
21.65,100626,58
21.69,100633,58
21.7,100629,58
21.72,100627,57
21.73,100634,57
21.75,100632,57
21.79,100628,57
21.82,100623,57
21.83,100629,57
21.89,100628,57
21.9,100632,57
21.92,100627,57
21.96,100626,56
22,100626,56
22.03,100629,56
22.07,100630,56
22.11,100624,56
22.18,100631,56
22.22,100624,56
22.25,100629,56
22.33,100631,56
22.37,100633,56
22.42,100636,56
22.46,100629,56
22.52,100633,55
22.58,100627,55
22.64,100627,55
22.7,100627,55
22.74,100637,55
22.77,100626,55
22.79,100628,55
22.83,100625,54
22.91,100626,54
23,100634,54
23.07,100632,54
23.14,100626,54
23.23,100630,54
23.32,100634,54
23.39,100629,53
23.46,100630,53
23.51,100633,53
23.58,100627,53
23.6,100626,53
23.61,100627,53
23.62,100624,53
23.69,100635,53
23.72,100628,52
23.75,100629,52
23.77,100626,52
23.82,100630,52
23.87,100623,52
23.9,100638,52
23.92,100624,52
23.95,100621,52
23.97,100630,51
24.02,100623,51
24.03,100625,51
24.06,100624,51
24.09,100624,51
24.14,100629,51
24.18,100628,51
24.2,100628,51
24.25,100626,51
24.26,100620,50
24.32,100624,50
24.35,100623,50
24.41,100628,50
24.45,100632,50
24.51,100628,50
24.54,100630,50
24.58,100622,50
24.66,100622,50
24.67,100626,50
24.79,100625,50
24.83,100632,49
24.93,100625,49
24.95,100624,49
25.03,100628,49
25.13,100625,49
25.22,100624,49
25.33,100620,49
25.39,100624,48
25.47,100626,48
25.5,100627,48
25.57,100621,48
25.64,100622,48
25.75,100621,48
25.87,100626,47
25.94,100627,47
25.98,100631,47
26.02,100621,47
26.09,100624,47
26.16,100623,47
26.2,100621,46
26.3,100628,46
26.36,100625,46
26.44,100619,46
26.55,100620,46
26.65,100618,45
26.75,100618,45
26.84,100618,45
26.93,100628,45
27.03,100625,45
27.12,100621,44
27.15,100623,44
27.23,100631,44
27.36,100628,44
27.46,100622,44
27.46,100628,44
27.47,100618,43
27.54,100626,43
27.67,100629,43
27.76,100624,43
27.82,100620,43
27.83,100625,42
27.87,100618,42
27.91,100624,42
27.97,100620,42
27.99,100626,42
27.99,100623,42
28.01,100621,42
28.05,100623,42
28.05,100631,42
28.1,100619,42
28.14,100620,42
28.18,100622,41
28.21,100620,41
28.23,100619,41
28.17,100620,41
28.2,100625,41
28.32,100628,41
28.37,100626,41
28.4,100608,41
28.38,100616,41
27.96,100619,41
27.82,100628,42
27.95,100623,42
27.9,100622,42
27.13,100615,42
26.95,100614,42
26.96,100619,43
26.68,100606,44
26.52,100619,44
26.45,100624,44
26.27,100618,44
26.09,100610,44
26.02,100618,45
25.64,100620,45
25.64,100622,46
25.53,100621,46
25.38,100629,46
24.7,100624,48
24.58,100617,48
24.48,100625,48
24.37,100621,48
24.33,100631,48
24.3,100624,49
24.27,100621,49
24.27,100626,49
24.24,100619,49
24.23,100625,49
24.03,100622,50
23.96,100614,50
23.9,100615,50
23.54,100621,51
23.52,100618,51
23.48,100622,51
23.43,100625,51
23.41,100619,51
23.63,100624,51
23.57,100623,51
23.57,100626,51
23.85,100624,51
24.2,100625,50
24.14,100627,50
24.05,100628,50
24.04,100615,50
23.99,100625,50
24.01,100622,50
24.16,100625,50
24.25,100628,50
24.2,100621,50
24.39,100624,50
24.53,100615,50
24.47,100613,50
24.35,100618,50
24.25,100617,50
24.27,100627,50
24.31,100627,50
24.32,100624,50
24.37,100626,50
24.33,100625,50
24.27,100623,50
24.28,100622,50
24.29,100624,50
24.28,100622,50
24.32,100624,50
24.29,100624,50
24.24,100624,50
24.26,100619,50
24.25,100624,50
24.2,100623,50
24.27,100626,50
24.1,100620,50
24.01,100616,50
24.01,100625,50
23.96,100625,50
23.84,100616,50
23.75,100621,51
23.73,100620,51
23.63,100631,51
23.44,100624,51
23.34,100621,51
23.25,100622,52
23.3,100622,52
23.32,100617,52
23.28,100619,52
23.32,100618,52
23.26,100615,52
23.18,100610,52
23.15,100616,52
23.11,100620,53
23.15,100617,53
23.18,100619,53
23.28,100617,53
23.39,100626,52
23.25,100623,53
23.21,100621,53
23.23,100619,53
23.17,100620,53
23.43,100616,52
23.46,100619,52
23.44,100624,53
23.35,100618,53
23.38,100622,53
23.46,100624,52
23.42,100620,52
23.39,100619,52
23.42,100620,52
23.51,100625,52
23.71,100616,52
23.64,100616,52
23.59,100624,52
23.62,100617,52
23.67,100624,52
23.64,100627,52
23.65,100625,52
23.65,100622,52
23.64,100621,52
23.66,100622,52
23.67,100624,52
23.93,100617,51
23.99,100614,51
24.15,100625,50
24.6,100621,50
24.93,100622,49
25.01,100625,49
25.17,100616,48
25.26,100615,48
25.38,100619,47
25.5,100615,47
25.94,100616,46
26.18,100612,46
26.05,100621,46
26.02,100612,46
25.89,100624,46
25.95,100624,46
25.9,100615,46
25.85,100621,46
25.78,100615,46
25.48,100615,47
25.32,100613,47
24.94,100618,47
24.83,100612,48
24.57,100616,48
24.52,100613,49
24.45,100619,49
24.41,100611,49
24.37,100610,49
24.26,100622,49
24.28,100618,49
24.27,100615,49
24.21,100622,50
24.16,100619,50
24.16,100622,50
24.14,100615,50
24.05,100620,50
24.07,100623,50
24.07,100615,50
24.13,100614,50
24.14,100618,50
24.21,100622,50
24.26,100619,50
24.24,100616,50
24.22,100618,50
24.21,100620,50
24.2,100618,50
24.12,100618,50
23.88,100623,50
23.84,100619,50
23.83,100620,50
23.78,100619,51
23.66,100616,51
23.52,100618,51
23.5,100614,51
23.5,100621,51
23.41,100619,51
23.32,100617,51
23.29,100621,52
23.17,100611,52
23.06,100614,52
23.08,100609,52
23.08,100617,52
23.14,100617,52
23.08,100611,52
22.97,100621,52
22.95,100622,52
22.93,100619,53
22.87,100618,53
22.8,100620,53
22.82,100614,53
22.79,100618,53
22.8,100613,53
22.79,100623,53
22.79,100612,54
22.76,100613,54
22.77,100616,54
22.73,100619,54
22.72,100616,54
22.67,100619,54
22.66,100618,54
22.63,100616,54
22.63,100613,54
22.61,100613,54
22.57,100615,54
22.56,100612,54
22.55,100616,54
22.53,100614,54
22.47,100614,54
22.45,100614,54
22.44,100620,54
22.41,100618,54
22.31,100620,54
22.3,100621,54
22.37,100625,54
22.37,100616,54
22.35,100610,54
22.35,100621,54
22.34,100617,54
22.37,100611,54
22.38,100619,54
22.54,100612,54
22.57,100623,54
22.64,100615,54
22.64,100620,54
22.67,100614,54
22.69,100612,54
22.74,100614,54
22.72,100617,54
22.67,100609,54
22.64,100615,54
22.62,100617,54
22.59,100612,54
22.58,100613,54
22.62,100618,54
22.64,100610,54
22.61,100618,54
22.58,100610,54
22.63,100619,54
22.58,100614,54
22.51,100610,54
22.71,100621,54
22.75,100614,54
22.77,100614,54
22.85,100620,54
22.86,100615,53
22.7,100613,54
22.71,100618,54
22.67,100614,54
22.73,100613,54
22.7,100614,54
22.79,100612,54
22.85,100609,53
22.85,100617,54
22.87,100618,54
22.9,100620,54
22.9,100614,54
22.88,100616,54
22.85,100616,53
22.85,100623,53
22.84,100618,53
22.89,100617,53
22.94,100616,53
23.28,100614,53
23.32,100612,53
23.3,100614,53
23.45,100617,52
23.58,100614,52
23.67,100615,52
23.72,100613,52
23.82,100616,52
23.85,100618,51
23.81,100620,51
23.77,100618,51
23.68,100609,51
23.64,100613,51
23.61,100618,51
23.68,100623,51
23.76,100619,51
23.84,100613,51
23.84,100605,51
23.91,100611,51
23.92,100607,51
23.9,100615,51
24.03,100611,51
24.06,100613,51
24.05,100615,51
24.08,100611,50
24.05,100612,50
24.03,100602,50
24.07,100610,50
24.1,100617,50
24.07,100615,50
24.03,100614,50
24.1,100614,50
24.2,100614,50
24.51,100602,50
24.55,100604,50
24.58,100612,50
24.59,100614,50
24.7,100616,49
24.71,100609,49
24.69,100607,49
24.7,100607,49
24.65,100613,49
24.65,100618,49
24.69,100614,49
24.68,100609,49
39.51,100557,23
39.6,100549,23
39.59,100550,23
39.51,100548,23
39.48,100544,23
39.54,100545,23
39.47,100551,23
39.44,100552,23
39.41,100553,23
39.29,100539,23
39.25,100555,23
39.29,100545,23
39.38,100553,23
39.43,100549,23
39.4,100544,23
39.53,100544,23
39.6,100555,23
39.59,100548,23
39.61,100551,23
39.53,100549,23
39.45,100542,23
39.35,100543,23
39.37,100546,23
39.3,100535,23
39.29,100539,23
39.32,100550,23
39.22,100547,23
39.2,100547,23
39.13,100551,23
38.98,100547,23
38.85,100551,23
38.94,100543,23
38.93,100547,23
38.75,100549,23
38.74,100550,23
38.78,100552,23
38.73,100555,23
38.73,100548,23
38.72,100541,23
38.65,100546,23
38.71,100549,23
38.65,100546,23
38.62,100553,23
38.61,100551,23
38.59,100554,23
38.45,100554,23
38.31,100540,23
38.19,100551,23
38.23,100546,24
38.27,100553,24
38.2,100552,24
38.08,100546,24
38.07,100547,24
38.1,100550,24
38.14,100547,24
38.17,100545,24
38.25,100547,24
38.42,100547,24
38.43,100548,24
38.34,100545,24
38.31,100547,24
38.52,100553,24
38.52,100553,24
38.56,100543,24
38.54,100551,24
38.46,100547,24
38.6,100544,24
38.76,100547,24
38.69,100542,24
38.64,100542,24
38.54,100557,24
38.5,100547,23
38.68,100541,23
38.51,100549,24
38.3,100546,24
38.4,100546,23
38.57,100544,23
38.65,100546,23
38.59,100548,23
38.53,100549,23
38.55,100544,23
38.58,100550,23
38.55,100547,24
38.52,100548,24
38.42,100549,24
38.33,100543,24
38.32,100549,24
38.32,100544,24
38.31,100548,24
38.17,100542,24
38.08,100549,24
38.05,100538,24
37.99,100557,24
37.87,100555,24
37.91,100549,24
37.86,100552,24
37.87,100551,24
37.99,100552,24
37.96,100550,24
37.95,100550,24
37.78,100551,24
37.7,100560,24
37.7,100557,24
37.72,100544,24
37.75,100548,24
37.55,100547,24
37.82,100546,24
37.86,100552,24
37.82,100546,24
37.94,100546,24
37.92,100548,25
37.96,100547,24
37.93,100548,24
37.83,100550,24
37.84,100550,24
37.78,100551,24
37.77,100549,24
37.82,100546,24
37.6,100543,24
37.49,100549,24
37.49,100544,25
37.47,100546,25
37.42,100546,25
37.4,100546,25
37.37,100546,25
37.36,100545,25
37.27,100547,25
37.36,100550,25
37.54,100546,25
37.55,100548,25
37.53,100550,25
37.47,100546,25
37.42,100548,25
37.48,100548,25
37.45,100542,25
37.47,100552,25
37.43,100544,25
37.59,100545,25
37.54,100549,25
37.56,100544,25
37.61,100545,25
37.67,100550,25
37.79,100542,25
37.78,100551,25
37.85,100551,25
37.99,100540,25
37.99,100547,25
37.96,100547,25
38.05,100544,25
38.13,100541,25
38.16,100543,25
38.29,100539,24
38.21,100540,24
38.22,100539,24
38.12,100542,24
38.2,100552,24
38.26,100543,24
38.17,100545,24
38.19,100544,24
38.34,100542,24
38.28,100542,24
38.32,100544,24
38.3,100546,24
38.26,100542,24
38.31,100553,24
38.35,100540,24
38.46,100549,24
38.58,100540,24
38.67,100539,24
38.73,100549,24
38.77,100549,24
38.82,100541,24
38.75,100540,23
38.81,100534,23
38.76,100543,23
38.69,100545,23
38.42,100543,23
38.58,100540,23
38.72,100536,23
38.58,100540,23
38.5,100544,23
38.42,100544,23
38.37,100541,23
38.35,100540,23
38.31,100542,24
38.39,100539,24
38.39,100538,24
38.37,100552,24
38.28,100537,24
38.35,100540,24
38.31,100542,24
38.24,100541,24
38.27,100541,24
38.27,100541,24
38.26,100540,24
38.23,100543,24
38.27,100547,24
38.31,100542,24
38.15,100544,24
38.24,100542,24
38.31,100539,24
38.2,100544,24
38.11,100543,24
38.17,100542,24
38.17,100542,24
38.14,100542,24
38.07,100548,24
38.13,100541,24
38.2,100540,24
38.11,100537,24
38.21,100546,24
38.22,100538,24
38.17,100544,24
38.07,100536,24
38.02,100542,24
38,100545,24
38,100540,24
38,100539,24
38.03,100543,24
38.11,100535,24
38.17,100542,24
38.17,100545,24
38.12,100533,24
38.11,100537,24
38.28,100540,24
38.3,100541,24
38.3,100541,24
38.38,100540,23
38.49,100542,23
38.48,100535,23
38.46,100544,23
38.54,100539,24
38.57,100539,24
38.52,100540,23
38.67,100544,23
38.67,100545,23
38.6,100538,23
38.71,100533,23
38.66,100545,23
38.6,100544,23
38.58,100538,23
38.59,100542,23
38.49,100534,23
38.41,100547,23
38.5,100538,23
38.53,100536,23
38.42,100543,23
38.31,100542,23
38.32,100544,23
38.44,100540,23
38.35,100543,23
38.32,100547,23
38.34,100545,23
38.35,100540,23
38.32,100538,23
38.32,100538,23
38.4,100545,23
38.43,100545,23
38.41,100538,23
38.38,100540,23
38.4,100542,23
38.49,100542,23
38.52,100536,23
38.56,100538,23
38.49,100542,23
38.46,100544,23
38.44,100544,23
38.5,100544,23
38.57,100539,23
38.5,100535,23
38.49,100537,23
38.64,100539,23
38.72,100535,23
38.68,100540,23
38.69,100537,23
38.59,100536,23
38.58,100543,23
38.62,100533,23
38.7,100541,23
38.72,100538,23
38.72,100535,23
38.69,100542,23
38.71,100539,23
38.7,100538,23
38.87,100537,23
38.76,100537,23
38.78,100539,23
38.91,100536,23
38.82,100540,23
38.83,100536,23
38.77,100543,23
38.7,100538,23
38.82,100540,23
38.75,100534,23
38.81,100539,23
38.78,100539,23
38.75,100534,23
38.82,100538,23
38.87,100537,23
38.93,100541,23
38.8,100537,23
38.5,100544,23
38.7,100535,23
38.91,100533,23
38.83,100536,23
38.92,100534,22
38.82,100536,23
38.84,100541,23
38.87,100526,23
38.79,100533,23
38.75,100537,23
38.91,100539,23
38.87,100537,23
38.91,100538,23
38.94,100538,23
38.95,100536,23
38.97,100540,23
38.94,100538,23
39.09,100539,22
39.14,100542,22
39.25,100538,23
39.24,100538,23
39.34,100536,23
39.46,100534,23
39.51,100540,22
39.53,100538,22
39.63,100540,23
39.74,100538,23
39.77,100543,22
39.83,100536,23
39.96,100541,22
39.95,100538,22
40.11,100537,22
40.16,100540,22
40.28,100535,22
40.36,100540,22
40.19,100538,22
40.19,100541,22
40.42,100539,22
40.54,100540,22
40.61,100545,22
40.7,100543,22
40.8,100536,22
40.8,100542,22
40.73,100539,21
40.71,100544,21
40.83,100541,21
41.01,100543,21
40.96,100540,21
41.05,100546,21
41.07,100544,21
41,100541,21
40.97,100532,21
40.75,100539,21
40.74,100538,21
40.66,100547,21
40.71,100544,21
40.62,100544,21
40.71,100544,21
40.67,100538,21
40.65,100529,21
40.53,100543,21
40.31,100536,21
40.26,100539,21
40.15,100535,21
39.98,100529,22
39.92,100534,22
39.7,100537,22
39.71,100542,22
39.72,100541,22
39.59,100536,22
39.53,100538,22
39.45,100538,22
39.24,100531,22
39.15,100532,22
39.14,100542,22
39.13,100535,22
39.23,100535,22
39.19,100534,22
39.06,100540,22
38.9,100531,22
38.97,100537,22
38.99,100540,22
39.04,100536,22
39.03,100541,22
39.05,100542,22
38.86,100537,22
38.96,100529,22
39,100536,23
38.97,100537,23
38.97,100534,23
38.86,100536,23
38.78,100537,23
38.84,100533,23
38.95,100539,23
38.94,100538,23
38.87,100535,23
38.85,100538,23
38.79,100528,23
38.71,100537,23
38.72,100538,23
38.64,100536,23
38.6,100536,23
38.46,100545,23
38.48,100539,23
38.41,100531,23
38.46,100541,23
38.46,100539,23
38.38,100543,23
38.29,100545,23
38.32,100540,23
38.35,100543,23
38.29,100539,23
38.4,100539,23
38.45,100543,23
38.34,100538,23
38.33,100534,23
38.31,100537,23
38.38,100531,23
38.44,100540,23
38.52,100537,23
38.58,100530,23
38.57,100536,23
38.65,100535,23
38.74,100536,23
38.95,100539,23
39.03,100538,23
39.17,100530,23
39.14,100540,23
39.18,100541,23
39.28,100532,23
39.38,100536,23
39.43,100539,23
39.45,100536,22
39.48,100539,23
39.6,100541,23
39.75,100535,23
39.83,100536,23
39.69,100541,22
39.73,100542,22
39.88,100538,22
39.66,100539,22
39.61,100531,22
39.52,100531,22
39.58,100537,22
39.49,100537,22
39.57,100539,22
39.51,100534,22
39.52,100536,22
39.58,100534,22
39.58,100529,22
39.55,100541,22
39.55,100530,22
39.52,100536,22
39.47,100536,22
39.49,100531,22
39.47,100539,22
39.47,100539,22
39.53,100538,22
39.4,100533,22
39.42,100537,22
39.56,100537,23
39.42,100531,22
39.49,100532,23
39.6,100532,22
39.75,100534,22
39.73,100537,22
39.8,100534,22
39.91,100532,22
39.88,100533,22
40.02,100533,22
39.92,100533,22
40.09,100534,22
40.18,100542,22
40.18,100538,22
40.35,100536,22
40.43,100544,22
40.47,100536,22
40.49,100539,22
40.52,100531,22
40.48,100535,22
40.49,100528,22
40.46,100529,22
40.57,100533,22
40.66,100539,22
40.65,100543,22
40.64,100544,22
40.61,100540,22
40.52,100536,22
40.54,100534,22
40.56,100537,22
40.49,100536,22
40.46,100537,22
40.4,100538,22
40.4,100544,22
40.31,100536,21
40.3,100533,22
40.15,100538,22
40.06,100535,22
40,100535,22
39.88,100533,22
39.72,100529,22
39.59,100530,22
39.61,100534,22
39.6,100535,22
39.76,100530,22
39.7,100538,22
39.65,100535,22
39.74,100536,22
39.7,100533,22
39.71,100539,22
39.64,100534,22
39.64,100540,22
39.55,100530,22
39.56,100525,22
39.56,100537,22
39.52,100530,22
39.48,100535,22
39.39,100531,22
39.28,100532,22
39.25,100532,23
39.27,100530,22
39.38,100530,22
39.45,100536,22
39.36,100534,22
39.5,100533,22
39.58,100529,22
39.47,100530,22
39.55,100532,22
39.51,100529,22
39.44,100532,22
39.47,100534,22
39.58,100535,22
39.52,100530,22
39.57,100533,22
39.46,100532,22
39.48,100535,22
39.6,100532,22
39.62,100535,22
39.5,100535,22
39.41,100532,22
39.4,100528,22
39.43,100532,22
39.24,100541,22
39.08,100538,22
39.15,100536,23
39.15,100533,23
39.06,100535,23
38.92,100534,23
39.03,100530,23
39.13,100534,23
38.95,100533,23
39.04,100532,23
39.12,100528,23
39.15,100527,23
39.12,100539,23
39.08,100532,23
39.15,100533,23
39.15,100538,23
38.97,100531,23
38.96,100524,23
39,100535,23
38.98,100539,23
38.99,100534,23
39.12,100534,23
39,100531,23
38.99,100535,23
39.11,100538,23
39.09,100529,23
39.1,100536,23
39.27,100530,23
39.35,100526,23
39.33,100534,23
39.29,100530,23
39.33,100528,23
39.34,100530,23
39.29,100531,23
39.22,100527,22
39.16,100534,22
39.25,100527,22
39.3,100531,23
39.3,100526,23
39.18,100529,22
39.08,100520,22
39.17,100536,23
39.11,100531,23
39.13,100535,23
39.07,100528,23
39.17,100536,23
39.11,100534,23
39.07,100531,23
39.04,100534,23
39.2,100530,23
39.11,100532,23
39.19,100527,23
39.21,100531,23
39.28,100529,23
39.22,100530,22
39.13,100530,23
39.33,100531,23
39.13,100538,23
39.02,100534,23
39.02,100534,23
39.08,100533,23
39.1,100530,23
39.03,100535,23
39.06,100535,23
38.99,100529,23
39.09,100531,23
39.04,100532,23
38.92,100534,23
38.93,100530,23
38.78,100534,23
38.77,100532,23
38.8,100532,23
38.8,100531,23
38.81,100527,23
38.91,100539,23
38.82,100527,23
38.9,100537,23
38.97,100537,23
38.96,100532,23
38.96,100535,23
38.94,100525,23
39.03,100538,23
38.97,100526,23
39.05,100528,23
38.97,100531,23
38.96,100530,23
39.07,100537,23
39.12,100530,23
38.96,100532,23
38.94,100534,23
38.92,100534,23
38.99,100528,23
39.06,100535,23
39.08,100533,23
39.04,100532,23
39,100531,23
39.11,100532,23
39.07,100531,23
39.03,100530,23
39.09,100529,23
39.01,100527,23
38.98,100533,23
39.08,100533,23
39.09,100540,23
39.21,100534,23
39.21,100525,23
39.07,100534,23
39.14,100531,23
39.16,100537,23
39.25,100534,23
39.15,100521,23
39.07,100533,23
39.08,100533,23
39,100536,23
38.9,100531,23
39.11,100538,23
39.14,100534,23
39.29,100522,23
39.41,100533,23
39.4,100527,23
39.34,100530,23
39.42,100528,23
39.35,100535,23
39.38,100530,23
39.49,100532,23
39.46,100532,23
39.56,100535,23
39.53,100532,23
39.43,100532,22
39.41,100530,23
39.31,100525,23
39.33,100534,23
39.36,100525,23
39.24,100536,23
39.38,100530,23
39.46,100527,23
39.41,100533,23
39.54,100531,23
39.63,100529,23
39.7,100538,23
39.64,100533,22
39.74,100539,22
39.85,100534,22
39.91,100535,22
39.86,100530,22
39.88,100532,22
39.89,100535,22
39.94,100532,22
39.95,100530,22
39.91,100527,22
39.99,100528,22
40.05,100536,22
40.15,100533,22
40.23,100540,22
40.22,100533,22
40.18,100537,22
40.02,100537,22
39.74,100536,22
39.74,100533,22
39.7,100532,22
39.77,100538,22
39.81,100539,22
39.86,100529,22
39.93,100530,22
39.87,100531,22
39.77,100533,22
39.52,100528,22
39.43,100532,22
39.18,100532,22
39.2,100530,22
39.04,100537,22
39.21,100531,22
39.23,100535,22
39.2,100533,22
39.08,100535,22
39.03,100536,22
38.88,100528,22
38.85,100528,22
38.84,100521,23
38.81,100527,23
38.71,100531,23
38.7,100532,23
38.64,100534,23
38.66,100525,23
38.68,100534,23
38.66,100531,23
38.68,100534,23
38.66,100531,23
38.74,100527,23
38.8,100531,23
38.7,100526,23
38.72,100535,23
38.8,100531,23
38.75,100529,23
38.73,100531,23
38.61,100531,23
38.57,100528,23
38.41,100531,23
38.24,100531,23
38.17,100530,23
38.04,100531,23
38.27,100530,23
38.22,100524,23
38.32,100533,23
38.32,100527,23
38.37,100530,23
38.5,100528,23
38.54,100534,23
38.69,100530,23
38.69,100531,23
38.72,100524,23
38.74,100530,23
38.81,100527,23
39,100525,23
39.02,100531,23
39.1,100530,23
39.21,100531,23
39.35,100526,23
39.28,100526,22
39.26,100528,22
39.28,100528,22
39.35,100532,22
39.48,100529,22
39.62,100530,22
39.73,100528,22
39.83,100531,22
39.95,100531,22
40.03,100527,22
40.03,100535,22
40.09,100528,22
40.26,100537,22
40.31,100529,22
40.45,100532,21
40.62,100535,21
40.65,100534,21
40.65,100529,21
40.81,100527,21
40.9,100524,21
41.05,100531,21
41.04,100531,21
41.14,100533,21
41.1,100529,21
41,100535,21
41,100533,21
41.11,100539,21
41.07,100527,21
40.92,100528,21
40.88,100533,21
40.83,100524,21
40.83,100527,21
40.81,100527,21
40.94,100536,21
40.92,100528,21
40.82,100530,21
40.72,100523,21
40.67,100524,21
40.59,100527,21
40.65,100535,21
40.55,100535,21
40.44,100529,21
40.48,100529,21
40.39,100531,21
40.47,100524,21
40.34,100531,21
40.25,100529,21
40.3,100530,21
40.43,100529,21
40.51,100529,21
40.4,100528,21
40.38,100529,21
40.38,100533,21
40.53,100529,22
40.46,100537,21
40.37,100530,21
40.41,100532,22
40.43,100532,21
40.45,100529,21
40.48,100532,21
40.6,100532,21
40.62,100529,21
40.65,100534,21
40.76,100527,21
40.77,100526,21
40.86,100528,21
40.76,100527,21
40.86,100531,21
40.93,100529,21
40.82,100525,21
40.84,100532,21
40.73,100528,21
40.63,100522,21
40.78,100527,21
40.87,100524,21
40.82,100523,21
40.69,100535,21
40.59,100533,21
40.82,100523,21
40.75,100528,21
40.45,100532,21
40.24,100525,21
40.45,100524,21
40.59,100530,21
40.78,100527,21
40.69,100530,21
40.61,100530,21
40.54,100527,21
40.52,100539,21
40.4,100531,21
40.43,100526,21
40.61,100528,21
40.55,100535,21
40.55,100527,21
40.62,100524,21
40.74,100534,21
40.73,100518,21
40.54,100533,21
40.59,100524,21
40.59,100533,21
40.59,100531,21
40.45,100529,21
40.4,100531,21
40.51,100528,21
40.38,100535,21
40.5,100526,21
40.42,100525,21
40.37,100534,21
40.15,100521,21
40.15,100529,21
40.21,100527,21
40.28,100530,21
40.37,100534,21
40.29,100529,21
40.15,100526,21
40.21,100525,21
40.13,100529,21
40.26,100533,21
40.41,100531,21
40.07,100531,21
40.09,100533,21
40.06,100529,21
40.19,100528,21
40.13,100524,21
40.04,100526,21
40.08,100526,21
40.02,100528,21
40.1,100530,21
40.2,100529,21
40.2,100527,21
40.16,100528,21
40.03,100530,21
40.06,100523,22
40.08,100524,22
40.05,100527,21
40.12,100528,21
40.19,100534,21
40.34,100528,21
40.24,100525,21
40.07,100527,21
40.09,100530,21
40.11,100536,21
40.12,100528,21
40.18,100529,21
40.14,100525,21
40.34,100531,21
40.32,100532,21
40.32,100525,21
40.33,100532,21
40.37,100528,21
40.45,100535,21
40.42,100525,21
40.44,100532,21
40.49,100528,21
40.49,100528,21
40.46,100528,21
40.41,100524,21
40.36,100529,21
40.25,100526,21
40.04,100528,21
40,100530,21
40.07,100530,21
39.95,100522,21
39.75,100532,21
39.83,100528,21
39.92,100534,21
39.84,100527,21
39.7,100526,22
39.64,100527,22
39.61,100526,22
39.7,100526,22
39.63,100521,22
39.46,100529,22
39.45,100530,22
39.38,100530,22
39.39,100526,22
39.46,100529,22
39.5,100531,22
39.52,100525,22
39.43,100527,22
39.43,100532,22
39.49,100525,22
39.48,100529,22
39.69,100536,22
39.78,100534,22
39.89,100523,22
39.76,100531,22
39.77,100532,22
39.69,100527,22
39.7,100532,22
39.77,100543,22
39.78,100531,22
39.83,100525,22
39.91,100532,22
39.89,100523,22
40,100528,22
40.02,100527,22
39.99,100528,22
39.92,100528,22
39.93,100526,22
39.85,100525,22
39.82,100523,22
39.73,100525,22
39.69,100527,22
39.59,100533,22
39.61,100534,22
39.53,100526,22
39.56,100526,22
39.48,100524,22
39.48,100522,22
39.59,100526,22
39.61,100525,22
39.48,100530,22
39.47,100526,22
39.41,100530,22
39.33,100529,22
39.34,100524,22
39.3,100529,22
39.33,100529,22
39.3,100526,22
39.26,100528,22
39.22,100527,22
39.3,100520,22
39.34,100525,22
39.53,100526,22
39.4,100530,22
39.33,100529,22
39.34,100519,22
39.39,100528,22
39.38,100530,22
39.41,100530,22
39.61,100528,22
39.68,100529,22
39.77,100523,22
39.82,100529,22
39.84,100532,22
39.88,100525,22
39.9,100522,22
40.09,100528,22
40.07,100530,22
40.06,100528,22
40.13,100532,22
40.02,100528,22
39.99,100522,22
40.09,100528,22
40.25,100524,22
40.2,100529,21
40.18,100526,21
40.2,100524,21
40.15,100533,21
40.25,100524,21
40.37,100528,21
40.4,100533,21
40.26,100528,21
40.31,100520,21
40.42,100531,21
40.49,100525,21
40.62,100529,21
40.69,100524,21
40.71,100525,21
40.73,100528,21
40.66,100525,21
40.72,100529,21
40.83,100524,21
40.88,100527,21
40.82,100525,21
40.82,100527,21
40.84,100520,21
40.86,100524,21
40.81,100523,21
40.86,100526,21
40.94,100525,21
41.01,100537,21
41.03,100526,21
41.09,100532,21
41.12,100532,21
41.32,100530,21
41.43,100525,20
41.37,100532,20
41.45,100524,20
41.42,100527,20
41.43,100520,20
41.4,100527,20
41.43,100520,20
41.41,100522,20
41.43,100528,20
41.49,100532,20
41.4,100518,20
41.3,100527,20
41.36,100526,20
41.41,100522,20
41.4,100524,20
41.29,100531,20
41.35,100530,20
41.13,100528,20
41.2,100525,20
40.89,100529,20
40.98,100526,20
40.83,100530,20
40.71,100527,20
40.72,100529,21
40.86,100529,20
40.88,100530,21
40.78,100527,21
40.8,100530,21
40.75,100527,21
40.78,100527,21
40.75,100528,21
40.64,100522,21
40.66,100536,21
40.73,100525,21
40.81,100532,21
40.82,100525,21
40.8,100534,21
40.74,100526,21
40.75,100525,21
40.84,100526,21
40.64,100522,21
40.71,100528,21
40.75,100528,21
40.7,100520,21
40.79,100529,21
40.85,100522,21
40.88,100527,21
41.01,100531,21
41.05,100531,21
41.21,100538,21
41.26,100528,21
41.05,100529,20
41.07,100536,21
40.88,100521,21
40.71,100527,21
40.73,100522,21
40.77,100520,21
40.69,100519,21
40.52,100524,21
40.54,100516,21
40.64,100533,21
40.62,100535,21
40.7,100523,21
40.74,100521,21
40.7,100521,21
40.77,100525,21
40.71,100527,21
40.83,100529,21
40.99,100525,21
41.07,100530,21
41.12,100524,21
41.04,100534,21
40.72,100526,21
40.66,100525,21
40.68,100522,21
40.77,100531,21
40.74,100526,21
40.85,100522,21
40.88,100523,21
40.94,100531,21
40.89,100529,21
40.76,100524,21
40.73,100519,21
40.62,100529,21
40.67,100532,21
40.66,100528,21
40.65,100526,21
40.63,100520,21
40.64,100533,21
40.65,100520,21
40.7,100525,21
40.64,100521,21
40.59,100528,21
40.46,100529,21
40.53,100531,21
40.53,100532,21
40.55,100529,21
40.54,100527,21
40.49,100528,21
40.33,100527,21
40.3,100527,21
39.97,100525,21
39.9,100530,21
40.04,100526,21
40.11,100523,21
40.04,100528,21
39.92,100528,21
39.79,100527,21
39.88,100524,21
39.89,100529,21
39.89,100523,21
39.88,100533,21
39.85,100528,21
39.84,100523,21
39.86,100523,22
39.99,100523,22
39.95,100525,22
39.87,100526,22
39.81,100525,22
39.93,100524,22
39.94,100520,22
39.89,100523,22
39.87,100525,22
39.93,100524,22
39.97,100525,22
39.88,100522,22
39.86,100529,22
39.95,100521,22
39.94,100526,22
39.86,100530,22
39.85,100517,21
39.66,100525,21
39.63,100526,21
39.77,100533,22
39.79,100532,21
39.66,100525,21
39.48,100524,21
39.6,100521,22
39.65,100521,21
39.57,100522,21
39.62,100525,21
39.52,100533,21
39.58,100523,22
39.43,100527,22
39.29,100522,22
39.3,100524,22
39.36,100522,22
39.23,100523,22
39.3,100529,22
39.27,100524,22
39.29,100516,22
39.23,100529,22
39.26,100523,22
39.31,100525,22
39.26,100528,22
39.12,100527,22
39.12,100518,22
39.2,100530,22
39.2,100523,22
39.23,100523,22
39.37,100526,22
39.34,100525,22
39.39,100526,22
39.34,100525,22
39.41,100529,22
39.46,100526,22
39.46,100523,22
39.28,100525,22
39.03,100524,22
39.02,100534,22
39.05,100532,22
39.11,100529,22
39.27,100524,22
39.18,100521,22
39.13,100524,22
39.12,100531,22
39.06,100523,22
39.16,100529,22
39.19,100528,22
39.17,100525,22
39.28,100523,22
39.38,100525,22
39.49,100525,22
39.55,100527,22
39.5,100533,22
39.45,100530,22
39.49,100526,22
39.42,100525,22
39.22,100522,22
39.3,100524,22
39.09,100533,22
38.95,100525,22
39.13,100521,22
39.06,100524,22
39,100530,22
39.02,100528,22
38.88,100528,22
38.8,100529,22
38.73,100525,22
38.73,100525,22
38.83,100522,22
38.85,100528,22
38.96,100529,22
38.9,100532,22
39.02,100531,22
38.97,100526,22
39.08,100527,22
39.2,100523,22
39.29,100531,22
39.44,100534,22
39.68,100531,22
39.7,100532,22
39.72,100524,22
39.73,100528,22
39.84,100526,22
39.73,100528,22
39.68,100529,22
39.78,100522,22
39.65,100529,22
39.83,100528,22
40,100528,22
40.11,100525,21
40.2,100535,21
40.1,100529,21
40.11,100529,21
40.14,100531,21
40.28,100530,21
40.24,100527,21
40.25,100521,21
40.19,100533,21
40.23,100529,21
40.33,100529,21
40.21,100531,21
40.12,100527,21
40.14,100525,21
40.26,100531,21
40.23,100532,21
40.26,100534,21
40.29,100526,21
40.26,100534,21
40.13,100534,21
40.07,100525,21
39.98,100532,21
39.84,100532,21
39.81,100522,21
39.68,100521,21
39.76,100523,21
39.75,100529,21
39.77,100526,21
39.62,100530,22
39.62,100527,22
39.58,100526,22
39.68,100528,22
39.6,100521,22
39.67,100527,21
39.59,100522,21
39.6,100522,21
39.69,100524,21
39.67,100521,21
39.59,100530,21
39.56,100531,22
39.63,100523,22
39.59,100525,22
39.59,100528,22
39.64,100525,22
39.65,100523,22
39.63,100523,22
39.75,100529,22
39.74,100521,22
39.75,100523,22
39.8,100526,22
39.87,100531,22
39.92,100526,22
39.97,100525,21
39.85,100523,21
39.91,100527,21
39.84,100527,21
39.87,100526,22
39.87,100526,22
39.98,100530,22
40.01,100529,21
40.06,100526,21
39.98,100521,21
39.86,100521,21
39.89,100526,21
39.96,100527,21
39.92,100528,21
39.83,100525,21
39.84,100526,21
39.81,100522,22
39.69,100524,22
39.7,100529,22
39.61,100525,22
39.73,100525,22
39.71,100528,22
39.62,100525,22
39.49,100520,22
39.43,100521,22
39.38,100524,22
39.24,100519,22
39.29,100522,22
39.25,100520,22
39.21,100522,22
39.2,100524,22
39.24,100525,22
39.19,100519,22
39.02,100523,22
39.04,100531,22
39.05,100527,22
38.99,100523,22
38.89,100524,22
38.65,100524,22
38.61,100520,22
38.57,100524,22
38.45,100526,22
38.51,100526,22
38.44,100521,23
38.37,100518,23
38.51,100526,23
38.59,100522,23
38.53,100523,23
38.61,100528,23
38.64,100522,23
38.7,100520,23
38.69,100524,23
38.62,100531,23
38.66,100531,23
38.69,100524,23
38.7,100518,23
38.76,100522,23
38.73,100523,23
38.54,100523,23
38.54,100525,23
38.51,100531,23
38.44,100533,23
38.49,100520,23
38.36,100534,23
38.52,100525,23
38.57,100525,23
38.56,100526,23
38.44,100524,23
38.42,100523,23
38.47,100528,23
38.44,100524,23
38.35,100526,23
38.3,100524,23
38.31,100525,23
38.38,100530,23
38.43,100523,23
38.38,100531,23
38.39,100530,23
38.42,100521,23
38.43,100522,23
38.48,100529,23
38.35,100520,23
38.37,100530,23
38.39,100522,23
38.48,100522,23
38.56,100529,23
38.62,100524,23
38.63,100520,23
38.68,100520,23
38.78,100518,23
38.81,100522,23
38.75,100529,23
38.65,100523,23
38.49,100522,23
38.48,100524,23
38.41,100524,23
38.5,100524,23
38.51,100523,23
38.58,100523,23
38.58,100523,23
38.71,100528,23
38.77,100526,23
38.75,100527,23
38.73,100526,23
38.8,100526,23
38.83,100522,23
38.79,100524,23
38.76,100522,23
38.68,100520,23
38.6,100530,23
38.75,100518,23
38.9,100525,23
38.82,100523,23
38.85,100528,22
38.98,100522,23
39.17,100522,22
39.18,100526,22
39.18,100526,22
39.22,100522,22
39.19,100525,22
39.17,100525,22
39.25,100521,22
39.18,100520,22
39.18,100521,22
39.08,100527,22
39.12,100522,22
38.95,100522,22
38.96,100524,22
38.95,100519,22
38.89,100524,22
38.77,100521,23
38.78,100517,23
38.73,100525,23
38.76,100523,23
38.63,100526,23
38.72,100519,23
38.87,100520,23
38.78,100525,23
38.76,100513,23
38.84,100524,23
38.94,100526,23
38.75,100523,23
38.7,100526,23
38.89,100521,23
38.75,100523,23
38.63,100520,23
38.55,100524,23
38.56,100523,23
38.6,100521,23
38.52,100517,23
38.56,100514,23
38.59,100519,23
38.46,100524,23
38.46,100521,23
38.39,100524,23
38.22,100529,23
38.4,100518,23
38.43,100514,23
38.38,100525,23
38.4,100520,23
38.41,100524,23
38.46,100521,23
38.32,100526,23
38.32,100527,23
38.49,100525,23
38.64,100522,23
38.64,100527,23
38.68,100523,23
38.87,100526,23
38.92,100526,23
38.78,100520,23
38.72,100525,23
38.57,100516,23
38.64,100525,23
38.53,100523,23
38.49,100534,23
38.53,100526,23
38.64,100527,23
38.63,100520,23
38.78,100525,23
38.73,100525,23
38.68,100524,23
38.67,100525,23
38.72,100529,23
38.67,100532,23
38.73,100523,23
38.76,100522,23
38.79,100521,23
38.64,100519,23
38.5,100521,23
38.61,100523,23
38.64,100523,23
38.94,100526,23
38.97,100523,23
39.11,100531,23
39.18,100526,23
39.14,100520,23
39.1,100527,23
39.04,100526,23
38.95,100521,23
39.07,100514,23
39.09,100517,23
39.04,100525,23
38.98,100524,23
38.82,100524,23
38.83,100528,23
38.76,100520,23
38.7,100520,23
38.68,100523,23
38.53,100529,23
38.54,100528,23
38.67,100521,23
38.46,100521,23
38.45,100529,23
38.46,100519,23
38.38,100522,23
38.31,100525,23
38.27,100524,23
38.35,100521,23
38.26,100528,23
38.25,100526,23
38.12,100525,23
38.19,100528,23
38.14,100525,23
38.13,100523,23
38.04,100523,23
38.05,100522,23
38.09,100514,23
38.08,100527,23
38.11,100525,23
38.07,100527,23
38.16,100523,23
38.1,100524,23
37.98,100522,24
38.03,100523,24
37.94,100526,23
37.77,100527,24
37.93,100524,24
37.89,100524,24
37.8,100525,24
37.82,100526,24
37.9,100525,24
37.82,100529,24
37.83,100519,24
37.85,100528,24
37.85,100522,24
37.68,100522,24
37.76,100519,24
37.79,100527,24
37.86,100522,24
37.8,100525,24
37.81,100527,24
37.77,100526,24
37.77,100530,24
37.84,100527,24
37.92,100526,24
37.97,100521,24
37.97,100521,24
37.91,100521,24
37.98,100527,24
37.88,100522,24
37.93,100525,24
38,100526,24
37.92,100523,24
37.87,100520,24
37.88,100522,24
37.94,100526,24
37.89,100536,24
37.84,100532,24
37.89,100519,24
37.97,100523,24
37.96,100525,24
37.91,100527,24
37.88,100531,24
38.02,100520,24
37.94,100526,24
38.05,100522,24
38.06,100518,24
38.08,100521,24
38.27,100519,24
38.3,100526,23
38.23,100529,23
38.26,100525,23
38.31,100524,23
38.45,100526,23
38.32,100521,23
38.27,100524,23
38.23,100526,23
38.2,100524,23
38.11,100520,23
38.12,100516,23
38.06,100523,23
38.08,100517,23
37.55,100508,24
37.14,100511,24
37,100514,24
36.75,100511,25
36.48,100518,25
36.26,100515,25
35.99,100513,26
35.66,100518,26
35.4,100514,26
35.1,100507,26
34.88,100507,27
34.7,100518,27
34.4,100513,27
34.09,100510,28
33.87,100517,28
33.7,100514,28
33.56,100510,29
33.4,100523,29
33.23,100520,29
33.07,100514,29
32.95,100514,30
32.74,100517,30
32.56,100516,30
32.43,100517,30
32.25,100512,31
32.09,100514,31
31.96,100518,31
31.83,100515,31
31.68,100519,32
31.59,100518,32
31.5,100517,32
31.34,100508,32
31.19,100512,33
31.08,100510,33
30.96,100517,33
30.85,100516,33
30.71,100515,34
30.6,100514,34
30.44,100507,34
30.3,100521,34
30.21,100517,34
30.12,100518,34
30.04,100521,35
29.93,100514,35
29.82,100520,35
29.75,100510,35
29.68,100510,35
29.59,100520,36
29.51,100523,36
29.41,100519,36
29.28,100517,36
29.18,100520,36
29.12,100515,36
29.04,100518,36
28.94,100521,37
28.86,100516,37
28.79,100524,37
28.71,100525,37
28.62,100529,37
28.55,100522,38
28.45,100522,38
28.38,100521,38
28.3,100512,38
28.27,100522,38
28.16,100523,39
28.07,100520,39
27.95,100524,39
27.87,100520,39
27.8,100516,39
27.74,100508,39
27.68,100521,39
27.59,100521,39
27.52,100522,40
27.46,100519,40
27.4,100520,40
27.33,100522,40
27.26,100521,40
27.18,100516,41
27.14,100521,41
27.08,100519,41
27,100525,41
26.92,100517,41
26.87,100518,41
26.83,100519,42
26.78,100527,42
26.73,100520,42
26.68,100519,42
26.65,100518,42
26.61,100517,42
26.61,100521,42
26.57,100521,42
26.54,100522,42
26.5,100521,43
26.46,100525,43
26.45,100525,43
26.42,100524,43
26.41,100518,43
26.4,100525,43
26.36,100518,43
26.34,100519,43
26.32,100524,43
26.3,100519,43
26.27,100521,43
26.22,100524,43
26.19,100521,43
26.16,100520,44
26.15,100517,44
26.09,100522,44
26.07,100526,44
26.03,100519,44
25.97,100526,44
25.93,100526,44
25.9,100525,44
25.86,100513,44
25.83,100519,44
25.8,100521,44
25.78,100523,44
25.74,100528,44
25.73,100520,44
25.7,100520,45
25.67,100516,45
25.66,100525,45
25.64,100521,45
25.62,100523,45
25.6,100524,45
25.57,100521,45
25.57,100526,45
25.54,100521,45
25.5,100521,45
25.48,100520,45
25.46,100517,45
25.46,100522,45
25.41,100522,45
25.38,100528,45
25.35,100512,46
25.33,100525,46
25.3,100518,46
25.29,100522,46
25.25,100523,46
25.24,100524,46
25.22,100527,46
25.22,100532,46
25.21,100523,46
25.21,100525,47
25.2,100532,47
25.2,100523,47
25.18,100525,47
25.18,100528,47
25.18,100528,47
25.16,100528,47
25.14,100530,46
25.14,100532,46
25.12,100519,46
25.12,100524,46
25.12,100527,47
25.11,100522,47
25.09,100519,47
25.08,100525,47
25.08,100522,47
25.05,100526,47
25.05,100520,47
25.03,100525,47
25.03,100525,47
25.03,100525,47
25.01,100522,47
24.99,100525,47
24.97,100524,47
24.95,100531,47
24.93,100530,47
24.93,100530,47
24.92,100537,47
24.88,100529,47
24.87,100522,47
24.86,100537,47
24.85,100530,47
24.84,100522,47
24.83,100526,47
24.83,100528,47
24.82,100525,47
24.8,100530,47
24.79,100528,47
24.79,100524,47
24.74,100528,47
24.74,100525,47
24.74,100530,47
24.72,100529,47
24.72,100530,47
24.7,100529,47
24.69,100528,47
24.7,100526,47
24.67,100527,47
24.65,100524,47
24.65,100529,48
24.64,100524,48
24.63,100531,48
24.62,100530,48
24.61,100524,48
24.6,100528,48
24.59,100525,48
24.58,100534,48
24.58,100525,48
24.58,100529,48
24.57,100527,48
24.57,100532,48
24.56,100522,48
24.56,100533,48
24.54,100527,48
24.54,100532,48
24.52,100524,48
24.54,100533,48
24.51,100528,48
24.51,100525,48
24.52,100524,48
24.51,100528,48
24.5,100534,48
24.52,100529,48
24.51,100533,48
24.52,100530,48
24.52,100535,48
24.51,100528,48
24.51,100525,48
24.51,100522,48
24.51,100528,48
24.5,100529,48
24.5,100521,48
24.52,100531,48
24.51,100528,48
24.51,100522,48
24.5,100526,48
24.48,100525,48
24.45,100529,48
24.44,100527,48
24.43,100525,48
24.42,100532,48
24.41,100530,48
24.41,100530,48
24.41,100522,48
24.41,100528,48
24.42,100524,48
24.41,100528,48
24.41,100534,48
24.42,100529,49
24.41,100522,49
24.42,100524,49
24.41,100525,49
24.43,100525,49
24.43,100531,49
24.44,100533,49
24.43,100525,49
24.41,100528,49
24.41,100530,49
24.4,100531,49
24.39,100525,49
24.39,100530,49
24.4,100534,49
24.39,100531,49
24.39,100524,49
24.4,100531,49
24.39,100525,49
24.4,100526,49
24.41,100522,49
24.4,100526,49
24.4,100531,49
24.4,100524,49
24.41,100528,49
24.41,100522,49
24.39,100525,49
24.38,100528,49
24.37,100530,49
24.37,100527,49
24.37,100529,49
24.37,100527,49
24.37,100529,49
24.36,100525,49
24.37,100529,49
24.36,100534,49
24.35,100524,49
24.34,100527,49
24.34,100533,49
24.34,100525,49
24.35,100529,49
24.34,100527,49
24.34,100532,49
24.34,100530,49
24.32,100524,49
24.32,100529,49
24.32,100532,49
24.32,100524,49
24.3,100528,49
24.29,100527,49
24.28,100522,49
24.3,100526,49
24.3,100526,49
24.28,100526,49
24.29,100530,49
24.3,100526,49
24.29,100530,49
24.27,100532,49
24.26,100531,49
24.27,100526,49
24.23,100531,49
24.2,100525,49
24.18,100523,49
24.18,100528,49
24.18,100525,49
24.15,100523,49
24.14,100521,49
24.13,100525,49
24.12,100526,49
24.12,100534,49
24.12,100529,50
24.11,100527,50
24.08,100531,50
24.08,100527,50
24.07,100531,50
24.06,100527,50
24.05,100528,50
24.06,100524,50
24.05,100528,50
24.05,100533,50
24.05,100523,50
24.06,100530,50
24.05,100526,50
24.05,100526,50
24.06,100530,50
24.06,100527,50
24.07,100527,50
24.07,100524,50
24.07,100527,50
24.07,100526,50
24.07,100526,50
24.08,100522,50
24.08,100523,50
24.09,100529,50
24.1,100525,50
24.13,100530,50
24.1,100525,50
24.1,100531,50
24.1,100525,50
24.11,100532,50
24.1,100528,50
24.09,100530,50
24.09,100526,50
24.09,100526,50
24.07,100529,50
24.08,100528,50
24.08,100527,50
24.08,100530,50
24.09,100529,50
24.07,100524,50
24.07,100521,50
24.08,100527,50
24.08,100533,50
24.07,100523,50
24.07,100529,50
24.07,100532,50
24.06,100524,50
24.05,100531,50
24.06,100527,50
24.04,100521,50
24.04,100523,50
24.05,100525,50
24.05,100526,50
24.05,100526,50
24.06,100527,50
24.05,100528,50
24.06,100524,50
24.05,100520,50
24.05,100528,50
24.04,100526,50
24.02,100528,50
24,100529,50
23.99,100525,50
23.99,100530,50
23.99,100533,50
23.98,100522,50
23.97,100524,50
23.95,100524,50
23.94,100528,50
23.95,100527,50
23.95,100524,50
23.94,100525,50
23.92,100516,50
23.91,100531,50
23.92,100530,50
23.93,100532,50
23.91,100531,50
23.93,100532,50
23.94,100521,50
23.92,100524,50
23.92,100529,50
23.92,100530,50
23.92,100530,50
23.93,100523,50
23.92,100524,50
23.93,100531,50
23.93,100534,50
23.93,100523,50
23.94,100536,50
23.95,100524,50
23.94,100528,51
23.95,100521,51
23.96,100534,51
23.97,100529,51
23.97,100526,51
23.96,100528,50
23.95,100524,50
23.96,100527,50
23.95,100524,50
23.97,100522,50
23.97,100535,50
23.98,100525,50
23.97,100530,50
23.98,100526,50
23.98,100529,51
23.99,100521,50
24,100527,50
24,100521,51
24.03,100531,51
24.04,100526,51
24.05,100517,50
24.04,100527,50
24.05,100528,50
24.05,100520,50
24.04,100523,50
24.06,100527,50
24.05,100534,50
24.05,100525,50
24.07,100526,50
24.07,100529,50
24.09,100524,50
24.09,100524,50
24.1,100532,50
24.1,100525,50
24.11,100525,50
24.12,100520,50
24.11,100527,50
24.13,100530,50
24.12,100524,50
24.13,100522,50
24.13,100525,50
24.14,100526,50
24.14,100521,50
24.15,100523,50
24.15,100523,50
24.14,100522,50
24.17,100524,50
24.16,100527,50
24.17,100523,50
24.16,100521,50
24.17,100526,50
24.17,100520,50
24.17,100520,50
24.17,100521,50
24.17,100527,50
24.18,100525,50
24.18,100517,50
24.18,100530,50
24.18,100522,50
24.18,100522,50
24.17,100520,50
24.19,100524,50
24.18,100525,50
24.19,100529,50
24.18,100528,50
24.19,100527,50
24.19,100529,50
24.19,100524,50
24.19,100524,50
24.21,100516,50
24.2,100521,50
24.21,100522,50
24.21,100522,50
24.22,100521,50
24.21,100522,50
24.22,100530,50
24.22,100524,50
24.22,100523,50
24.22,100529,50
24.21,100527,50
24.23,100528,50
24.23,100522,50
24.23,100526,50
24.23,100526,50
24.24,100524,50
24.22,100518,50
24.23,100531,50
24.22,100526,50
24.22,100526,50
24.22,100530,50
24.23,100525,50
24.22,100524,50
24.22,100523,50
24.21,100528,50
24.23,100525,50
24.23,100531,50
24.22,100529,50
24.22,100526,49
24.21,100522,50
24.22,100526,50
24.22,100523,50
24.21,100528,50
24.22,100523,50
24.23,100522,50
24.21,100528,50
24.23,100528,50
24.21,100528,50
24.22,100521,50
24.22,100529,50
24.23,100525,50
24.22,100523,50
24.21,100522,50
24.21,100527,50
24.2,100521,50
24.2,100528,50
24.18,100528,50
24.16,100524,50
24.16,100519,50
24.16,100525,50
24.14,100521,50
24.13,100525,50
24.13,100526,50
24.11,100528,50
24.1,100525,50
24.09,100521,50
24.08,100527,50
24.09,100524,50
24.07,100526,50
24.06,100525,50
24.03,100525,50
24.04,100521,50
24.03,100525,50
24.03,100525,50
24.02,100528,50
24.02,100534,50
24,100518,50
24,100524,50
24,100527,50
24,100526,50
24.01,100530,50
24,100532,50
24,100532,50
24.02,100528,50
23.99,100525,50
23.98,100529,50
23.97,100527,50
23.97,100522,50
23.97,100526,50
23.95,100527,50
23.95,100532,50
23.94,100533,50
23.92,100530,50
23.89,100525,50
23.86,100531,50
23.85,100528,50
23.84,100525,50
23.82,100530,50
23.81,100533,50
23.8,100526,50
23.78,100534,50
23.79,100536,50
23.8,100532,51
23.79,100529,51
23.8,100528,51
23.79,100530,51
23.79,100525,51
23.78,100526,51
23.76,100519,51
23.78,100528,51
23.78,100526,51
23.78,100528,51
23.79,100529,51
23.8,100525,51
23.8,100529,51
23.82,100526,51
23.82,100524,51
23.83,100526,51
23.83,100526,51
23.82,100524,51
23.85,100520,51
23.86,100527,51
23.86,100531,51
23.86,100525,51
23.86,100531,50
23.85,100529,50
23.85,100535,51
23.85,100529,51
23.84,100527,51
23.83,100529,51
23.83,100526,51
23.82,100530,51
23.8,100526,51
23.81,100528,51
23.8,100521,51
23.81,100522,51
23.82,100523,51
23.82,100524,51
23.82,100524,51
23.82,100524,51
23.83,100528,51
23.83,100526,51
23.83,100526,51
23.84,100527,51
23.83,100529,51
23.83,100525,51
23.82,100524,51
23.83,100523,51
23.83,100526,51
23.83,100529,51
23.82,100527,51
23.83,100531,51
23.82,100524,51
23.84,100529,51
23.83,100531,51
23.83,100526,51
23.83,100526,51
23.83,100523,51
23.84,100525,51
23.84,100522,51
23.84,100527,51
23.83,100528,51
23.82,100530,51
23.83,100520,51
23.83,100519,51
23.81,100522,51
23.8,100526,51
23.82,100523,51
23.81,100525,51
23.81,100527,51
23.81,100528,51
23.8,100532,51
23.79,100525,51
23.77,100527,51
23.77,100527,51
23.79,100530,51
23.75,100529,51
23.75,100520,51
23.74,100524,51
23.75,100529,51
23.75,100531,51
23.77,100529,51
23.77,100520,51
23.75,100521,51
23.75,100526,51
23.73,100537,51
23.74,100533,51
23.74,100529,51
23.74,100533,51
23.74,100533,51
23.74,100524,51
23.74,100527,51
23.72,100524,51
23.7,100529,51
23.71,100528,51
23.71,100528,51
23.71,100525,51
23.72,100529,51
23.7,100526,51
23.68,100534,51
23.67,100526,51
23.66,100530,51
23.66,100525,51
23.65,100529,51
23.66,100530,51
23.66,100530,51
23.66,100524,51
23.65,100523,51
23.66,100530,51
23.66,100530,51
23.66,100524,51
23.66,100525,51
23.66,100528,51
23.67,100531,51
23.66,100530,51
23.67,100528,51
23.66,100530,51
23.66,100528,51
23.66,100528,51
23.66,100535,51
23.67,100534,51
23.67,100526,51
23.67,100535,51
23.67,100529,51
23.67,100526,51
23.68,100534,51
23.69,100527,51
23.71,100532,51
23.71,100527,51
23.72,100529,51
23.72,100527,51
23.74,100526,51
23.76,100527,51
23.76,100531,51
23.76,100525,51
23.77,100526,51
23.77,100532,51
23.81,100530,51
23.78,100523,51
23.78,100526,51
23.79,100536,51
23.79,100527,51
23.79,100525,51
23.79,100525,51
23.77,100537,51
23.75,100529,51
23.77,100531,51
23.77,100527,51
23.76,100525,51
23.77,100527,51
23.76,100531,51
23.79,100530,51
23.8,100529,51
23.8,100525,51
23.8,100529,51
23.81,100530,51
23.83,100534,51
23.83,100531,51
23.84,100535,51
23.85,100529,51
23.85,100540,51
23.86,100525,51
23.87,100533,51
23.88,100534,51
23.89,100529,51
23.9,100526,51
23.91,100517,51
23.92,100535,51
23.92,100518,51
23.94,100530,51
23.94,100524,51
23.92,100523,51
23.94,100524,51
23.93,100532,51
23.92,100530,51
23.94,100528,51
23.94,100533,51
23.95,100526,51
23.95,100521,51
23.97,100526,51
23.96,100522,51
23.97,100527,51
23.97,100522,51
23.98,100526,51
23.99,100521,51
23.98,100523,51
23.97,100527,51
23.96,100537,51
23.97,100530,51
23.95,100524,51
23.97,100524,51
23.96,100525,51
23.96,100525,51
23.98,100522,51
23.95,100521,51
23.95,100524,51
23.93,100532,51
23.96,100525,51
23.96,100537,51
23.97,100527,51
23.97,100527,51
23.97,100521,51
23.98,100522,51
24,100526,51
23.99,100522,51
23.99,100517,51
24.01,100522,51
24.02,100526,51
24.01,100528,51
24.04,100521,51
24.02,100526,51
24.04,100532,51
24.02,100535,51
24.04,100532,51
24.02,100517,51
24.02,100523,50
24.02,100524,50
24.03,100528,50
24.03,100527,50
24.04,100532,50
24.03,100525,50
24.04,100523,50
24.03,100525,50
24.04,100526,50
24.06,100524,50
24.04,100527,50
24.04,100529,50
24.04,100532,50
24.04,100526,50
24.04,100527,50
24.05,100525,50
24.06,100525,50
24.07,100526,50
24.04,100527,50
24.05,100531,50
24.05,100531,50
24.06,100530,50
24.04,100521,50
24.03,100530,50
24.03,100520,50
24.03,100525,50
24.04,100529,50
24.02,100523,50
24.03,100525,50
24.02,100526,50
24.02,100526,50
24.04,100523,50
24.02,100517,50
24.04,100521,50
24.03,100525,50
24.01,100525,50
23.99,100525,50
23.98,100532,50
23.97,100527,50
23.98,100526,50
23.98,100529,50
23.98,100532,50
24,100526,50
24,100527,50
23.99,100530,50
24,100526,50
23.99,100519,51
23.98,100518,51
24,100526,51
24.01,100519,51
24.01,100522,51
24,100523,51
23.99,100530,51
23.99,100519,51
23.98,100523,51
23.98,100521,51
23.99,100524,51
24,100527,51
24,100527,51
24.02,100528,51
24,100520,51
24,100521,51
24,100526,51
24.01,100516,51
24,100527,51
24.04,100526,51
24,100529,51
24,100524,51
24.02,100528,51
24.03,100527,51
24.03,100519,51
24.02,100529,51
24.02,100523,51
24.02,100528,51
24.05,100528,51
24.04,100526,51
24.06,100524,51
24.07,100531,51
24.07,100532,51
24.09,100524,51
24.09,100529,51
24.1,100525,51
24.12,100523,51
24.12,100529,51
24.11,100530,51
24.13,100525,51
24.13,100522,51
24.12,100521,51
24.12,100523,51
24.12,100529,51
24.12,100529,51
24.12,100523,51
24.13,100528,51
24.13,100528,51
24.13,100526,51
24.12,100529,51
24.11,100528,51
24.08,100523,51
24.06,100530,50
24.03,100530,50
24.02,100528,50
24,100527,50
24,100526,51
24,100521,51
23.99,100528,51
24,100527,51
23.98,100526,51
23.99,100524,51
24.01,100530,51
23.98,100529,51
23.98,100532,51
23.96,100533,51
23.95,100524,51
23.95,100526,51
23.94,100528,51
23.92,100533,51
23.93,100532,51
23.94,100536,51
23.94,100532,51
23.93,100528,51
23.94,100528,51
23.92,100527,51
23.91,100534,51
23.91,100536,51
23.91,100533,51
23.91,100530,51
23.9,100526,51
23.89,100528,51
23.88,100529,51
23.86,100536,51
23.83,100531,51
23.82,100532,51
23.82,100529,51
23.82,100530,51
23.83,100536,51
23.83,100530,51
23.83,100528,51
23.81,100522,51
23.82,100532,51
23.81,100531,51
23.81,100527,51
23.76,100528,51
23.76,100524,51
23.77,100531,51
23.76,100525,51
23.76,100531,51
23.75,100518,51
23.76,100525,51
23.76,100525,51
23.76,100528,51
23.77,100521,51
23.79,100536,51
23.78,100520,51
23.77,100526,51
23.78,100531,51
23.76,100531,51
23.76,100531,51
23.74,100527,51
23.74,100527,51
23.73,100531,51
23.73,100525,51
23.7,100528,51
23.68,100537,51
23.67,100535,51
23.66,100530,51
23.65,100529,51
23.66,100524,51
23.63,100531,51
23.64,100533,51
23.64,100529,51
23.63,100523,51
23.61,100527,51
23.59,100529,51
23.59,100521,51
23.56,100527,51
23.54,100525,51
23.55,100523,52
23.54,100527,52
23.53,100523,52
23.51,100528,52
23.51,100527,52
23.5,100528,52
23.48,100528,52
23.48,100525,52
23.47,100526,52
23.44,100533,52
23.45,100529,52
23.48,100528,52
23.48,100522,52
23.48,100533,52
23.47,100529,52
23.49,100529,52
23.5,100520,52
23.5,100534,52
23.5,100526,52
23.49,100532,52
23.5,100523,52
23.5,100521,52
23.49,100530,52
23.5,100528,52
23.51,100524,52
23.52,100530,52
23.5,100520,52
23.51,100527,52
23.52,100526,52
23.51,100524,52
23.51,100528,52
23.52,100529,52
23.53,100525,52
23.53,100536,52
23.54,100524,52
23.54,100527,52
23.54,100527,52
23.54,100527,52
23.55,100528,52
23.55,100523,52
23.56,100530,52
23.57,100535,52
23.56,100530,52
23.57,100537,52
23.57,100529,52
23.59,100527,52
23.59,100530,52
23.58,100528,52
23.58,100533,52
23.57,100526,52
23.59,100534,52
23.6,100531,52
23.6,100526,52
23.6,100534,52
23.61,100533,52
23.63,100530,52
23.62,100529,52
23.64,100533,52
23.65,100534,52
23.63,100531,52
23.64,100526,52
23.65,100531,52
23.64,100526,52
23.66,100528,52
23.67,100532,52
23.67,100526,52
23.69,100530,52
23.7,100522,52
23.69,100524,52
23.7,100532,52
23.7,100528,52
23.69,100535,52
23.69,100524,52
23.71,100533,52
23.71,100528,52
23.71,100525,52
23.72,100538,52
23.72,100529,52
23.73,100526,52
23.73,100526,52
23.72,100526,52
23.73,100526,52
23.74,100527,52
23.74,100533,52
23.74,100532,52
23.72,100527,52
23.72,100527,52
23.73,100520,52
23.73,100527,51
23.73,100528,51
23.74,100530,51
23.73,100525,52
23.74,100533,52
23.74,100527,51
23.74,100527,51
23.75,100529,51
23.74,100533,51
23.73,100531,51
23.74,100533,51
23.74,100526,51
23.74,100530,51
23.74,100535,51
23.76,100531,51
23.76,100531,51
23.77,100527,51
23.79,100525,51
23.79,100532,51
23.8,100531,51
23.82,100534,51
23.82,100527,51
23.83,100537,51
23.82,100524,51
23.82,100530,51
23.83,100526,51
23.84,100527,51
23.83,100531,51
23.84,100530,51
23.84,100533,51
23.86,100520,51
23.85,100529,51
23.87,100521,51
23.88,100528,51
23.89,100524,51
23.87,100527,51
23.87,100533,51
23.87,100524,51
23.87,100521,51
23.86,100524,51
23.85,100529,51
23.86,100528,51
23.85,100529,51
23.86,100527,51
23.84,100522,51
23.82,100529,51
23.82,100530,51
23.81,100522,51
23.81,100531,51
23.81,100528,51
23.81,100533,51
23.81,100522,51
23.81,100524,51
23.81,100528,51
23.81,100525,51
23.81,100528,51
23.83,100525,51
23.82,100527,51
23.83,100526,51
23.84,100524,51
23.85,100526,51
23.85,100529,51
23.86,100525,51
23.87,100529,51
23.86,100527,51
23.87,100526,51
23.87,100532,51
23.87,100529,51
23.87,100530,51
23.85,100529,51
23.85,100524,51
23.85,100523,51
23.86,100525,51
23.86,100528,51
23.88,100526,51
23.88,100529,51
23.89,100530,51
23.91,100533,51
23.9,100526,51
23.91,100528,51
23.91,100528,51
23.91,100528,51
23.91,100528,51
23.93,100526,51
23.93,100529,51
23.94,100532,51
23.93,100536,51
23.93,100525,51
23.94,100527,51
23.94,100524,51
23.93,100526,51
23.95,100535,51
23.94,100521,51
23.94,100530,51
23.95,100524,51
23.95,100518,51
23.93,100520,51
23.94,100530,51
23.93,100525,51
23.9,100526,50
23.9,100529,50
23.87,100524,50
23.84,100527,50
23.83,100526,50
23.81,100528,51
23.79,100522,51
23.8,100523,51
23.79,100525,51
23.79,100526,51
23.77,100530,51
23.75,100523,51
23.73,100525,51
23.75,100525,51
23.73,100531,51
23.72,100523,51
23.71,100522,51
23.7,100523,51
23.7,100529,51
23.7,100529,51
23.7,100525,51
23.69,100524,51
23.68,100530,51
23.68,100517,51
23.66,100522,51
23.67,100531,51
23.67,100531,51
23.65,100523,52
23.67,100526,52
23.67,100529,52
23.68,100531,52
23.68,100528,52
23.68,100528,52
23.69,100530,52
23.68,100528,52
23.69,100523,52
23.7,100526,52
23.7,100525,52
23.69,100524,52
23.71,100527,52
23.72,100529,52
23.71,100522,52
23.73,100526,52
23.74,100527,52
23.74,100522,52
23.75,100529,52
23.75,100529,51
23.77,100532,52
23.79,100525,52
23.77,100518,52
23.76,100519,52
23.77,100524,52
23.77,100527,52
23.77,100527,52
23.78,100523,52
23.77,100524,52
23.77,100523,52
23.79,100525,52
23.8,100531,52
23.8,100525,52
23.79,100518,52
23.79,100530,52
23.79,100522,51
23.8,100532,52
23.8,100529,52
23.8,100521,51
23.81,100527,51
23.83,100529,51
23.83,100525,51
23.83,100523,51
23.84,100527,51
23.84,100522,52
23.84,100527,52
23.83,100520,52
23.84,100527,52
23.84,100527,52
23.82,100530,51
23.84,100530,51
23.84,100519,51
23.86,100528,51
23.85,100524,52
23.87,100527,52
23.88,100525,52
23.89,100525,52
23.9,100526,52
23.92,100522,52
23.94,100521,52
23.96,100525,52
23.96,100537,52
23.96,100525,52
23.97,100527,52
23.99,100531,52
24,100526,51
24,100521,51
24,100524,51
24,100521,51
24.02,100526,51
24.03,100522,51
24.04,100521,51
24.05,100522,51
24.05,100526,51
24.04,100518,51
24.05,100517,51
24.06,100518,51
24.07,100521,51
24.07,100520,51
24.07,100524,51
24.08,100525,51
24.07,100527,51
24.08,100516,51
24.08,100522,51
24.09,100518,51
24.06,100524,51
24.04,100515,51
24.04,100526,51
24.02,100523,51
24.03,100519,51
24.03,100525,51
24.02,100520,51
24.03,100522,51
24.03,100525,51
24.04,100526,51
24.04,100516,51
24.04,100526,51
24.03,100519,51
24.04,100523,51
24.02,100526,51
24.03,100528,51
24.04,100518,51
24.04,100516,51
24.05,100517,51
24.05,100517,51
24.06,100530,51
24.05,100518,51
24.07,100523,51
24.06,100524,51
24.07,100517,51
24.08,100525,51
24.08,100519,51
24.08,100522,51
24.07,100524,51
24.06,100525,51
24.07,100524,51
24.07,100524,51
24.08,100523,51
24.1,100525,51
24.08,100514,51
24.07,100521,51
24.07,100523,50
24.08,100525,50
24.06,100513,50
24.05,100511,50
24.04,100518,50
24.02,100521,50
24,100521,50
23.99,100521,50
23.99,100522,50
24,100526,50
24,100524,51
24,100526,51
23.99,100522,51
24.02,100526,51
24.02,100517,51
24,100516,51
23.99,100519,51
23.98,100523,51
23.98,100521,51
23.99,100525,51
24,100521,51
24.01,100522,51
24,100526,51
24,100521,51
24.02,100524,51
24.02,100518,51
24.01,100522,51
24.02,100523,51
24.02,100524,51
24.04,100526,51
24.03,100519,51
24.02,100524,51
23.99,100519,51
24,100521,51
24,100521,51
24.01,100522,51
24,100527,51
24,100516,51
24.01,100516,51
24.02,100517,51
24.02,100524,51
24.03,100522,51
24.03,100523,51
24.04,100521,51
24.04,100521,51
24.04,100524,51
24.04,100521,51
24.03,100525,51
24.04,100518,51
24.04,100516,51
24.02,100518,51
24.02,100517,51
24.01,100522,50
24.02,100520,50
24.02,100524,51
24.02,100517,51
24.02,100524,51
24.01,100522,51
24.01,100528,51
24.03,100522,51
24.02,100523,51
24,100521,51
24.02,100526,51
24.02,100513,51
24.02,100523,51
24,100521,51
24.01,100528,51
24.02,100518,51
24.02,100520,51
24.04,100521,51
24.03,100523,51
24.05,100522,51
24.05,100528,51
24.05,100523,51
24.05,100518,51
24.05,100517,51
24.06,100530,51
24.06,100524,51
24.06,100524,51
24.04,100515,51
24.04,100521,51
24.06,100524,51
24.06,100525,51
24.05,100511,51
24.05,100520,51
24.04,100521,51
24.05,100523,51
24.06,100518,51
24.06,100518,51
24.07,100529,51
24.07,100515,51
24.08,100516,51
24.08,100522,51
24.08,100514,51
24.09,100519,51
24.09,100524,51
24.09,100524,51
24.1,100525,51
24.1,100520,51
24.09,100524,51
24.09,100530,51
24.1,100522,51
24.12,100523,51
24.13,100526,51
24.14,100521,51
24.14,100521,51
24.16,100524,51
24.17,100520,51
24.17,100527,51
24.18,100522,51
24.19,100522,51
24.21,100527,51
24.21,100522,51
24.22,100518,51
24.22,100529,51
24.22,100518,51
24.23,100525,51
24.22,100529,50
24.21,100527,50
24.2,100524,50
24.2,100525,50
24.21,100524,50
24.22,100532,50
24.2,100528,50
24.18,100533,50
24.13,100528,50
24.12,100534,50
24.11,100525,50
24.1,100520,50
24.1,100525,50
24.1,100525,50
24.1,100522,50
24.11,100519,50
24.13,100525,50
24.13,100525,50
24.13,100523,50
24.14,100521,50
24.16,100527,50
24.16,100530,50
24.17,100526,50
24.17,100529,50
24.16,100525,50
24.17,100520,50
24.17,100527,50
24.19,100529,50
24.18,100528,50
24.18,100526,50
24.19,100529,50
24.17,100527,50
24.19,100529,50
24.17,100529,50
24.16,100524,50
24.17,100526,50
24.16,100531,50
24.17,100526,50
24.16,100524,50
24.16,100525,50
24.15,100525,50
24.16,100530,50
24.16,100525,50
24.18,100522,50
24.17,100529,50
24.18,100533,50
24.18,100528,50
24.19,100525,50
24.2,100523,50
24.21,100527,50
24.2,100526,50
24.2,100531,50
24.18,100526,50
24.18,100530,50
24.16,100525,50
24.14,100527,50
24.15,100528,50
24.14,100526,50
24.15,100529,50
24.15,100517,50
24.16,100533,50
24.15,100523,50
24.16,100525,50
24.16,100522,50
24.17,100527,50
24.16,100521,50
24.18,100523,50
24.17,100526,50
24.17,100523,50
24.18,100525,50
24.17,100527,50
24.16,100520,50
24.17,100526,50
24.18,100522,50
24.15,100529,50
24.12,100523,50
24.13,100526,50
24.13,100519,50
24.09,100515,50
24.09,100529,50
24.09,100526,50
24.1,100520,50
24.09,100524,50
24.09,100518,50
24.08,100522,50
24.07,100521,50
24.07,100526,50
24.05,100520,50
24.06,100530,50
24.06,100524,50
24.06,100525,50
24.05,100518,50
24.05,100523,50
24.03,100525,50
24.03,100525,51
24.04,100521,51
24.04,100521,51
24.03,100522,51
24.03,100525,50
24.02,100528,50
24.02,100523,51
24,100524,51
23.99,100531,51
24.02,100526,51
23.98,100529,50
23.97,100526,50
23.96,100528,50
23.94,100530,51
23.94,100522,51
23.91,100527,50
23.9,100526,50
23.87,100527,51
23.87,100530,51
23.87,100526,51
23.87,100527,51
23.88,100529,51
23.88,100523,51
23.89,100525,51
23.89,100525,51
23.89,100527,51
23.9,100531,51
23.91,100534,51
23.9,100526,51
23.91,100534,51
23.92,100524,51
23.93,100520,51
23.92,100526,51
23.92,100521,51
23.9,100526,51
23.89,100530,51
23.89,100525,51
23.87,100521,51
23.87,100533,51
23.88,100528,51
23.87,100527,51
23.86,100531,51
23.86,100527,51
23.84,100527,51
23.84,100527,51
23.85,100529,51
23.83,100531,51
23.81,100533,51
23.82,100530,51
23.82,100523,51
23.8,100521,51
23.82,100523,51
23.83,100531,51
23.83,100528,51
23.83,100531,51
23.82,100530,51
23.82,100530,51
23.82,100523,51
23.81,100533,51
23.8,100526,51
23.79,100525,51
23.77,100530,51
23.77,100526,51
23.75,100526,51
23.75,100534,51
23.74,100533,51
23.74,100522,51
23.73,100528,51
23.73,100531,51
23.73,100530,51
23.73,100527,51
23.72,100524,51
23.72,100521,51
23.72,100529,51
23.74,100527,51
23.74,100521,51
23.73,100526,51
23.74,100532,51
23.74,100527,51
23.73,100526,51
23.74,100524,51
23.74,100524,51
23.74,100530,51
23.73,100526,51
23.73,100526,51
23.74,100529,51
23.73,100531,51
23.74,100526,51
23.73,100528,51
23.72,100529,51
23.72,100529,51
23.73,100526,51
23.74,100527,51
23.75,100525,51
23.74,100533,51
23.75,100528,51
23.74,100530,51
23.74,100527,51
23.74,100527,51
23.73,100531,51
23.73,100531,51
23.71,100528,51
23.7,100526,51
23.71,100528,51
23.7,100537,51
23.69,100530,51
23.69,100530,51
23.7,100536,51
23.69,100535,51
23.69,100535,51
23.69,100535,51
23.68,100530,51
23.68,100531,51
23.69,100530,51
23.69,100527,51
23.7,100531,51
23.69,100527,51
23.7,100529,51
23.72,100526,51
23.69,100530,51
23.7,100529,51
23.68,100525,51
23.68,100530,51
23.66,100530,51
23.66,100528,51
23.66,100532,51
23.65,100529,51
23.65,100529,51
23.63,100528,51
23.64,100530,51
23.64,100524,51
23.64,100529,51
23.62,100529,51
23.62,100529,51
23.63,100531,51
23.66,100527,52
23.66,100533,52
23.67,100532,52
23.7,100531,52
23.7,100532,52
23.72,100529,52
23.72,100524,52
23.73,100528,52
23.73,100528,52
23.73,100534,51
23.73,100534,51
23.74,100532,51
23.75,100534,51
23.74,100533,51
23.75,100528,51
23.74,100527,51
23.76,100530,51
23.74,100533,51
23.75,100529,51
23.75,100534,51
23.75,100534,51
23.74,100530,51
23.73,100528,51
23.72,100529,51
23.72,100529,51
23.74,100535,51
23.74,100530,51
23.73,100534,51
23.75,100532,51
23.75,100532,51
23.75,100529,51
23.76,100531,51
23.76,100528,51
23.78,100528,51
23.78,100528,51
23.77,100532,51
23.79,100530,51
23.8,100532,51
23.81,100533,51
23.81,100531,51
23.82,100532,51
23.81,100533,51
23.83,100526,51
23.83,100534,51
23.83,100530,51
23.83,100531,51
23.84,100539,51
23.83,100537,51
23.84,100530,51
23.86,100536,51
23.86,100536,51
23.84,100533,51
23.85,100534,51
23.85,100529,51
23.84,100527,51
23.83,100531,51
23.82,100530,51
23.82,100535,51
23.84,100536,51
23.84,100529,51
23.84,100533,51
23.85,100532,51
23.86,100528,51
23.88,100533,51
23.88,100534,51
23.89,100533,51
23.86,100536,51
23.87,100533,51
23.86,100531,51
23.86,100534,51
23.84,100533,51
23.85,100524,51
23.83,100533,51
23.79,100535,51
23.73,100536,51
23.71,100533,51
23.7,100537,51
23.7,100532,51
23.7,100528,51
23.7,100532,51
23.7,100525,51
23.7,100536,51
23.7,100531,51
23.71,100533,51
23.71,100538,51
23.73,100536,52
23.74,100533,52
23.75,100531,51
23.76,100536,51
23.75,100534,51
23.75,100539,51
23.74,100536,51
23.73,100526,51
23.73,100537,51
23.73,100542,51
23.71,100533,52
23.72,100529,52
23.72,100529,52
23.73,100537,51
23.74,100532,51
23.71,100536,51
23.7,100534,51
23.71,100536,51
23.72,100529,51
23.71,100530,51
23.71,100533,52
23.71,100528,52
23.72,100534,52
23.73,100530,52
23.73,100534,51
23.71,100530,52
23.72,100523,52
23.72,100534,52
23.72,100532,52
23.71,100539,51
23.71,100533,51
23.72,100535,52
23.73,100533,52
23.7,100531,52
23.71,100525,52
23.73,100537,52
23.74,100533,52
23.75,100529,52
23.76,100538,52
23.74,100536,52
23.74,100526,52
23.73,100528,52
23.73,100528,52
23.74,100530,52
23.74,100530,52
23.75,100534,52
23.76,100539,52
23.74,100535,52
23.72,100540,52
23.74,100533,52
23.75,100529,52
23.75,100534,52
23.76,100533,52
23.75,100528,52
23.75,100534,52
23.76,100527,52
23.76,100531,52
23.76,100536,52
23.77,100530,52
23.79,100535,52
23.79,100541,52
23.8,100532,52
23.82,100535,52
23.82,100532,52
23.83,100531,52
23.83,100536,51
23.83,100529,51
23.83,100537,51
23.83,100531,51
23.83,100537,51
23.84,100539,51
23.84,100536,51
23.84,100533,51
23.84,100536,51
23.84,100533,51
23.83,100534,51
23.83,100531,51
23.84,100536,51
23.83,100536,51
23.82,100538,51
23.81,100533,51
23.8,100525,51
23.77,100527,51
23.75,100529,51
23.74,100530,51
23.72,100529,51
23.71,100530,51
23.68,100531,51
23.67,100534,51
23.65,100534,51
23.65,100531,51
23.64,100533,52
23.64,100524,52
23.64,100533,52
23.64,100527,52
23.63,100531,52
23.63,100531,52
23.63,100531,51
23.62,100529,51
23.62,100529,51
23.61,100532,51
23.61,100533,51
23.59,100535,51
23.61,100533,51
23.6,100530,51
23.6,100531,51
23.6,100531,51
23.6,100526,51
23.59,100530,51
23.57,100526,51
23.57,100537,51
23.56,100532,51
23.53,100531,51
23.53,100531,51
23.52,100532,51
23.5,100529,51
23.51,100533,51
23.49,100536,51
23.47,100532,52
23.46,100531,52
23.46,100533,52
23.45,100528,52
23.44,100536,52
23.42,100535,52
23.41,100527,52
23.41,100538,52
23.42,100534,52
23.4,100536,52
23.39,100533,52
23.4,100539,52
23.39,100532,52
23.38,100533,52
23.38,100538,52
23.38,100530,52
23.39,100535,52
23.4,100536,52
23.38,100534,52
23.37,100535,52
23.37,100542,52
23.37,100542,52
23.37,100532,52
23.37,100538,52
23.38,100538,52
23.38,100534,52
23.39,100537,52
23.4,100536,52
23.4,100531,52
23.41,100533,52
23.43,100533,52
23.42,100538,52
23.43,100533,52
23.43,100536,52
23.44,100532,52
23.45,100534,52
23.45,100537,52
23.45,100528,52
23.46,100530,52
23.45,100523,52
23.46,100527,52
23.45,100534,52
23.46,100530,52
23.48,100539,52
23.47,100532,52
23.48,100536,52
23.48,100536,52
23.49,100529,52
23.49,100535,52
23.49,100535,52
23.5,100537,52
23.5,100539,52
23.5,100537,52
23.51,100527,52
23.51,100533,52
23.53,100536,52
23.54,100536,52
23.56,100529,52
23.56,100536,52
23.56,100536,52
23.57,100529,52
23.58,100538,52
23.58,100527,51
23.57,100535,51
23.58,100528,51
23.59,100538,51
23.59,100535,51
23.61,100540,51
23.6,100531,52
23.62,100531,52
23.62,100532,52
23.63,100534,52
23.62,100535,52
23.62,100535,52
23.63,100533,52
23.63,100536,52
23.64,100538,52
23.65,100537,52
23.65,100534,51
23.66,100535,51
23.65,100537,51
23.64,100533,52
23.62,100540,52
23.62,100535,52
23.62,100539,51
23.58,100536,51
23.58,100533,51
23.59,100537,51
23.57,100535,51
23.58,100538,51
23.59,100534,52
23.59,100535,52
23.6,100540,52
23.61,100533,52
23.61,100533,52
23.62,100537,52
23.63,100536,52
23.63,100531,52
23.64,100538,52
23.65,100533,52
23.65,100540,52
23.64,100533,52
23.65,100534,52
23.63,100531,52
23.65,100540,52
23.66,100533,52
23.65,100534,52
23.63,100542,52
23.64,100538,52
23.64,100533,52
23.66,100532,52
23.65,100537,52
23.66,100536,52
23.68,100533,52
23.68,100537,52
23.69,100540,52
23.7,100532,52
23.71,100539,52
23.72,100535,52
23.72,100538,52
23.72,100546,51
23.73,100534,51
23.74,100533,51
23.73,100537,52
23.73,100537,52
23.72,100529,52
23.72,100532,52
23.71,100533,52
23.71,100528,52
23.7,100532,52
23.65,100534,51
23.61,100533,52
23.58,100533,52
23.57,100531,52
23.57,100543,52
23.57,100534,52
23.56,100536,52
23.55,100528,52
23.54,100530,52
23.53,100529,52
23.54,100527,52
23.51,100530,52
23.45,100528,52
23.44,100533,52
23.44,100532,53
23.44,100535,53
23.43,100530,53
23.43,100536,53
23.44,100538,53
23.45,100539,53
23.46,100535,53
23.45,100539,53
23.46,100530,53
23.43,100530,52
23.44,100533,52
23.44,100536,52
23.44,100532,52
23.44,100538,52
23.44,100538,52
23.44,100535,53
23.46,100535,53
23.46,100530,53
23.46,100536,53
23.45,100525,53
23.45,100531,53
23.45,100534,53
23.44,100527,53
23.47,100537,53
23.45,100537,53
23.45,100531,53
23.46,100533,53
23.47,100538,53
23.48,100536,53
23.49,100529,53
23.49,100532,53
23.48,100536,53
23.47,100532,53
23.48,100536,53
23.48,100528,53
23.47,100523,53
23.47,100532,52
23.45,100535,52
23.47,100532,52
23.47,100537,52
23.47,100537,52
23.46,100533,52
23.46,100525,52
23.46,100530,52
23.44,100533,52
23.44,100527,52
23.43,100530,52
23.42,100523,52
23.43,100528,52
23.44,100526,52
23.43,100528,53
23.43,100525,53
23.43,100533,53
23.43,100525,53
23.44,100533,52
23.45,100531,52
23.45,100525,52
23.45,100531,52
23.47,100537,52
23.48,100533,52
23.49,100529,52
23.49,100529,52
23.5,100531,52
23.5,100526,52
23.52,100532,52
23.53,100531,52
23.54,100535,52
23.54,100527,51
23.5,100529,51
23.5,100531,51
23.5,100532,51
23.49,100527,51
23.49,100522,51
23.5,100531,51
23.48,100529,51
23.48,100539,52
23.48,100528,52
23.49,100527,52
23.5,100528,52
23.49,100529,52
23.5,100531,52
23.48,100529,52
23.48,100533,52
23.47,100532,52
23.49,100529,53
23.47,100529,53
23.45,100528,53
23.46,100531,53
23.44,100533,53
23.45,100532,53
23.47,100532,53
23.46,100527,53
23.45,100532,53
23.47,100535,53
23.47,100537,53
23.47,100532,53
23.47,100532,53
23.46,100520,53
23.49,100529,53
23.48,100528,53
23.48,100533,53
23.48,100530,53
23.47,100532,53
23.48,100533,53
23.48,100533,53
23.47,100527,53
23.47,100524,53
23.47,100526,53
23.47,100532,53
23.46,100530,53
23.45,100531,53
23.44,100532,53
23.42,100529,53
23.42,100529,53
23.41,100532,53
23.41,100528,53
23.41,100533,53
23.4,100532,53
23.38,100531,53
23.4,100528,53
23.39,100532,53
23.38,100531,53
23.38,100533,53
23.38,100527,53
23.36,100532,53
23.37,100531,53
23.37,100531,53
23.36,100524,53
23.37,100526,53
23.37,100527,53
23.37,100527,53
23.36,100527,53
23.35,100525,53
23.33,100530,53
23.35,100528,53
23.34,100535,53
23.32,100535,53
23.33,100525,53
23.32,100526,53
23.32,100524,53
23.31,100528,53
23.29,100527,54
23.31,100529,54
23.31,100532,54
23.29,100535,54
23.28,100533,53
23.3,100542,53
23.29,100537,54
23.29,100534,54
23.27,100531,54
23.26,100529,54
23.24,100526,54
23.24,100531,54
23.26,100535,54
23.25,100533,54
23.24,100529,54
23.23,100536,54
23.23,100536,54
23.24,100537,54
23.25,100533,54
23.25,100533,54
23.26,100525,54
23.27,100537,54
23.27,100537,54
23.29,100540,54
23.3,100528,54
23.31,100533,54
23.32,100534,54
23.3,100536,54
23.32,100526,54
23.32,100528,54
23.32,100529,54
23.33,100525,54
23.32,100529,54
23.32,100523,54
23.34,100529,54
23.34,100532,54
23.34,100532,54
23.34,100526,54
23.31,100522,54
23.32,100528,53
23.32,100534,53
23.33,100525,53
23.32,100523,53
23.31,100538,53
23.32,100528,53
23.31,100532,53
23.33,100533,53
23.32,100528,53
23.32,100534,53
23.32,100532,53
23.32,100528,53
23.32,100531,53
23.32,100523,53
23.33,100533,53
23.34,100532,53
23.34,100535,53
23.33,100525,53
23.34,100527,53
23.34,100537,53
23.34,100521,53
23.34,100532,53
23.35,100533,53
23.34,100530,53
23.34,100526,53
23.36,100530,53
23.36,100527,53
23.36,100530,53
23.35,100531,53
23.34,100533,53
23.34,100526,53
23.34,100529,53
23.34,100521,53
23.34,100527,53
23.33,100530,53
23.32,100529,53
23.32,100528,53
23.31,100528,53
23.31,100527,53
23.29,100530,53
23.31,100535,53
23.31,100535,53
23.27,100535,53
23.27,100531,53
23.26,100530,53
23.27,100537,53
23.28,100539,53
23.3,100539,53
23.31,100532,53
23.29,100540,53
23.28,100533,53
23.28,100534,53
23.28,100533,53
23.27,100542,53
23.26,100532,53
23.27,100537,53
23.26,100535,53
23.28,100527,53
23.28,100538,53
23.28,100534,53
23.29,100537,53
23.32,100528,53
23.31,100543,53
23.26,100530,53
23.24,100532,52
23.26,100535,53
23.25,100533,53
23.26,100535,53
23.26,100535,53
23.26,100532,53
23.27,100537,52
23.27,100537,52
23.29,100537,52
23.26,100527,53
23.26,100535,53
23.25,100528,53
23.26,100521,53
23.25,100528,53
23.25,100540,53
23.23,100535,53
23.21,100529,53
23.19,100534,52
23.18,100544,52
23.19,100534,52
23.19,100534,52
23.18,100538,53
23.18,100532,53
23.18,100528,53
23.22,100536,53
23.22,100531,53
23.22,100534,53
23.22,100534,53
23.24,100537,53
23.25,100528,53
23.27,100537,53
23.28,100533,53
23.29,100534,53
23.28,100534,53
23.31,100529,52
23.29,100535,52
23.3,100529,52
23.3,100529,52
23.32,100526,52
23.31,100543,52
23.31,100527,52
23.28,100527,52
23.29,100534,52
23.3,100529,52
23.32,100526,52
23.29,100527,52
23.28,100533,52
23.27,100534,52
23.26,100529,52
23.27,100534,52
23.27,100531,52
23.27,100531,52
23.27,100525,53
23.28,100538,53
23.27,100526,53
23.27,100531,53
23.29,100529,52
23.3,100528,52
23.31,100535,52
23.3,100525,52
23.29,100530,53
23.34,100532,53
23.33,100527,53
23.34,100527,53
23.35,100531,53
23.37,100531,53
23.37,100531,53
23.38,100533,53
23.39,100529,53
23.39,100521,53
23.39,100532,53
23.38,100530,53
23.38,100522,53
23.39,100529,53
23.38,100528,53
23.4,100531,53
23.39,100532,53
23.41,100533,53
23.41,100527,53
23.4,100528,53
23.39,100530,53
23.39,100535,53
23.4,100532,53
23.39,100527,53
23.41,100532,53
23.43,100530,53
23.41,100531,53
23.39,100527,53
23.39,100524,53
23.38,100522,53
23.38,100533,53
23.37,100526,53
23.36,100527,52
23.37,100535,52
23.35,100529,52
23.35,100531,52
23.34,100527,52
23.36,100530,52
23.34,100526,52
23.36,100535,53
23.35,100534,53
23.36,100530,53
23.36,100530,53
23.35,100534,53
23.36,100532,53
23.37,100531,53
23.4,100531,53
23.37,100527,53
23.38,100533,53
23.38,100527,53
23.37,100527,53
23.36,100524,53
23.35,100528,53
23.35,100531,53
23.36,100524,53
23.36,100530,53
23.37,100531,53
23.36,100530,53
23.38,100527,53
23.36,100530,53
23.38,100536,53
23.37,100526,53
23.38,100528,53
23.39,100527,53
23.4,100529,53
23.4,100531,53
23.41,100527,53
23.41,100532,53
23.39,100526,53
23.37,100531,53
23.37,100531,53
23.35,100529,53
23.35,100533,53
23.35,100534,53
23.36,100535,53
23.36,100535,53
23.36,100524,53
23.34,100526,53
23.34,100532,53
23.34,100530,53
23.36,100527,53
23.36,100524,53
23.35,100531,53
23.36,100533,53
23.37,100527,53
23.39,100535,53
23.39,100540,53
23.4,100534,53
23.41,100532,53
23.41,100527,53
23.41,100521,53
23.42,100529,53
23.42,100521,53
23.44,100526,53
23.44,100530,53
23.47,100532,53
23.47,100523,53
23.49,100532,53
23.51,100533,53
23.51,100527,53
23.53,100522,53
23.54,100524,53
23.55,100528,53
23.55,100534,53
23.54,100522,53
23.56,100527,53
23.55,100528,53
23.56,100529,53
23.57,100525,53
23.55,100523,52
23.54,100530,52
23.56,100529,52
23.55,100528,52
23.56,100529,52
23.55,100528,52
23.54,100527,52
23.56,100529,52
23.55,100528,52
23.55,100523,52
23.55,100526,52
23.53,100525,52
23.51,100527,52
23.5,100532,52
23.5,100534,52
23.5,100528,52
23.49,100527,52
23.49,100527,52
23.5,100531,53
23.51,100527,53
23.5,100526,53
23.51,100528,53
23.5,100526,52
23.51,100530,52
23.5,100526,52
23.5,100526,52
23.5,100523,52
23.51,100527,52
23.5,100534,52
23.5,100526,52
23.5,100526,52
23.5,100526,52
23.51,100527,52
23.51,100523,52
23.52,100532,52
23.53,100526,52
23.53,100531,52
23.54,100522,52
23.54,100522,52
23.55,100526,52
23.52,100527,52
23.51,100533,52
23.52,100527,52
23.53,100531,52
23.54,100525,52
23.54,100527,52
23.54,100532,52
23.54,100532,52
23.52,100532,53
23.51,100528,52
23.52,100529,52
23.52,100532,52
23.51,100525,52
23.5,100531,53
23.5,100528,53
23.49,100527,53
23.48,100525,53
23.49,100524,53
23.48,100528,53
23.49,100527,53
23.48,100528,53
23.49,100524,53
23.49,100524,53
23.49,100527,53
23.49,100525,53
23.5,100528,53
23.51,100522,53
23.5,100521,53
23.51,100522,53
23.52,100529,53
23.5,100526,53
23.51,100524,53
23.49,100529,53
23.51,100527,53
23.5,100526,53
23.51,100533,53
23.53,100531,53
23.53,100525,53
23.53,100520,53
23.53,100523,53
23.54,100529,53
23.54,100524,53
23.53,100520,53
23.55,100526,53
23.56,100527,53
23.57,100523,53
23.57,100523,53
23.57,100525,53
23.54,100522,53
23.53,100520,53
23.54,100521,53
23.55,100528,53
23.54,100524,53
23.55,100526,53
23.56,100529,53
23.56,100526,53
23.55,100528,53
23.56,100524,54
23.55,100528,54
23.55,100526,54
23.57,100523,54
23.58,100530,53
23.58,100522,53
23.58,100524,53
23.57,100526,53
23.59,100524,53
23.6,100525,53
23.59,100530,53
23.58,100525,53
23.59,100530,53
23.6,100529,53
23.62,100528,53
23.59,100530,53
23.6,100526,53
23.61,100527,53
23.61,100530,53
23.59,100529,53
23.61,100527,53
23.62,100528,53
23.61,100530,53
23.61,100533,53
23.62,100528,53
23.61,100527,53
23.62,100532,53
23.63,100524,53
23.63,100531,53
23.64,100527,53
23.66,100530,53
23.67,100531,53
23.67,100529,53
23.69,100533,53
23.69,100535,53
23.69,100529,53
23.71,100530,53
23.7,100526,53
23.72,100535,53
23.72,100535,53
23.73,100528,53
23.75,100525,53
23.74,100532,53
23.74,100533,53
23.75,100534,53
23.76,100531,53
23.75,100532,53
23.75,100532,53
23.76,100531,53
23.77,100529,53
23.76,100528,53
23.77,100529,53
23.77,100526,53
23.77,100530,53
23.78,100537,53
23.76,100524,53
23.75,100523,53
23.76,100527,53
23.75,100529,53
23.73,100528,53
23.73,100530,53
23.72,100529,53
23.73,100527,53
23.72,100529,53
23.71,100532,52
23.69,100527,52
23.66,100536,52
23.65,100534,52
23.63,100534,52
23.63,100530,51
23.6,100531,51
23.59,100524,52
23.58,100531,52
23.56,100530,52
23.57,100532,52
23.57,100526,52
23.58,100533,52
23.57,100531,52
23.57,100532,52
23.56,100527,52
23.57,100532,52
23.57,100526,52
23.58,100533,52
23.59,100524,52
23.59,100530,52
23.59,100530,52
23.6,100529,52
23.6,100531,52
23.59,100527,52
23.61,100533,52
23.62,100534,52
23.62,100528,52
23.61,100527,52
23.6,100526,52
23.61,100529,52
23.6,100529,52
23.58,100522,52
23.57,100521,52
23.57,100526,52
23.54,100528,52
23.51,100533,52
23.51,100528,52
23.52,100534,52
23.48,100529,52
23.47,100526,51
23.47,100532,51
23.44,100533,51
23.44,100526,51
23.44,100526,51
23.43,100536,51
23.44,100526,51
23.43,100525,51
23.43,100519,51
23.44,100526,51
23.44,100527,51
23.47,100529,51
23.47,100532,51
23.47,100526,51
23.48,100526,51
23.5,100526,51
23.51,100522,51
23.51,100524,51
23.51,100527,51
23.51,100534,51
23.53,100531,51
23.54,100527,51
23.54,100527,51
23.55,100526,51
23.56,100530,51
23.57,100532,51
23.57,100528,51
23.57,100532,51
23.58,100525,51
23.59,100524,51
23.6,100531,51
23.6,100529,51
23.58,100528,51
23.59,100524,51
23.59,100524,51
23.6,100526,51
23.6,100523,51
23.62,100528,51
23.62,100523,51
23.6,100528,51
23.58,100522,51
23.58,100527,51
23.58,100528,51
23.58,100528,51
23.58,100528,51
23.57,100529,51
23.58,100525,52
23.56,100527,52
23.56,100530,52
23.56,100530,52
23.54,100527,51
23.52,100529,51
23.5,100526,51
23.52,100529,51
23.53,100525,51
23.55,100528,51
23.57,100528,51
23.58,100528,51
23.6,100533,51
23.6,100530,52
23.6,100526,52
23.61,100530,52
23.62,100529,52
23.62,100529,52
23.64,100533,52
23.66,100528,52
23.66,100524,52
23.68,100525,51
23.68,100528,51
23.69,100535,51
23.69,100529,51
23.68,100528,51
23.68,100528,51
23.69,100530,51
23.69,100530,51
23.69,100524,51
23.7,100529,51
23.68,100537,52
23.69,100533,52
23.7,100531,52
23.71,100533,52
23.72,100532,52
23.72,100529,52
23.72,100527,52
23.71,100528,52
23.71,100528,52
23.71,100528,52
23.72,100529,52
23.74,100532,52
23.74,100532,52
23.74,100527,52
23.73,100525,51
23.72,100529,51
23.71,100525,51
23.64,100533,50
23.65,100528,50
23.63,100525,51
23.62,100529,51
23.6,100526,51
23.59,100535,51
23.59,100532,51
23.58,100522,51
23.57,100526,51
23.58,100531,51
23.58,100528,51
23.59,100523,51
23.59,100530,51
23.6,100530,51
23.61,100522,51
23.61,100525,51
23.62,100535,51
23.63,100530,51
23.63,100525,51
23.64,100533,51
23.63,100528,51
23.65,100523,51
23.66,100530,51
23.66,100536,51
23.67,100526,51
23.67,100528,51
23.66,100533,51
23.69,100535,51
23.68,100525,51
23.69,100524,51
23.7,100525,51
23.69,100530,51
23.69,100522,51
23.71,100530,51
23.71,100528,51
23.72,100529,51
23.73,100528,51
23.73,100526,51
23.73,100528,51
23.7,100523,51
23.7,100534,51
23.68,100530,51
23.67,100528,51
23.66,100530,51
23.67,100532,51
23.66,100527,51
23.65,100523,51
23.65,100523,51
23.66,100527,51
23.67,100526,51
23.66,100530,51
23.67,100526,51
23.67,100531,51
23.67,100529,51
23.69,100526,51
23.67,100529,51
23.68,100528,51
23.68,100531,52
23.69,100523,52
23.7,100528,52
23.7,100528,52
23.7,100528,52
23.7,100529,52
23.69,100524,52
23.69,100530,52
23.68,100534,51
23.69,100524,51
23.71,100527,51
23.7,100526,51
23.71,100528,51
23.7,100529,51
23.71,100528,52
23.69,100527,51
23.68,100527,51
23.64,100532,52
23.63,100524,52
23.62,100532,52
23.61,100530,52
23.6,100525,52
23.59,100527,52
23.58,100528,52
23.58,100528,52
23.58,100533,52
23.57,100528,52
23.55,100528,52
23.54,100521,52
23.55,100523,52
23.53,100522,52
23.54,100521,52
23.55,100528,52
23.52,100519,52
23.52,100523,52
23.51,100524,52
23.5,100532,52
23.47,100527,52
23.47,100527,52
23.47,100527,52
23.48,100529,52
23.49,100529,52
23.49,100535,52
23.49,100530,52
23.49,100527,52
23.5,100528,52
23.5,100524,52
23.51,100527,52
23.51,100527,52
23.51,100527,52
23.5,100526,52
23.5,100523,52
23.51,100530,52
23.51,100533,52
23.52,100524,52
23.53,100531,52
23.55,100534,52
23.56,100529,52
23.56,100525,52
23.56,100525,52
23.54,100529,52
23.54,100524,52
23.54,100532,53
23.53,100520,53
23.55,100528,53
23.55,100534,53
23.56,100536,53
23.56,100530,53
23.56,100533,53
23.56,100530,53
23.58,100528,52
23.58,100528,52
23.58,100524,52
23.58,100528,52
23.59,100529,52
23.57,100526,52
23.57,100529,52
23.58,100522,53
23.57,100526,53
23.59,100529,53
23.59,100530,53
23.59,100523,53
23.58,100533,52
23.58,100531,52
23.58,100528,52
23.58,100528,52
23.58,100530,52
23.59,100534,52
23.59,100529,52
23.59,100527,52
23.58,100528,52
23.56,100519,52
23.57,100523,52
23.58,100527,52
23.59,100524,52
23.58,100531,52
23.58,100525,52
23.59,100523,52
23.58,100533,52
23.55,100528,52
23.57,100532,52
23.58,100533,52
23.58,100533,52
23.57,100529,52
23.58,100533,52
23.59,100534,52
23.59,100530,52
23.6,100523,52
23.6,100526,52
23.6,100531,52
23.62,100532,52
23.62,100529,52
23.65,100539,52
23.65,100534,52
23.66,100536,52
23.67,100535,52
23.68,100536,53
23.68,100534,52
23.67,100532,52
23.67,100526,52
23.68,100531,52
23.68,100533,53
23.68,100534,52
23.67,100526,52
23.67,100529,52
23.68,100533,52
23.68,100528,52
23.67,100529,52
23.67,100526,52
23.67,100532,52
23.67,100532,52
23.68,100537,52
23.69,100535,52
23.69,100529,52
23.7,100532,52
23.71,100532,52
23.7,100532,52
23.71,100530,52
23.71,100530,52
23.71,100528,52
23.73,100534,52
23.73,100526,52
23.74,100533,52
23.74,100533,52
23.73,100531,52
23.72,100532,52
23.74,100530,52
23.74,100529,52
23.72,100529,52
23.73,100531,52
23.73,100526,52
23.72,100529,52
23.72,100538,52
23.72,100529,52
23.71,100530,52
23.72,100535,52
23.71,100533,52
23.71,100528,52
23.71,100532,52
23.69,100530,52
23.66,100528,52
23.67,100531,52
23.68,100527,52
23.67,100531,52
23.67,100532,52
23.66,100536,52
23.67,100532,52
23.67,100521,52
23.66,100530,52
23.66,100524,52
23.64,100521,52
23.65,100529,52
23.65,100529,52
23.64,100524,52
23.64,100530,52
23.64,100533,52
23.65,100531,52
23.64,100535,52
23.65,100533,52
23.64,100530,52
23.63,100533,52
23.61,100530,52
23.61,100527,51
23.6,100531,51
23.59,100530,51
23.57,100532,51
23.56,100535,51
23.53,100531,51
23.51,100527,51
23.5,100526,51
23.5,100526,52
23.48,100528,52
23.48,100528,51
23.45,100525,51
23.44,100524,51
23.44,100533,51
23.43,100536,52
23.43,100531,52
23.43,100528,52
23.42,100526,52
23.43,100523,52
23.42,100529,52
23.41,100528,52
23.39,100529,52
23.39,100529,52
23.39,100524,52
23.38,100528,52
23.4,100528,52
23.38,100531,52
23.38,100527,51
23.36,100525,52
23.35,100533,52
23.37,100537,52
23.38,100533,52
23.38,100523,52
23.38,100528,52
23.39,100524,52
23.4,100525,52
23.42,100529,51
23.42,100529,51
23.4,100520,51
23.42,100534,51
23.42,100529,51
23.42,100523,51
23.42,100529,51
23.42,100529,51
23.41,100522,52
23.43,100526,52
23.44,100526,52
23.43,100519,52
23.44,100527,52
23.43,100520,52
23.44,100526,52
23.44,100526,52
23.43,100530,52
23.43,100525,52
23.44,100522,52
23.44,100527,52
23.46,100530,52
23.45,100525,52
23.46,100531,52
23.47,100526,51
23.45,100523,51
23.46,100530,51
23.47,100526,52
23.47,100530,52
23.47,100524,52
23.48,100528,52
23.49,100529,52
23.51,100527,52
23.5,100520,52
23.5,100526,52
23.51,100522,52
23.52,100529,52
23.53,100525,52
23.54,100528,52
23.54,100527,52
23.55,100523,52
23.55,100526,52
23.54,100528,52
23.57,100526,52
23.58,100528,52
23.58,100528,52
23.57,100537,52
23.58,100531,52
23.58,100525,52
23.59,100527,52
23.53,100522,52
23.51,100527,52
23.5,100520,52
23.48,100522,52
23.48,100522,52
23.47,100515,52
23.44,100515,53
23.44,100518,53
23.45,100523,53
23.44,100521,53
23.43,100525,53
23.42,100518,53
23.42,100524,53
23.43,100522,53
23.43,100526,53
23.44,100524,53
23.44,100524,53
23.43,100531,53
23.44,100518,53
23.44,100521,53
23.47,100529,53
23.47,100523,53
23.47,100526,53
23.46,100530,53
23.46,100522,53
23.46,100525,53
23.46,100524,53
23.46,100531,53
23.48,100530,53
23.47,100523,53
23.47,100523,53
23.44,100527,53
23.45,100523,53
23.44,100524,53
23.44,100525,53
23.45,100528,53
23.45,100523,53
23.44,100521,53
23.44,100524,53
23.44,100519,53
23.44,100527,53
23.44,100526,53
23.44,100524,53
23.46,100520,53
23.46,100524,54
23.48,100528,54
23.48,100525,54
23.47,100526,53
23.47,100527,53
23.47,100527,53
23.48,100528,53
23.46,100522,53
23.45,100523,53
23.45,100523,53
23.44,100526,53
23.43,100522,53
23.43,100530,53
23.44,100530,53
23.44,100530,53
23.43,100525,53
23.42,100529,53
23.42,100526,53
23.43,100523,53
23.44,100526,53
23.44,100525,53
23.43,100519,53
23.44,100526,53
23.44,100526,53
23.45,100528,53
23.45,100525,53
23.46,100524,53
23.44,100518,53
23.42,100518,53
23.41,100528,53
23.41,100525,53
23.42,100523,53
23.44,100521,53
23.46,100519,53
23.45,100528,53
23.46,100525,53
23.47,100523,53
23.47,100520,53
23.49,100529,53
23.49,100529,53
23.49,100524,53
23.49,100519,53
23.5,100528,53
23.5,100526,53
23.5,100526,53
23.52,100529,53
23.51,100520,53
23.52,100530,53
23.52,100524,53
23.55,100528,53
23.57,100528,53
23.56,100525,53
23.57,100523,53
23.57,100523,53
23.59,100524,53
23.6,100525,53
23.6,100526,53
23.61,100527,53
23.62,100524,53
23.63,100525,53
23.62,100521,53
23.62,100528,53
23.62,100529,53
23.62,100524,53
23.63,100523,53
23.64,100530,53
23.65,100533,53
23.66,100535,53
23.67,100529,53
23.68,100530,53
23.68,100533,53
23.69,100530,53
23.72,100526,53
23.73,100530,53
23.74,100527,53
23.74,100527,53
23.76,100525,53
23.76,100524,53
23.79,100530,53
23.79,100530,53
23.81,100539,53
23.84,100530,53
23.85,100529,53
23.87,100532,53
23.88,100528,53
23.9,100526,53
23.9,100526,53
23.92,100535,52
23.93,100528,52
23.95,100534,52
23.96,100536,52
23.94,100522,52
23.96,100525,52
23.99,100528,52
23.99,100522,52
24.03,100525,52
24.03,100527,52
24.04,100521,52
24.05,100528,52
24.06,100528,52
24.06,100525,52
24.07,100526,52
24.08,100528,52
24.08,100530,52
24.09,100524,52
24.09,100522,52
24.1,100531,52
24.08,100527,52
24.09,100526,52
24.09,100521,52
24.07,100524,52
24.07,100531,51
24.06,100528,51
24.05,100525,51
24.06,100524,51
24.04,100526,51
24.04,100526,51
23.99,100519,51
23.98,100518,51
23.97,100524,51
23.96,100525,51
23.95,100523,51
23.94,100522,51
23.95,100523,51
23.94,100522,51
23.93,100528,51
23.91,100528,51
23.89,100516,51
23.91,100531,51
23.9,100526,51
23.9,100521,51
23.9,100521,51
23.9,100528,51
23.9,100517,51
23.91,100527,51
23.91,100528,51
23.92,100518,51
23.92,100530,52
23.92,100524,51
23.93,100529,51
23.93,100525,52
23.92,100524,52
23.93,100520,52
23.9,100526,52
23.9,100526,52
23.9,100526,52
23.89,100530,51
23.89,100535,51
23.88,100529,52
23.87,100527,52
23.85,100529,52
23.85,100528,52
23.85,100529,52
23.84,100535,52
23.84,100536,52
23.83,100529,52
23.83,100529,52
23.82,100530,52
23.83,100531,52
23.84,100532,52
23.83,100526,52
23.83,100529,52
23.85,100529,52
23.85,100524,52
23.84,100525,52
23.85,100531,52
23.84,100522,52
23.84,100527,52
23.83,100526,52
23.8,100526,52
23.79,100525,52
23.76,100530,52
23.74,100533,52
23.76,100531,52
23.76,100525,52
23.74,100527,52
23.75,100529,53
23.75,100523,53
23.76,100528,53
23.75,100529,53
23.75,100529,53
23.74,100533,53
23.75,100529,53
23.75,100532,53
23.74,100524,52
23.73,100525,52
23.73,100526,52
23.73,100526,52
23.74,100530,52
23.73,100526,52
23.72,100529,52
23.73,100525,52
23.74,100522,52
23.73,100531,52
23.74,100526,52
23.74,100522,52
23.74,100527,52
23.72,100521,52
23.7,100522,52
23.69,100523,52
23.67,100526,52
23.66,100528,52
23.65,100529,52
23.63,100528,52
23.64,100524,52
23.65,100523,52
23.65,100529,52
23.65,100528,52
23.64,100530,52
23.67,100534,52
23.66,100533,52
23.66,100525,52
23.68,100523,52
23.67,100523,52
23.66,100525,52
23.66,100522,52
23.65,100523,52
23.64,100524,53
23.64,100526,53
23.63,100523,53
23.65,100529,53
23.64,100526,53
23.62,100529,53
23.61,100529,53
23.6,100531,53
23.59,100527,53
23.59,100524,53
23.6,100529,53
23.58,100533,53
23.56,100527,53
23.56,100519,53
23.54,100525,53
23.56,100518,53
23.56,100524,53
23.57,100520,53
23.57,100525,53
23.57,100526,53
23.56,100525,53
23.57,100525,53
23.55,100526,53
23.55,100517,53
23.54,100516,53
23.54,100524,53
23.55,100523,53
23.56,100525,53
23.53,100522,53
23.53,100520,53
23.51,100514,53
23.5,100514,53
23.49,100521,53
23.48,100531,53
23.5,100526,53
23.48,100525,53
23.48,100528,53
23.47,100523,53
23.47,100529,53
23.46,100522,53
23.47,100532,53
23.47,100520,53
23.47,100524,53
23.49,100524,53
23.47,100524,53
23.48,100528,53
23.48,100525,53
23.48,100529,53
23.49,100524,53
23.49,100524,53
23.5,100526,53
23.5,100526,53
23.5,100531,53
23.51,100524,53
23.51,100528,53
23.5,100531,53
23.5,100526,53
23.5,100526,53
23.49,100527,53
23.5,100520,53
23.48,100520,53
23.49,100521,53
23.49,100524,53
23.47,100516,53
23.48,100525,53
23.47,100520,53
23.47,100515,53
23.47,100526,54
23.47,100524,54
23.47,100520,54
23.46,100527,53
23.47,100529,53
23.46,100516,54
23.46,100524,54
23.45,100525,54
23.46,100524,54
23.45,100525,53
23.45,100517,53
23.45,100520,53
23.45,100517,53
23.43,100519,53
23.39,100522,53
23.38,100522,53
23.38,100527,53
23.36,100516,53
23.35,100517,53
23.34,100526,53
23.32,100528,53
23.32,100524,53
23.31,100527,53
23.28,100520,53
23.27,100531,53
23.23,100525,53
23.23,100524,53
23.24,100520,53
23.23,100525,53
23.23,100524,54
23.22,100525,54
23.22,100529,54
23.22,100526,54
23.23,100524,54
23.23,100530,54
23.23,100519,54
23.25,100522,54
23.22,100525,54
23.2,100522,54
23.19,100520,54
23.15,100523,54
23.14,100523,54
23.11,100521,54
23.11,100521,54
23.13,100524,54
23.12,100528,54
23.11,100524,54
23.11,100526,54
23.12,100526,54
23.13,100524,54
23.15,100525,54
23.16,100524,54
23.14,100520,54
23.13,100518,54
23.12,100522,54
23.11,100521,54
23.12,100522,54
23.13,100521,54
23.12,100522,54
23.13,100518,54
23.12,100525,54
23.14,100521,54
23.14,100523,54
23.13,100524,54
23.15,100530,54
23.15,100525,54
23.14,100521,54
23.15,100525,54
23.16,100535,54
23.16,100524,54
23.17,100529,54
23.19,100529,55
23.2,100526,55
23.21,100526,55
23.22,100523,55
23.23,100527,54
23.24,100518,54
23.26,100530,54
23.27,100521,54
23.26,100524,54
23.27,100524,54
23.25,100519,54
23.25,100517,54
23.22,100523,54
23.21,100526,54
23.2,100525,54
23.19,100523,54
23.18,100528,54
23.17,100528,54
23.17,100525,54
23.17,100525,54
23.17,100526,54
23.16,100524,54
23.17,100520,54
23.16,100524,54
23.17,100525,54
23.16,100524,54
23.16,100518,54
23.16,100521,54
23.16,100529,54
23.17,100528,54
23.16,100524,54
23.15,100527,54
23.14,100523,54
23.12,100528,54
23.12,100523,54
23.14,100527,54
23.14,100517,54
23.12,100522,54
23.11,100526,54
23.13,100518,54
23.15,100522,54
23.14,100518,54
23.17,100520,54
23.16,100524,54
23.14,100520,54
23.15,100523,54
23.16,100524,54
23.16,100530,54
23.18,100521,54
23.18,100527,54
23.19,100523,54
23.19,100523,54
23.2,100519,54
23.2,100519,54
23.19,100526,54
23.2,100525,54
23.19,100523,54
23.18,100521,54
23.19,100523,54
23.19,100523,54
23.18,100521,54
23.19,100523,54
23.2,100519,54
23.19,100523,54
23.18,100524,54
23.17,100525,54
23.15,100525,54
23.16,100524,54
23.16,100524,54
23.17,100520,54
23.18,100519,54
23.18,100524,54
23.18,100519,54
23.18,100521,54
23.16,100522,54
23.17,100518,54
23.19,100523,54
23.18,100516,54
23.18,100522,54
23.2,100522,54
23.2,100526,54
23.2,100519,54
23.21,100522,54
23.23,100524,54
23.23,100524,54
23.23,100514,54
23.23,100516,54
23.23,100520,54
23.24,100529,54
23.25,100522,54
23.26,100530,54
23.26,100527,54
23.29,100518,54
23.32,100523,54
23.33,100522,54
23.35,100522,54
23.33,100520,54
23.34,100521,53
23.35,100522,53
23.34,100521,53
23.34,100521,53
23.35,100522,53
23.37,100520,53
23.36,100519,53
23.37,100521,53
23.36,100521,53
23.36,100518,53
23.35,100518,53
23.36,100518,54
23.37,100520,53
23.37,100521,53
23.38,100523,53
23.38,100525,53
23.37,100523,53
23.37,100526,53
23.36,100521,53
23.35,100522,53
23.33,100519,53
23.31,100521,53
23.3,100526,53
23.29,100521,53
23.31,100516,53
23.31,100521,53
23.28,100522,53
23.28,100522,53
23.28,100522,53
23.27,100520,53
23.29,100518,53
23.28,100522,53
23.27,100520,53
23.26,100529,53
23.28,100522,53
23.28,100522,53
23.3,100519,53
23.31,100521,53
23.31,100521,53
23.31,100528,53
23.32,100523,53
23.32,100523,53
23.32,100517,53
23.34,100523,53
23.33,100525,53
23.31,100516,53
23.32,100517,53
23.28,100514,53
23.27,100521,53
23.29,100523,53
23.29,100527,53
23.28,100522,53
23.28,100516,53
23.3,100514,53
23.3,100519,53
23.3,100519,53
23.29,100512,53
23.32,100520,53
23.33,100527,53
23.34,100521,53
23.34,100524,53
23.35,100525,53
23.36,100522,53
23.37,100527,53
23.37,100520,53
23.37,100521,53
23.38,100514,53
23.41,100516,53
23.41,100516,52
23.41,100524,52
23.41,100516,52
23.41,100524,52
23.42,100509,52
23.42,100524,52
23.42,100518,52
23.42,100518,52
23.44,100526,52
23.43,100517,52
23.44,100519,52
23.45,100523,52
23.46,100520,52
23.47,100526,52
23.46,100519,52
23.47,100526,52
23.43,100516,52
23.44,100521,52
23.45,100523,52
23.46,100525,52
23.44,100521,52
23.44,100526,53
23.45,100517,53
23.47,100523,53
23.47,100527,53
23.48,100522,53
23.5,100526,53
23.49,100519,53
23.49,100518,53
23.5,100529,53
23.5,100517,53
23.5,100515,53
23.51,100527,53
23.51,100524,53
23.51,100519,53
23.5,100521,53
23.51,100519,53
23.52,100523,53
23.51,100520,53
23.51,100519,53
23.51,100522,53
23.5,100520,53
23.51,100522,53
23.5,100526,53
23.52,100523,53
23.52,100521,53
23.51,100523,53
23.51,100523,53
23.52,100524,54
23.53,100523,53
23.53,100515,54
23.55,100523,54
23.54,100522,54
23.53,100520,54
23.55,100523,54
23.57,100526,54
23.57,100523,54
23.58,100524,54
23.58,100522,53
23.59,100530,54
23.59,100519,54
23.6,100519,54
23.6,100523,54
23.59,100521,54
23.58,100520,54
23.58,100522,53
23.58,100525,53
23.6,100526,53
23.6,100523,53
23.6,100520,53
23.6,100517,53
23.62,100524,53
23.62,100523,54
23.61,100525,54
23.62,100524,54
23.65,100523,54
23.64,100527,54
23.64,100523,54
23.66,100530,53
23.66,100524,53
23.66,100524,53
23.65,100523,53
23.67,100520,53
23.67,100521,53
23.67,100521,53
23.67,100526,53
23.67,100526,53
23.67,100524,53
23.68,100522,53
23.67,100520,53
23.67,100518,53
23.68,100522,53
23.68,100522,53
23.69,100527,53
23.7,100523,53
23.71,100530,53
23.68,100519,53
23.66,100519,53
23.65,100520,53
23.65,100517,53
23.65,100520,53
23.66,100522,53
23.66,100519,53
23.67,100515,53
23.67,100526,53
23.68,100523,53
23.69,100522,53
23.7,100514,53
23.7,100520,53
23.72,100517,53
23.72,100521,53
23.72,100524,53
23.73,100523,53
23.73,100526,53
23.73,100520,53
23.74,100522,53
23.75,100523,53
23.75,100529,53
23.78,100517,53
23.79,100524,53
23.8,100526,53
23.81,100528,53
23.82,100530,53
23.83,100526,53
23.84,100524,53
23.86,100527,53
23.86,100525,53
23.85,100521,53
23.85,100518,53
23.86,100524,53
23.88,100522,53
23.88,100523,53
23.89,100518,53
23.89,100514,53
23.89,100525,53
23.89,100519,53
23.9,100524,53
23.91,100517,53
23.91,100514,53
23.91,100520,53
23.92,100519,53
23.92,100513,53
23.93,100520,53
23.94,100522,53
23.95,100518,53
23.95,100521,53
23.94,100522,53
23.94,100513,53
23.92,100519,53
23.92,100519,53
23.91,100520,53
23.92,100532,53
23.91,100528,53
23.93,100518,53
23.94,100519,53
23.92,100513,53
23.92,100516,53
23.91,100517,53
23.92,100523,53
23.92,100512,53
23.93,100520,53
23.93,100511,53
23.92,100516,53
23.92,100516,53
23.92,100519,52
23.92,100515,52
23.91,100522,52
23.91,100519,52
23.91,100523,52
23.92,100519,52
23.92,100512,52
23.93,100514,52
23.92,100519,53
23.94,100519,53
23.93,100515,53
23.94,100519,53
23.95,100517,53
23.95,100515,53
23.94,100519,53
23.95,100523,53
23.95,100518,53
23.96,100516,53
23.94,100517,53
23.94,100522,52
23.93,100520,52
23.92,100519,52
23.93,100522,52
23.93,100520,52
23.93,100523,52
23.92,100519,52
23.92,100508,52
23.91,100511,52
23.92,100518,52
23.91,100520,52
23.88,100520,52
23.89,100513,52
23.86,100520,52
23.85,100506,52
23.86,100520,52
23.85,100518,52
23.85,100523,52
23.85,100518,52
23.86,100519,52
23.81,100517,52
23.8,100521,52
23.77,100516,52
23.77,100520,52
23.75,100521,52
23.74,100524,52
23.75,100522,52
23.76,100517,52
23.74,100519,52
23.74,100524,52
23.72,100521,52
23.72,100518,52
23.71,100519,52
23.71,100522,52
23.7,100520,52
23.72,100518,52
23.7,100526,52
23.71,100517,52
23.71,100517,52
23.71,100519,52
23.7,100518,52
23.7,100520,52
23.73,100519,52
23.73,100520,52
23.74,100515,52
23.76,100519,52
23.76,100516,52
23.77,100520,52
23.78,100520,52
23.8,100521,52
23.8,100520,52
23.81,100517,52
23.81,100522,52
23.82,100513,52
23.83,100520,52
23.84,100519,52
23.86,100511,52
23.85,100512,52
23.86,100508,52
23.86,100519,52
23.85,100515,52
23.85,100512,53
23.85,100510,53
23.86,100509,53
23.84,100516,53
23.85,100507,53
23.85,100518,53
23.86,100520,53
23.86,100508,53
23.86,100511,53
23.87,100510,53
23.88,100515,53
23.88,100511,53
23.89,100514,53
23.9,100518,53
23.9,100513,53
23.9,100510,53
23.9,100515,53
23.89,100514,53
23.9,100512,53
23.89,100513,53
23.89,100513,53
23.88,100520,53
23.88,100515,53
23.87,100516,53
23.87,100524,53
23.87,100510,53
23.86,100520,53
23.86,100516,53
23.85,100521,53
23.86,100525,53
23.86,100524,53
23.86,100520,53
23.87,100521,53
23.88,100528,53
23.86,100519,53
23.87,100521,53
23.87,100521,53
23.88,100523,53
23.88,100523,53
23.9,100517,53
23.91,100511,53
23.93,100520,53
23.92,100516,53
23.93,100515,53
23.93,100520,53
23.93,100515,53
23.93,100520,53
23.93,100515,53
23.93,100520,52
23.91,100517,53
23.9,100512,53
23.9,100521,53
23.9,100512,53
23.91,100513,53
23.9,100521,53
23.91,100517,53
23.91,100520,53
23.92,100515,53
23.9,100513,53
23.9,100526,53
23.91,100516,53
23.92,100519,53
23.91,100523,53
23.92,100523,53
23.92,100524,53
23.94,100522,53
23.95,100518,53
23.95,100518,52
23.94,100514,52
23.93,100518,52
23.94,100516,52
23.93,100520,52
23.93,100526,52
23.94,100519,52
23.95,100517,52
23.96,100519,52
23.96,100514,52
23.95,100518,52
23.94,100514,52
23.97,100521,52
23.97,100513,52
23.97,100513,52
23.96,100514,53
23.98,100512,53
23.98,100518,53
23.99,100513,53
23.97,100516,52
23.96,100517,52
23.95,100518,52
23.96,100514,52
23.97,100515,52
23.96,100520,52
23.98,100518,52
23.98,100512,53
23.99,100519,53
23.99,100519,53
24,100518,53
24.03,100519,53
24.03,100516,53
24.03,100519,53
24.03,100517,53
24.04,100519,53
24.04,100516,53
24.04,100510,52
24.03,100519,52
24.04,100521,52
24.03,100513,52
24.03,100519,52
24.02,100524,52
24.03,100511,52
24.02,100517,52
24.02,100512,52
24,100516,52
23.99,100519,52
24,100516,52
24,100521,52
24.01,100514,52
24.01,100522,52
24.02,100517,53
23.99,100517,52
23.97,100516,52
23.97,100516,52
23.96,100520,52
23.96,100514,52
23.96,100525,52
23.94,100511,52
23.93,100522,52
23.91,100517,52
23.91,100520,52
23.91,100511,52
23.94,100516,52
23.94,100517,52
23.93,100520,52
23.93,100523,52
23.91,100514,52
23.93,100520,52
23.92,100519,52
23.91,100509,52
23.89,100519,52
23.89,100514,52
23.89,100518,52
23.88,100523,52
23.88,100512,52
23.88,100531,51
23.87,100529,51
23.86,100531,51
23.83,100520,52
23.85,100518,52
23.85,100524,52
23.86,100523,52
23.86,100525,52
23.86,100523,52
23.86,100520,52
23.86,100513,52
23.87,100527,52
23.87,100523,52
23.87,100523,52
23.88,100518,52
23.89,100519,52
23.89,100513,52
23.9,100526,52
23.89,100516,52
23.91,100517,52
23.91,100523,52
23.92,100515,52
23.92,100519,52
23.93,100520,52
23.93,100512,52
23.93,100518,52
23.94,100517,52
23.94,100519,52
23.94,100519,52
23.94,100517,52
23.92,100513,52
23.94,100516,52
23.93,100512,52
23.92,100512,52
23.92,100518,52
23.9,100515,52
23.9,100518,52
23.89,100514,52
23.9,100515,52
23.9,100513,52
23.89,100511,52
23.9,100515,52
23.89,100519,52
23.88,100523,52
23.88,100517,52
23.87,100521,52
23.88,100518,52
23.86,100523,52
23.84,100522,52
23.84,100527,52
23.84,100522,52
23.85,100528,53
23.83,100515,52
23.81,100516,52
23.77,100527,52
23.76,100519,52
23.77,100520,52
23.76,100519,52
23.75,100518,52
23.77,100521,52
23.76,100519,52
23.76,100519,52
23.77,100510,53
23.77,100515,53
23.78,100515,53
23.76,100519,53
23.75,100523,53
23.76,100524,53
23.74,100522,53
23.76,100525,53
23.75,100526,53
23.75,100521,53
23.75,100518,53
23.74,100519,53
23.75,100517,53
23.75,100517,53
23.74,100522,53
23.74,100516,53
23.72,100516,53
23.73,100520,53
23.72,100521,53
23.72,100516,53
23.72,100516,53
23.72,100517,53
23.71,100524,53
23.71,100517,53
23.71,100514,53
23.72,100524,53
23.72,100524,53
23.73,100516,53
23.73,100516,53
23.73,100526,53
23.75,100526,53
23.75,100517,53
23.73,100523,53
23.75,100521,53
23.74,100516,53
23.74,100522,53
23.69,100523,53
23.67,100515,53
23.68,100520,53
23.68,100517,53
23.67,100524,53
23.66,100525,53
23.63,100524,53
23.6,100520,53
23.59,100521,53
23.59,100513,53
23.58,100522,53
23.56,100513,53
23.55,100523,53
23.55,100520,53
23.53,100514,53
23.52,100519,53
23.52,100518,53
23.51,100511,53
23.5,100520,53
23.49,100518,53
23.49,100522,53
23.5,100526,53
23.51,100522,53
23.5,100514,53
23.5,100518,53
23.5,100520,53
23.51,100522,53
23.52,100523,53
23.53,100520,53
23.53,100517,54
23.54,100527,54
23.52,100515,53
23.51,100517,53
23.52,100518,53
23.51,100522,53
23.52,100523,53
23.51,100516,53
23.49,100521,53
23.48,100517,53
23.49,100518,53
23.47,100527,53
23.48,100519,53
23.48,100522,53
23.46,100527,53
23.44,100518,53
23.45,100525,53
23.44,100524,53
23.45,100523,53
23.46,100516,53
23.45,100523,53
23.46,100522,53
23.47,100515,53
23.47,100523,53
23.48,100511,53
23.48,100523,53
23.49,100525,53
23.49,100518,53
23.49,100521,53
23.49,100518,53
23.47,100527,53
23.49,100524,53
23.51,100516,53
23.51,100517,53
23.53,100525,53
23.52,100518,53
23.53,100520,53
23.52,100519,53
23.54,100518,53
23.55,100523,53
23.53,100514,53
23.53,100523,53
23.53,100520,53
23.54,100516,53
23.55,100523,54
23.56,100525,54
23.56,100519,54
23.55,100520,53
23.56,100522,53
23.56,100522,53
23.57,100520,53
23.57,100521,53
23.58,100522,53
23.6,100520,53
23.6,100523,53
23.6,100520,53
23.61,100521,53
23.62,100520,53
23.61,100516,53
23.61,100518,53
23.58,100517,53
23.56,100515,53
23.52,100519,53
23.54,100521,53
23.54,100518,53
23.53,100522,53
23.52,100513,53
23.51,100514,53
23.5,100517,53
23.48,100520,53
23.5,100520,53
23.49,100516,53
23.48,100511,53
23.49,100513,53
23.5,100515,53
23.49,100513,53
23.51,100516,53
23.51,100516,53
23.52,100518,53
23.53,100515,53
23.53,100517,53
23.55,100517,53
23.56,100525,53
23.55,100517,53
23.54,100516,53
23.55,100512,53
23.55,100520,53
23.54,100516,53
23.53,100515,53
23.52,100515,53
23.5,100514,53
23.49,100518,53
23.49,100518,53
23.49,100513,53
23.48,100517,53
23.48,100519,53
23.47,100520,53
23.45,100517,53
23.43,100516,53
23.44,100510,53
23.43,100514,53
23.43,100516,53
23.42,100516,53
23.43,100519,53
23.42,100520,53
23.4,100520,53
23.4,100517,53
23.38,100516,53
23.36,100521,53
23.38,100516,53
23.38,100516,53
23.39,100524,53
23.39,100521,53
23.4,100517,53
23.41,100510,53
23.41,100516,53
23.41,100516,54
23.42,100520,54
23.4,100517,54
23.39,100518,54
23.4,100515,53
23.39,100524,53
23.39,100518,53
23.39,100518,53
23.39,100519,53
23.38,100525,53
23.39,100518,54
23.39,100518,54
23.4,100520,54
23.39,100518,54
23.39,100518,54
23.38,100511,54
23.36,100511,54
23.35,100511,54
23.35,100515,54
23.36,100513,54
23.32,100517,54
23.28,100516,54
23.28,100511,54
23.28,100511,54
23.24,100516,54
23.22,100523,54
23.2,100517,54
23.22,100523,54
23.21,100513,54
23.23,100514,54
23.24,100516,54
23.24,100516,54
23.24,100512,54
23.26,100515,54
23.26,100513,54
23.28,100516,54
23.28,100516,54
23.3,100517,54
23.32,100512,54
23.31,100516,54
23.32,100520,54
23.32,100517,54
23.33,100516,54
23.33,100519,54
23.34,100521,54
23.34,100510,54
23.35,100523,54
23.35,100517,54
23.34,100516,54
23.36,100518,54
23.35,100514,54
23.34,100512,54
23.31,100516,54
23.32,100518,54
23.31,100511,54
23.31,100504,54
23.31,100519,54
23.29,100518,54
23.27,100518,54
23.27,100514,54
23.23,100508,54
23.24,100527,54
23.24,100515,54
23.22,100523,54
23.21,100515,54
23.21,100510,54
23.19,100520,54
23.2,100519,54
23.17,100520,54
23.16,100518,54
23.15,100516,54
23.14,100520,54
23.11,100513,54
23.09,100519,54
23.09,100519,54
23.09,100513,54
23.08,100517,54
23.11,100516,54
23.11,100521,54
23.13,100518,54
23.12,100512,54
23.13,100524,54
23.15,100522,54
23.16,100518,54
23.16,100518,55
23.16,100513,55
23.18,100521,55
23.18,100517,55
23.18,100517,55
23.18,100517,55
23.2,100519,55
23.2,100519,55
23.2,100508,55
23.21,100510,55
23.21,100521,54
23.19,100516,54
23.18,100522,54
23.19,100515,54
23.19,100517,54
23.19,100512,54
23.18,100513,54
23.18,100517,54
23.18,100519,54
23.17,100517,54
23.16,100518,54
23.17,100515,54
23.16,100518,54
23.16,100516,54
23.16,100518,54
23.15,100517,54
23.13,100513,54
23.13,100518,54
23.13,100516,54
23.14,100527,54
23.13,100507,54
23.11,100515,54
23.08,100517,54
23.1,100511,54
23.09,100513,54
23.07,100516,54
23.07,100516,54
23.07,100516,54
23.07,100509,54
23.05,100515,54
23.04,100521,54
23.05,100518,54
23.04,100515,54
23.04,100516,54
23.04,100521,54
23.04,100521,54
23.04,100522,54
23.04,100516,54
23.06,100517,54
23.05,100515,54
23.04,100518,54
23.03,100519,54
23.05,100518,54
23.03,100514,54
23.02,100515,54
23.03,100514,54
23.04,100522,54
23.04,100519,54
23.04,100512,54
23.03,100514,54
23.03,100513,54
23.04,100510,54
23.04,100516,54
23.03,100520,54
23.05,100512,54
23.05,100512,54
23.07,100516,54
23.07,100521,54
23.08,100523,54
23.08,100514,54
23.11,100523,54
23.11,100512,54
23.11,100521,54
23.12,100511,54
23.13,100516,54
23.13,100513,54
23.15,100522,54
23.15,100514,54
23.13,100518,54
23.13,100510,54
23.13,100518,54
23.11,100521,54
23.11,100510,54
23.13,100513,54
23.11,100521,54
23.11,100510,54
23.12,100520,54
23.13,100518,54
23.12,100517,54
23.11,100516,54
23.09,100511,54
23.11,100515,54
23.09,100519,54
23.09,100516,54
23.09,100516,54
23.11,100512,54
23.12,100518,54
23.11,100518,55
23.12,100517,55
23.12,100511,54
23.12,100517,55
23.11,100516,55
23.09,100519,55
23.11,100521,55
23.12,100517,55
23.12,100529,55
23.13,100518,55
23.14,100513,55
23.15,100516,55
23.14,100521,55
23.14,100517,55
23.16,100521,55
23.17,100520,55
23.17,100520,55
23.17,100520,55
23.18,100506,55
23.19,100506,55
23.17,100509,54
23.15,100511,54
23.15,100516,54
23.14,100515,54
23.14,100509,54
23.16,100518,54
23.14,100512,54
23.13,100516,54
23.12,100506,54
23.13,100513,54
23.12,100518,54
23.12,100514,54
23.09,100519,54
23.11,100515,54
23.11,100515,54
23.08,100514,54
23.07,100509,54
23.08,100516,54
23.04,100513,54
23.05,100512,54
23.04,100516,54
23.04,100516,54
23.03,100517,54
23.03,100520,54
23.02,100513,54
23.02,100513,54
23,100518,54
23,100512,54
23,100515,54
23.01,100516,54
22.97,100517,54
22.98,100509,54
22.96,100514,54
22.95,100517,54
22.94,100516,54
22.95,100519,54
22.93,100514,54
22.92,100512,54
22.91,100516,54
22.91,100522,54
22.91,100515,54
22.9,100519,54
22.89,100515,54
22.89,100516,54
22.88,100517,54
22.88,100519,54
22.86,100513,54
22.86,100519,54
22.85,100511,54
22.85,100517,54
22.83,100514,54
22.83,100514,54
22.84,100515,54
22.82,100518,54
22.83,100513,55
22.81,100510,55
22.82,100514,55
22.8,100514,55
22.8,100517,55
22.8,100520,55
22.81,100519,55
22.82,100518,55
22.81,100516,55
22.82,100517,55
22.81,100521,55
22.82,100518,55
22.8,100514,55
22.78,100511,55
22.78,100513,55
22.76,100524,55
22.77,100518,55
22.75,100517,55
22.72,100517,55
22.74,100515,55
22.74,100521,55
22.74,100515,55
22.75,100514,55
22.74,100518,55
22.75,100520,55
22.75,100517,55
22.77,100514,55
22.78,100510,55
22.8,100520,55
22.82,100509,55
22.81,100516,55
22.82,100517,55
22.83,100517,55
22.84,100510,55
22.85,100512,55
22.85,100517,55
22.85,100514,55
22.88,100513,55
22.88,100517,55
22.87,100521,55
22.86,100513,55
22.87,100518,55
22.89,100513,55
22.9,100517,55
22.9,100509,55
22.9,100520,55
22.91,100515,55
22.91,100522,55
22.92,100512,55
22.93,100519,55
22.91,100516,55
22.94,100515,55
22.94,100518,55
22.94,100513,55
22.95,100517,55
22.97,100526,55
22.97,100514,55
22.98,100513,55
23,100514,55
23,100515,55
23.02,100518,55
23.03,100514,55
23.04,100516,55
23.04,100521,55
23.03,100514,55
23.03,100519,55
23.02,100513,54
23,100517,54
23.01,100510,54
22.97,100514,55
22.95,100509,55
22.95,100511,55
22.94,100518,55
22.94,100518,55
22.93,100517,55
22.93,100520,55
22.92,100512,55
22.94,100519,55
22.95,100515,55
22.94,100519,55
22.95,100515,55
22.97,100521,55
22.98,100516,55
22.98,100514,55
22.99,100516,55
22.99,100513,55
23.01,100513,55
23.01,100516,55
23.01,100511,55
23.01,100514,55
23.02,100513,55
23.04,100516,55
23.04,100510,55
23.04,100513,55
23.05,100515,55
23.07,100515,55
23.08,100516,55
23.08,100506,55
23.09,100513,55
23.12,100517,55
23.13,100516,55
23.15,100517,55
23.16,100516,55
23.17,100515,55
23.18,100519,55
23.2,100519,55
23.2,100508,55
23.21,100511,55
23.22,100511,55
23.22,100509,55
23.23,100513,55
23.21,100504,55
23.22,100511,54
23.23,100510,54
23.21,100510,54
23.19,100507,54
23.18,100507,54
23.16,100504,54
23.16,100512,54
23.14,100510,54
23.14,100515,54
23.12,100515,54
23.11,100518,54
23.09,100519,54
23.08,100517,54
23.05,100515,54
23.04,100507,54
23.01,100511,54
23.02,100509,54
23,100509,54
23,100509,55
22.98,100517,55
22.98,100514,55
22.99,100512,55
22.97,100514,55
22.96,100513,55
22.96,100514,55
22.94,100510,55
22.94,100519,55
22.94,100516,55
22.94,100516,55
22.93,100514,55
22.95,100517,55
22.92,100521,55
22.91,100522,55
22.92,100514,55
22.91,100516,55
22.92,100515,55
22.92,100512,55
22.92,100515,55
22.92,100509,55
22.92,100510,55
22.93,100514,55
22.93,100511,55
22.94,100507,55
22.94,100513,55
22.93,100514,55
22.93,100514,55
22.94,100513,54
22.94,100519,55
22.93,100514,54
22.94,100510,54
22.94,100509,54
22.95,100515,54
22.94,100515,54
22.94,100509,54
22.94,100507,54
22.94,100505,54
22.95,100512,54
22.95,100509,54
22.96,100508,54
22.98,100511,54
22.98,100511,54
22.98,100514,54
22.99,100513,53
22.99,100510,53
23.01,100507,53
23.01,100508,53
23.01,100516,53
23.03,100513,53
23.04,100516,53
23.04,100510,53
23.04,100513,53
23.06,100506,53
23.08,100512,53
23.08,100512,53
23.09,100511,53
23.09,100511,53
23.12,100508,53
23.13,100507,53
23.14,100510,53
23.15,100516,53
23.17,100514,53
23.18,100513,53
23.18,100511,53
23.19,100507,53
23.2,100506,53
23.19,100507,53
23.2,100503,53
23.22,100511,53
23.22,100511,53
23.22,100507,53
23.23,100508,53
23.25,100511,53
23.26,100508,53
23.26,100508,53
23.27,100509,53
23.27,100509,53
23.27,100514,53
23.3,100511,53
23.3,100509,53
23.32,100512,53
23.33,100508,53
23.33,100508,53
23.35,100507,53
23.36,100507,53
23.37,100513,53
23.37,100509,53
23.39,100513,53
23.41,100508,53
23.4,100509,53
23.42,100512,53
23.43,100514,53
23.44,100504,53
23.45,100509,53
23.45,100506,53
23.46,100508,53
23.48,100508,54
23.48,100508,54
23.45,100512,54
23.45,100506,54
23.45,100506,53
23.44,100505,53
23.42,100506,53
23.39,100504,53
23.38,100505,53
23.38,100511,53
23.37,100506,54
23.35,100511,54
23.36,100507,54
23.37,100506,54
23.37,100512,54
23.36,100503,54
23.37,100515,54
23.37,100515,54
23.39,100512,54
23.39,100510,54
23.4,100509,54
23.42,100512,54
23.45,100509,54
23.46,100508,54
23.47,100509,54
23.46,100505,54
23.45,100509,54
23.43,100503,54
23.43,100508,54
23.41,100508,54
23.4,100506,54
23.38,100516,54
23.36,100508,54
23.35,100515,54
23.35,100507,54
23.34,100510,54
23.31,100508,54
23.31,100505,54
23.31,100510,54
23.28,100502,54
23.28,100511,54
23.25,100503,54
23.26,100508,54
23.26,100507,54
23.25,100506,54
23.25,100506,54
23.24,100509,54
23.24,100509,54
23.22,100510,54
23.23,100508,54
23.23,100502,54
23.24,100507,54
23.24,100501,54
23.26,100502,54
23.27,100506,54
23.27,100510,54
23.28,100506,54
23.29,100507,54
23.3,100508,54
23.3,100508,54
23.3,100511,54
23.32,100515,54
23.32,100512,54
23.32,100506,54
23.33,100509,54
23.32,100506,54
23.32,100506,54
23.34,100508,54
23.35,100511,54
23.36,100507,54
23.38,100511,54
23.38,100511,54
23.37,100504,54
23.38,100511,54
23.39,100504,54
23.39,100508,54
23.39,100504,53
23.37,100510,53
23.35,100506,53
23.34,100515,53
23.34,100510,53
23.34,100505,53
23.35,100511,53
23.35,100506,53
23.35,100500,54
18.41,101130,51
18.42,101129,51
18.42,101134,51
18.44,101129,51
18.44,101132,51
18.43,101123,51
18.45,101129,51
18.46,101128,51
18.47,101137,51
18.47,101127,51
18.48,101120,51
18.51,101125,51
18.51,101134,51
18.53,101133,51
18.53,101124,51
18.53,101128,51
18.55,101126,51
18.56,101127,51
18.59,101132,51
18.59,101132,51
18.61,101124,51
18.62,101134,51
18.63,101131,51
18.64,101127,51
18.65,101123,51
18.65,101127,51
18.66,101134,51
18.68,101126,51
18.69,101133,51
18.7,101123,51
18.71,101130,51
18.7,101127,50
18.69,101131,50
18.71,101126,50
18.73,101123,50
18.7,101134,50
18.71,101137,50
18.72,101132,50
18.72,101132,50
18.73,101131,50
18.73,101128,50
18.73,101134,50
18.75,101132,50
18.75,101132,50
18.76,101133,50
18.76,101128,50
18.75,101133,50
18.75,101126,50
18.76,101133,50
18.76,101133,50
18.74,101136,50
18.74,101133,50
18.74,101133,50
18.73,101124,50
18.71,101130,50
18.72,101132,51
18.71,101130,51
18.71,101130,51
18.71,101133,51
18.7,101131,51
18.7,101129,51
18.68,101134,52
18.68,101128,52
18.7,101134,51
18.69,101133,52
18.68,101134,52
18.68,101136,51
18.67,101133,51
18.68,101134,51
18.66,101133,51
18.66,101130,51
18.66,101134,51
18.66,101133,51
18.66,101127,51
18.67,101129,51
18.68,101131,51
18.68,101136,52
18.67,101129,52
18.68,101131,52
18.66,101134,52
18.67,101132,52
18.66,101137,52
18.66,101130,52
18.67,101129,52
18.67,101133,53
18.68,101131,53
18.69,101138,52
18.69,101127,52
18.7,101137,52
18.7,101137,53
18.71,101141,53
18.7,101134,53
18.69,101138,52
18.69,101144,51
18.65,101137,51
18.63,101140,51
18.64,101135,51
18.6,101142,51
18.59,101132,51
18.57,101134,51
18.56,101143,51
18.55,101137,51
18.54,101134,51
18.51,101139,51
18.49,101133,51
18.47,101141,51
18.46,101144,52
18.44,101136,51
18.42,101137,51
18.38,101136,51
18.39,101137,51
18.38,101138,51
18.35,101142,51
18.33,101139,51
18.33,101132,51
18.32,101137,51
18.33,101132,51
18.31,101141,51
18.31,101130,51
18.29,101135,51
18.29,101142,51
18.26,101132,52
18.26,101127,52
18.26,101127,51
18.25,101131,51
18.25,101131,51
18.25,101133,51
18.24,101134,51
18.25,101138,51
18.25,101133,51
18.23,101133,51
18.23,101138,51
18.23,101137,51
18.21,101137,51
18.19,101134,51
18.19,101134,51
18.2,101143,51
18.18,101132,51
18.18,101129,51
18.16,101143,51
18.18,101135,51
18.17,101128,51
18.17,101135,51
18.17,101139,51
18.16,101140,51
18.16,101137,51
18.16,101136,51
18.16,101137,51
18.15,101141,51
18.14,101134,51
18.14,101139,51
18.14,101137,51
18.15,101135,52
18.13,101129,52
18.13,101138,52
18.12,101130,52
18.14,101136,52
18.12,101127,52
18.12,101135,52
18.1,101135,52
18.11,101129,52
18.11,101139,52
18.1,101138,52
18.12,101130,53
18.11,101140,53
18.12,101139,53
18.12,101141,53
18.11,101134,53
18.13,101140,53
18.12,101132,53
18.13,101140,53
18.14,101139,53
18.12,101139,53
18.13,101135,53
18.14,101139,53
18.15,101130,53
18.14,101141,53
18.11,101139,53
18.08,101140,52
18.07,101138,52
18.05,101136,52
18.03,101132,52
18.01,101136,52
17.99,101136,52
17.97,101138,52
17.93,101132,51
17.91,101133,51
17.89,101132,52
17.88,101136,52
17.86,101133,52
17.84,101138,52
17.84,101129,52
17.84,101138,52
17.83,101130,52
17.85,101139,52
17.83,101137,52
17.84,101132,52
17.84,101135,52
17.83,101130,52
17.83,101140,52
17.84,101138,52
17.85,101135,52
17.85,101135,52
17.85,101134,52
17.84,101138,52
17.83,101137,52
17.86,101141,52
17.84,101135,52
17.82,101134,52
17.81,101138,52
17.81,101133,52
17.81,101139,52
17.8,101131,52
17.8,101136,52
17.78,101137,52
17.79,101138,52
17.79,101135,52
17.78,101136,52
17.77,101138,52
17.78,101138,52
17.78,101138,52
17.77,101138,52
17.77,101145,52
17.77,101137,52
17.75,101140,53
17.75,101140,53
17.74,101137,52
17.72,101137,52
17.74,101137,52
17.74,101132,52
17.77,101137,52
17.76,101135,52
17.76,101135,52
17.76,101141,53
17.76,101141,53
17.77,101143,53
17.77,101142,53
17.78,101136,53
17.78,101138,53
17.79,101135,53
17.79,101146,53
17.79,101132,53
17.81,101141,53
17.81,101138,53
17.81,101142,53
17.81,101144,53
17.81,101138,53
17.81,101133,53
17.82,101140,54
17.82,101137,54
17.82,101134,54
17.82,101137,54
17.8,101140,53
17.79,101146,53
17.79,101137,53
17.78,101139,53
17.79,101135,53
17.79,101137,53
17.78,101134,53
17.79,101135,53
17.78,101139,54
17.79,101135,54
17.8,101136,54
17.8,101143,53
17.8,101140,53
17.81,101139,53
17.82,101134,53
17.83,101136,53
17.84,101138,53
17.83,101136,53
17.82,101129,53
17.83,101142,53
17.83,101136,53
17.83,101141,53
17.81,101130,53
17.83,101136,53
17.84,101139,53
17.84,101129,53
17.86,101136,53
17.87,101137,53
17.86,101136,53
17.86,101138,53
17.87,101137,53
17.88,101139,53
17.88,101139,53
17.87,101135,53
17.86,101139,53
17.88,101140,53
17.88,101139,53
17.89,101141,53
17.89,101135,53
17.9,101140,53
17.9,101142,53
17.91,101139,54
17.92,101143,54
17.92,101138,54
17.94,101144,54
17.93,101137,53
17.91,101134,54
17.92,101136,53
17.93,101137,53
17.93,101137,53
17.93,101143,53
17.95,101137,53
17.96,101147,53
17.98,101137,53
18.0,101140,53
18.01,101145,53
18.02,101141,53
18.03,101140,53
18.02,101136,53
18.03,101140,53
18.03,101137,53
18.04,101139,53
18.06,101139,53
18.07,101141,53
18.08,101135,53
18.09,101145,53
18.1,101137,53
18.11,101144,53
18.11,101136,53
18.13,101135,53
18.13,101138,53
18.15,101136,53
18.15,101144,53
18.16,101140,53
18.15,101136,53
18.14,101139,53
18.14,101139,52
18.12,101138,52
18.11,101140,52
18.1,101138,52
18.08,101140,52
18.1,101133,52
18.09,101141,52
18.11,101144,52
18.11,101140,52
18.09,101135,52
18.1,101138,52
18.09,101134,52
18.09,101136,52
18.07,101138,52
18.08,101139,52
18.06,101137,52
18.05,101135,52
18.04,101133,52
18.03,101134,52
18.02,101136,52
18.03,101143,52
18.02,101139,52
18.03,101141,52
18.04,101142,52
18.05,101141,52
18.04,101139,52
18.04,101142,53
18.03,101143,53
18.04,101144,53
18.05,101141,53
18.07,101138,53
18.08,101142,53
18.08,101135,53
18.09,101144,53
18.09,101142,53
18.09,101141,53
18.09,101138,53
18.09,101139,53
18.1,101137,53
18.1,101141,54
18.11,101140,54
18.11,101139,54
18.13,101143,54
18.13,101146,54
18.14,101145,54
18.14,101142,54
18.13,101148,54
18.13,101140,54
18.16,101150,54
18.17,101144,54
18.17,101145,54
18.18,101141,54
18.18,101141,54
18.2,101144,54
18.2,101146,54
18.21,101145,54
18.21,101140,54
18.2,101141,54
18.21,101140,54
18.23,101149,54
18.22,101142,54
18.21,101149,53
18.21,101145,53
18.21,101150,53
18.21,101145,53
18.23,101147,53
18.19,101142,52
18.19,101145,52
18.2,101141,52
18.2,101143,52
18.2,101152,52
18.21,101140,52
18.22,101141,52
18.21,101146,52
18.2,101144,52
18.19,101134,52
18.22,101141,52
18.22,101142,51
18.23,101144,51
18.24,101140,51
18.24,101137,51
18.25,101141,52
18.25,101144,52
18.24,101140,52
18.24,101143,52
18.24,101142,52
18.23,101144,52
18.23,101146,52
18.22,101148,52
18.21,101146,53
18.22,101148,53
18.23,101143,53
18.2,101139,53
18.2,101144,53
18.19,101142,53
18.21,101145,53
18.2,101143,53
18.2,101147,53
18.19,101145,53
18.2,101144,53
18.18,101137,53
18.16,101143,53
18.16,101143,53
18.15,101138,53
18.15,101140,53
18.14,101139,53
18.13,101138,53
18.13,101145,53
18.12,101136,53
18.15,101147,54
18.16,101143,54
18.16,101142,54
18.18,101143,53
18.16,101143,53
18.18,101149,53
18.18,101146,53
18.18,101143,53
18.18,101143,53
18.16,101137,53
18.18,101140,53
18.17,101145,52
18.17,101147,52
18.18,101146,52
18.18,101141,52
18.19,101148,52
18.2,101150,52
18.19,101142,52
18.19,101148,52
18.18,101146,52
18.16,101143,52
18.15,101144,52
18.14,101145,52
18.12,101147,52
18.11,101145,52
18.1,101144,52
18.1,101144,52
18.08,101148,52
18.06,101139,52
18.02,101141,52
18.02,101141,52
18.0,101143,52
17.99,101141,52
17.97,101149,52
17.95,101141,52
17.95,101145,52
17.95,101148,52
17.94,101144,52
17.93,101148,52
17.93,101143,52
17.93,101145,52
17.93,101142,52
17.91,101144,52
17.92,101141,52
17.93,101139,52
17.94,101149,52
17.92,101141,52
17.93,101148,52
17.92,101146,52
17.9,101148,52
17.9,101154,52
17.88,101145,52
17.89,101149,52
17.88,101145,52
17.89,101146,52
17.89,101146,52
17.92,101151,52
17.92,101143,52
17.9,101148,52
17.89,101144,52
17.86,101150,52
17.84,101144,51
17.83,101147,51
17.81,101147,51
17.82,101145,51
17.84,101149,51
17.86,101147,51
17.86,101152,51
17.87,101151,51
17.85,101146,51
17.84,101149,51
17.82,101143,51
17.8,101153,51
17.79,101144,50
17.8,101147,50
17.79,101146,50
17.79,101140,50
17.79,101146,50
17.78,101139,50
17.78,101141,50
17.76,101141,50
17.75,101145,50
17.75,101139,50
17.75,101140,51
17.75,101144,51
17.73,101144,51
17.72,101142,51
17.71,101143,51
17.69,101137,51
17.71,101137,51
17.71,101137,51
17.7,101150,51
17.7,101142,51
17.69,101140,51
17.69,101145,51
17.69,101142,52
17.69,101145,52
17.69,101145,52
17.69,101151,52
17.68,101150,52
17.66,101146,52
17.68,101149,52
17.67,101142,52
17.68,101149,52
17.67,101136,52
17.68,101149,52
17.69,101145,52
17.69,101140,52
17.7,101147,52
17.69,101151,52
17.69,101151,52
17.69,101148,52
17.69,101142,52
17.7,101145,52
17.7,101148,52
17.71,101144,52
17.71,101151,52
17.71,101148,52
17.72,101150,52
17.7,101147,52
17.69,101151,52
17.68,101154,52
17.69,101151,52
17.67,101153,52
17.65,101153,52
17.65,101149,52
17.63,101152,52
17.64,101148,52
17.64,101148,52
17.63,101146,52
17.63,101147,52
17.62,101141,52
17.63,101147,52
17.63,101143,52
17.65,101146,52
17.64,101139,52
17.64,101145,52
17.62,101144,53
17.63,101151,53
17.63,101149,53
17.64,101150,53
17.62,101150,53
17.62,101147,53
17.61,101143,53
17.58,101144,53
17.58,101144,53
17.58,101146,53
17.57,101148,53
17.57,101143,53
17.54,101148,53
17.53,101141,52
17.53,101152,53
17.53,101152,53
17.54,101148,53
17.54,101154,53
17.53,101139,53
17.53,101143,53
17.52,101140,53
17.52,101140,53
17.54,101148,53
17.54,101143,53
17.53,101141,53
17.56,101147,53
17.56,101147,53
17.57,101147,53
17.57,101148,53
17.58,101144,53
17.59,101138,53
17.61,101149,53
17.63,101146,53
17.63,101140,53
17.66,101148,53
17.66,101145,53
17.67,101144,53
17.68,101143,53
17.69,101145,53
17.7,101147,53
17.72,101147,53
17.72,101146,53
17.73,101142,53
17.74,101137,53
17.74,101143,53
17.75,101144,53
17.75,101140,52
17.75,101144,53
17.77,101142,53
17.76,101146,53
17.77,101145,53
17.78,101144,53
17.78,101145,53
17.79,101151,53
17.79,101146,53
17.8,101147,53
17.81,101144,53
17.81,101149,53
17.82,101143,53
17.8,101143,53
17.8,101145,52
17.79,101140,52
17.82,101145,52
17.83,101147,52
17.84,101150,52
17.86,101147,52
17.86,101147,52
17.86,101149,52
17.85,101145,52
17.86,101141,52
17.86,101142,52
17.85,101139,52
17.86,101147,52
17.87,101143,52
17.87,101146,52
17.88,101142,52
17.88,101145,52
17.88,101139,52
17.89,101142,52
17.9,101145,52
17.9,101142,52
17.91,101141,52
17.89,101147,52
17.88,101148,52
17.88,101145,52
17.87,101152,52
17.83,101150,52
17.78,101155,52
17.68,101154,52
17.66,101149,52
17.66,101151,52
17.64,101143,52
17.61,101151,52
17.59,101143,52
17.56,101147,52
17.55,101149,52
17.54,101149,52
17.53,101143,53
17.52,101144,53
17.5,101155,53
17.49,101151,53
17.48,101144,52
17.48,101147,52
17.49,101153,53
17.48,101147,53
17.47,101156,53
17.44,101148,53
17.44,101151,52
17.43,101146,52
17.41,101146,52
17.38,101149,53
17.38,101146,53
17.36,101145,53
17.34,101145,53
17.35,101144,53
17.34,101142,53
17.34,101142,53
17.35,101141,53
17.35,101143,53
17.34,101136,53
17.35,101144,53
17.38,101142,53
17.39,101142,53
17.41,101146,53
17.41,101146,53
17.43,101141,53
17.44,101148,53
17.46,101138,53
17.47,101137,53
17.49,101146,53
17.5,101150,53
17.53,101146,53
17.54,101153,53
17.54,101145,53
17.55,101139,53
17.56,101146,53
17.56,101144,53
17.57,101143,53
17.57,101140,53
17.59,101143,53
17.59,101141,53
17.61,101142,53
17.63,101141,53
17.65,101141,53
17.66,101137,53
17.67,101142,53
17.67,101142,53
17.69,101145,53
17.7,101141,53
17.71,101140,53
17.73,101144,53
17.73,101146,53
17.72,101147,53
17.73,101149,54
17.71,101140,54
17.71,101146,54
17.71,101137,54
17.71,101148,54
17.72,101150,54
17.7,101148,54
17.69,101146,54
17.71,101137,54
17.72,101145,54
17.71,101144,54
17.71,101148,54
17.73,101149,54
17.71,101143,54
17.72,101150,54
17.72,101140,54
17.74,101143,54
17.75,101145,54
17.75,101139,54
17.76,101146,54
17.76,101139,53
17.79,101146,53
17.8,101147,53
17.76,101141,53
17.78,101144,53
17.77,101146,53
17.78,101138,53
17.78,101138,53
17.78,101141,53
17.79,101146,53
17.79,101146,53
17.79,101138,53
17.79,101138,53
17.79,101143,53
17.79,101146,54
17.8,101147,54
17.79,101140,54
17.79,101141,54
17.78,101138,54
17.77,101145,54
17.77,101137,54
17.78,101138,53
17.77,101142,54
17.76,101146,54
17.76,101141,53
17.72,101139,53
17.7,101141,53
17.7,101141,53
17.71,101143,53
17.71,101143,53
17.7,101147,53
17.7,101141,53
17.71,101146,54
17.71,101143,53
17.68,101143,53
17.69,101145,53
17.7,101136,53
17.69,101134,53
17.69,101145,53
17.69,101145,53
17.69,101146,53
17.71,101144,53
17.71,101148,53
17.71,101149,53
17.73,101141,53
17.71,101141,53
17.72,101139,53
17.72,101147,53
17.72,101140,53
17.72,101146,53
17.72,101140,53
17.73,101141,53
17.73,101141,53
17.74,101143,53
17.75,101150,53
17.76,101143,53
17.76,101146,53
17.78,101134,53
17.78,101144,53
17.79,101143,53
17.79,101146,53
17.81,101138,53
17.81,101149,53
17.81,101142,53
17.81,101139,53
17.81,101150,53
17.81,101144,53
17.81,101144,53
17.82,101145,53
17.81,101144,53
17.81,101144,53
17.81,101152,53
17.79,101146,53
17.78,101144,52
17.77,101142,52
17.76,101152,52
17.76,101141,53
17.77,101142,53
17.76,101149,53
17.76,101141,53
17.76,101152,53
17.75,101145,53
17.75,101150,53
17.75,101144,53
17.74,101149,52
17.73,101146,52
17.73,101144,52
17.73,101145,52
17.74,101145,52
17.74,101148,52
17.74,101148,52
17.76,101143,52
17.75,101145,52
17.78,101149,52
17.77,101137,51
17.75,101150,51
17.75,101142,51
17.74,101137,51
17.74,101138,51
17.76,101141,51
17.75,101139,51
17.77,101142,51
17.77,101139,51
17.78,101147,50
17.78,101141,50
17.76,101146,50
17.74,101143,50
17.75,101144,50
17.75,101144,50
17.76,101141,50
17.79,101146,50
17.79,101149,50
17.8,101147,50
17.8,101139,51
17.81,101147,51
17.81,101144,51
17.81,101153,51
17.8,101148,51
17.79,101152,51
17.78,101144,51
17.79,101148,51
17.75,101150,51
17.76,101146,51
17.75,101150,51
17.74,101154,51
17.74,101154,51
17.72,101150,51
17.71,101157,51
17.71,101151,51
17.72,101150,51
17.72,101154,51
17.71,101149,51
17.69,101148,51
17.68,101154,51
17.67,101153,51
17.66,101151,51
17.65,101149,51
17.65,101144,51
17.64,101137,51
17.63,101141,51
17.62,101155,51
17.61,101143,51
17.62,101144,51
17.61,101138,51
17.61,101148,51
17.61,101149,51
17.62,101152,51
17.61,101148,51
17.6,101150,51
17.6,101144,51
17.59,101145,51
17.59,101151,51
17.57,101148,51
17.56,101141,51
17.55,101149,51
17.54,101146,51
17.54,101146,51
17.55,101149,51
17.56,101148,51
17.53,101144,51
17.53,101147,51
17.52,101148,51
17.51,101154,51
17.51,101149,51
17.5,101152,51
17.49,101146,51
17.48,101152,51
17.47,101153,51
17.48,101149,51
17.46,101151,51
17.45,101147,51
17.45,101149,51
17.43,101146,52
17.42,101150,51
17.42,101156,52
17.42,101150,52
17.41,101151,52
17.42,101144,52
17.41,101148,52
17.41,101148,52
17.4,101149,52
17.41,101148,52
17.43,101149,52
17.43,101146,52
17.45,101149,52
17.46,101142,52
17.47,101142,52
17.47,101148,52
17.48,101147,52
17.49,101150,52
17.49,101151,52
17.49,101146,52
17.49,101146,52
17.47,101142,52
17.49,101146,52
17.5,101145,52
17.5,101147,52
17.5,101145,52
17.52,101144,52
17.53,101152,52
17.53,101152,52
17.53,101141,52
17.54,101143,52
17.55,101147,52
17.53,101147,52
17.55,101148,52
17.55,101142,52
17.57,101148,52
17.56,101144,52
17.57,101151,52
17.58,101147,52
17.59,101143,52
17.6,101147,52
17.61,101142,52
17.62,101150,52
17.62,101144,52
17.64,101148,52
17.63,101146,52
17.63,101149,52
17.65,101149,52
17.66,101146,52
17.68,101150,52
17.68,101150,52
17.7,101147,52
17.71,101146,52
17.72,101154,52
17.72,101145,52
17.73,101141,52
17.73,101142,52
17.73,101147,52
17.72,101145,52
17.72,101148,52
17.71,101151,52
17.71,101149,52
17.7,101142,52
17.71,101149,52
17.72,101145,52
17.71,101148,52
17.71,101143,52
17.7,101152,52
17.71,101140,52
17.71,101148,52
17.71,101149,52
17.72,101145,52
17.72,101146,52
17.72,101153,52
17.72,101150,53
17.71,101151,53
17.71,101152,53
17.69,101145,53
17.68,101150,53
17.67,101147,53
17.67,101148,53
17.67,101158,53
17.66,101148,53
17.65,101150,53
17.65,101149,53
17.62,101150,52
17.62,101150,52
17.61,101148,52
17.59,101141,52
17.61,101148,52
17.64,101148,52
17.62,101147,52
17.6,101147,52
17.6,101153,52
17.58,101153,52
17.58,101149,52
17.59,101146,52
17.58,101153,52
17.57,101151,52
17.57,101143,52
17.57,101154,52
17.57,101145,52
17.58,101150,52
17.56,101144,52
17.56,101147,52
17.57,101147,52
17.57,101146,52
17.57,101137,52
17.58,101144,52
17.58,101144,52
17.59,101149,52
17.62,101150,52
17.63,101152,52
17.64,101153,52
17.64,101148,52
17.64,101150,52
17.64,101148,52
17.64,101153,52
17.62,101152,51
17.63,101151,51
17.61,101153,51
17.58,101144,52
17.57,101146,52
17.55,101145,52
17.56,101149,52
17.55,101144,51
17.54,101146,51
17.52,101151,51
17.53,101154,51
17.51,101143,51
17.5,101153,51
17.49,101151,51
17.48,101152,51
17.46,101149,51
17.45,101147,51
17.44,101145,51
17.43,101146,51
17.42,101145,51
17.41,101148,51
17.4,101146,51
17.38,101149,51
17.38,101149,51
17.37,101142,51
17.37,101144,51
17.38,101149,51
17.36,101145,51
17.36,101156,51
17.35,101146,51
17.35,101146,52
17.36,101150,52
17.35,101149,52
17.36,101145,52
17.36,101145,52
17.36,101148,52
17.36,101150,52
17.36,101139,52
17.36,101148,52
17.36,101145,52
17.36,101145,52
17.37,101150,52
17.37,101150,52
17.37,101144,52
17.38,101146,52
17.39,101150,52
17.38,101146,53
17.39,101150,53
17.38,101151,53
17.4,101152,53
17.41,101148,53
17.41,101137,53
17.43,101145,53
17.43,101146,52
17.45,101146,53
17.45,101149,53
17.46,101146,53
17.47,101144,53
17.47,101150,53
17.47,101148,53
17.47,101148,53
17.48,101149,53
17.48,101138,53
17.49,101150,53
17.5,101147,53
17.5,101142,53
17.52,101150,53
17.51,101148,53
17.51,101143,53
17.52,101142,53
17.53,101149,53
17.51,101146,53
17.51,101143,53
17.53,101141,53
17.53,101147,53
17.55,101150,54
17.56,101151,54
17.55,101145,54
17.57,101148,54
17.59,101143,54
17.6,101153,54
17.62,101155,54
17.63,101151,54
17.64,101150,54
17.64,101148,54
17.64,101148,54
17.65,101144,53
17.64,101151,53
17.66,101151,53
17.67,101147,53
17.66,101151,54
17.66,101149,54
17.67,101142,54
17.68,101149,54
17.69,101145,54
17.71,101151,54
17.69,101151,54
17.7,101150,54
17.69,101156,54
17.71,101154,54
17.71,101148,54
17.7,101152,54
17.71,101148,54
17.7,101150,54
17.7,101152,54
17.68,101149,54
17.68,101149,54
17.69,101151,54
17.69,101145,54
17.68,101141,54
17.68,101139,54
17.69,101151,54
17.68,101146,54
17.69,101142,54
17.7,101150,54
17.7,101150,54
17.69,101149,54
17.7,101156,54
17.71,101143,54
17.71,101138,54
17.71,101140,54
17.71,101151,54
17.73,101153,54
17.72,101151,54
17.72,101153,54
17.7,101158,54
17.7,101150,54
17.68,101146,53
17.66,101152,53
17.65,101138,53
17.64,101151,53
17.65,101149,53
17.67,101147,53
17.7,101152,53
17.69,101149,53
17.71,101154,53
17.69,101154,53
17.7,101153,53
17.69,101151,53
17.69,101151,54
17.7,101152,54
17.69,101148,54
17.69,101157,54
17.67,101150,54
17.68,101152,54
17.68,101152,54
17.7,101152,54
17.71,101154,54
17.71,101154,54
17.7,101152,54
17.7,101152,54
17.71,101152,54
17.71,101143,54
17.69,101153,54
17.68,101154,53
17.67,101150,53
17.68,101152,53
17.66,101156,53
17.63,101152,53
17.61,101148,53
17.61,101154,52
17.59,101152,52
17.59,101151,52
17.59,101148,52
17.59,101157,53
17.58,101150,53
17.57,101148,53
17.56,101155,53
17.56,101149,53
17.57,101158,53
17.57,101151,53
17.57,101151,53
17.58,101150,53
17.58,101155,53
17.58,101160,53
17.56,101152,53
17.56,101147,53
17.56,101158,53
17.57,101147,53
17.56,101149,53
17.57,101156,53
17.56,101155,53
17.55,101150,53
17.55,101153,53
17.55,101153,53
17.55,101156,53
17.53,101152,54
17.54,101151,54
17.53,101157,54
17.53,101152,54
17.54,101151,54
17.52,101153,54
17.52,101156,54
17.53,101147,54
17.53,101150,54
17.54,101142,54
17.54,101154,54
17.53,101152,54
17.55,101152,54
17.56,101159,54
17.57,101147,54
17.57,101154,54
17.57,101148,54
17.59,101151,54
17.57,101151,54
17.57,101153,54
17.55,101150,54
17.54,101154,54
17.55,101148,55
17.56,101152,55
17.56,101155,55
17.57,101148,55
17.58,101153,55
17.59,101146,55
17.59,101152,55
17.61,101151,55
17.61,101151,55
17.59,101152,54
17.59,101157,54
17.59,101154,54
17.59,101154,54
17.57,101158,54
17.56,101152,54
17.56,101158,55
17.53,101152,55
17.51,101160,55
17.51,101149,55
17.51,101149,55
17.5,101153,55
17.49,101151,55
17.49,101153,55
17.48,101155,55
17.49,101150,55
17.49,101150,55
17.49,101157,56
17.49,101146,56
17.5,101153,56
17.49,101154,56
17.49,101154,55
17.49,101146,55
17.49,101151,55
17.48,101143,55
17.46,101151,55
17.47,101158,55
17.46,101149,55
17.45,101147,55
17.45,101155,55
17.44,101151,55
17.44,101154,56
17.44,101158,56
17.43,101156,56
17.43,101157,56
17.42,101150,56
17.42,101156,56
17.42,101155,56
17.41,101148,56
17.41,101148,56
17.4,101152,56
17.41,101153,56
17.4,101152,56
17.41,101146,56
17.4,101147,56
17.41,101148,56
17.42,101147,56
17.44,101137,56
17.43,101144,56
17.44,101142,56
17.45,101150,56
17.46,101149,56
17.47,101147,56
17.48,101152,56
17.49,101156,56
17.5,101150,56
17.52,101150,56
17.53,101147,56
17.54,101154,56
17.55,101149,56
17.54,101146,56
17.54,101149,56
17.55,101150,56
17.57,101151,56
17.59,101151,56
17.59,101146,56
17.62,101150,56
17.63,101154,56
17.64,101150,56
17.66,101145,56
17.67,101153,56
17.68,101149,56
17.68,101143,56
17.7,101150,56
17.7,101153,56
17.71,101151,56
17.7,101147,56
17.7,101153,56
17.68,101155,56
17.68,101150,56
17.69,101153,56
17.68,101154,56
17.69,101151,56
17.68,101150,56
17.67,101147,57
17.67,101147,57
17.67,101150,57
17.67,101153,57
17.67,101150,57
17.66,101145,57
17.67,101153,57
17.68,101152,57
17.69,101148,57
17.68,101147,57
17.69,101153,57
17.7,101150,57
17.7,101150,57
17.71,101148,57
17.71,101154,56
17.71,101146,56
17.71,101154,56
17.71,101159,57
17.7,101152,57
17.71,101154,57
17.71,101151,57
17.7,101153,57
17.7,101141,57
17.69,101149,56
17.69,101151,56
17.69,101151,56
17.69,101153,56
17.69,101151,56
17.69,101151,56
17.69,101151,56
17.69,101151,56
17.69,101151,57
17.68,101150,57
17.67,101153,57
17.68,101152,57
17.68,101150,57
17.69,101151,57
17.69,101148,57
17.69,101148,57
17.71,101154,57
17.71,101149,57
17.72,101150,57
17.7,101145,56
17.69,101153,56
17.69,101153,56
17.68,101155,56
17.66,101149,56
17.66,101156,56
17.64,101153,56
17.65,101155,56
17.62,101150,56
17.59,101154,56
17.57,101158,56
17.54,101162,56
17.51,101157,56
17.5,101155,56
17.48,101155,56
17.47,101153,56
17.45,101150,56
17.45,101149,56
17.44,101154,56
17.43,101155,56
17.43,101157,56
17.41,101153,56
17.4,101160,56
17.38,101157,56
17.38,101156,56
17.37,101155,56
17.37,101155,56
17.36,101151,56
17.37,101157,57
17.35,101154,57
17.34,101149,57
17.35,101155,57
17.36,101150,57
17.36,101151,57
17.36,101153,57
17.35,101149,57
17.36,101147,57
17.36,101153,57
17.35,101146,57
17.36,101150,57
17.34,101153,57
17.33,101151,57
17.32,101154,57
17.32,101154,57
17.3,101156,57
17.32,101149,57
17.3,101146,57
17.32,101151,57
17.32,101154,57
17.33,101157,57
17.33,101150,57
17.33,101148,57
17.33,101148,57
17.35,101154,57
17.35,101148,57
17.34,101153,57
17.35,101149,57
17.35,101148,57
17.35,101149,57
17.36,101151,57
17.36,101148,57
17.34,101153,57
17.34,101153,57
17.34,101153,57
17.34,101149,57
17.35,101154,57
17.34,101158,57
17.33,101148,57
17.32,101149,57
17.32,101149,57
17.33,101153,57
17.32,101149,57
17.3,101152,57
17.32,101149,57
17.31,101148,57
17.32,101152,57
17.3,101152,57
17.3,101152,57
17.31,101148,57
17.3,101152,58
17.31,101153,58
17.3,101154,58
17.3,101151,58
17.31,101153,58
17.32,101147,58
17.31,101153,58
17.3,101152,58
17.31,101153,58
17.31,101156,58
17.34,101153,59
17.34,101147,59
17.34,101153,59
17.34,101153,59
17.35,101151,58
17.35,101152,58
17.33,101151,58
17.34,101152,58
17.34,101150,58
17.35,101152,58
17.35,101149,58
17.34,101153,58
17.34,101147,58
17.34,101153,58
17.33,101154,58
17.33,101151,58
17.33,101148,58
17.35,101149,58
17.37,101160,58
17.35,101146,58
17.36,101150,58
17.37,101150,58
17.37,101152,58
17.36,101151,57
17.37,101153,57
17.37,101153,57
17.36,101151,57
17.37,101152,57
17.36,101151,57
17.36,101154,57
17.36,101151,57
17.36,101159,57
17.35,101155,57
17.34,101153,57
17.33,101148,57
17.34,101155,57
17.34,101161,57
17.33,101148,57
17.34,101152,57
17.33,101154,57
17.34,101153,57
17.35,101152,57
17.35,101155,57
17.36,101156,57
17.36,101153,57
17.37,101153,57
17.38,101151,57
17.37,101150,57
17.38,101157,57
17.39,101161,57
17.39,101156,57
17.4,101158,57
17.41,101153,57
17.39,101156,57
17.39,101150,56
17.39,101156,56
17.39,101150,56
17.41,101154,56
17.42,101155,56
17.42,101156,56
17.42,101150,56
17.44,101154,56
17.44,101159,56
17.44,101154,56
17.44,101156,56
17.44,101150,56
17.42,101156,56
17.42,101156,56
17.42,101155,56
17.41,101154,57
17.41,101148,57
17.4,101152,57
17.41,101154,56
17.41,101156,56
17.4,101152,56
17.39,101156,56
17.39,101153,56
17.41,101150,56
17.4,101146,56
17.39,101155,56
17.39,101153,56
17.39,101153,56
17.39,101150,56
17.39,101150,55
17.39,101155,55
17.37,101149,55
17.37,101152,55
17.37,101157,55
17.36,101151,55
17.36,101151,55
17.36,101151,55
17.36,101151,55
17.36,101156,55
17.37,101157,55
17.36,101151,55
17.36,101151,55
17.36,101151,55
17.35,101149,55
17.35,101149,54
17.36,101148,54
17.34,101156,55
17.35,101149,55
17.35,101152,55
17.35,101151,55
17.36,101161,55
17.35,101149,55
17.35,101157,55
17.34,101150,55
17.36,101159,55
17.35,101155,55
17.36,101156,55
17.33,101151,55
17.3,101149,54
17.3,101149,54
17.27,101146,53
17.25,101151,53
17.25,101143,53
17.25,101148,53
17.24,101147,53
17.24,101155,53
17.24,101151,54
17.24,101152,54
17.23,101156,54
17.22,101154,54
17.22,101148,54
17.21,101153,54
17.22,101146,54
17.24,101147,54
17.25,101154,54
17.24,101152,54
17.26,101156,54
17.27,101146,54
17.27,101155,54
17.29,101152,54
17.28,101147,55
17.29,101153,55
17.29,101152,54
17.28,101156,54
17.29,101160,54
17.31,101151,54
17.32,101151,54
17.32,101155,54
17.32,101155,54
17.32,101155,54
17.34,101152,54
17.33,101146,54
17.34,101156,53
17.35,101152,53
17.37,101153,53
17.37,101153,53
17.39,101150,54
17.39,101152,53
17.39,101156,53
17.39,101153,53
17.39,101153,53
17.4,101158,53
17.4,101152,53
17.38,101151,53
17.39,101150,53
17.4,101157,53
17.41,101154,53
17.41,101151,53
17.4,101155,53
17.42,101155,53
17.43,101149,53
17.44,101154,53
17.45,101154,53
17.45,101161,53
17.45,101150,53
17.45,101155,53
17.46,101151,54
17.46,101154,54
17.46,101157,54
17.47,101156,54
17.47,101153,54
17.46,101154,54
17.47,101158,54
17.46,101151,54
17.44,101154,54
17.44,101154,54
17.46,101157,54
17.45,101157,54
17.45,101160,53
17.45,101150,53
17.45,101160,53
17.45,101155,54
17.44,101154,54
17.43,101149,54
17.43,101157,54
17.42,101156,54
17.42,101152,54
17.41,101157,54
17.39,101153,54
17.39,101150,54
17.4,101158,54
17.38,101149,54
17.38,101151,54
17.39,101152,54
17.39,101156,54
17.39,101153,54
17.39,101161,54
17.39,101156,55
17.39,101150,55
17.4,101155,55
17.4,101155,55
17.39,101153,55
17.39,101156,55
17.42,101150,55
17.42,101156,55
17.42,101155,55
17.43,101152,55
17.43,101152,55
17.44,101158,55
17.44,101153,55
17.43,101152,55
17.45,101157,55
17.43,101152,55
17.44,101154,55
17.45,101154,55
17.44,101153,55
17.45,101149,55
17.47,101161,55
17.45,101155,55
17.46,101156,55
17.47,101158,55
17.46,101151,55
17.46,101151,55
17.47,101159,55
17.46,101151,55
17.44,101154,55
17.43,101156,55
17.43,101156,55
17.4,101152,55
17.41,101159,55
17.39,101156,55
17.41,101154,55
17.41,101148,55
17.4,101152,55
17.4,101155,54
17.4,101158,54
17.39,101148,54
17.4,101152,54
17.41,101157,54
17.42,101150,54
17.42,101149,54
17.42,101153,54
17.44,101153,54
17.43,101163,54
17.43,101155,54
17.44,101154,54
17.43,101155,54
17.45,101158,54
17.46,101157,54
17.48,101152,54
17.49,101151,54
17.5,101153,54
17.5,101155,54
17.5,101158,54
17.51,101154,54
17.52,101151,54
17.52,101156,54
17.53,101158,54
17.55,101155,54
17.54,101154,54
17.55,101153,54
17.56,101162,54
17.55,101153,54
17.54,101157,54
17.53,101158,54
17.53,101157,54
17.52,101153,54
17.53,101154,54
17.53,101158,54
17.5,101153,54
17.51,101154,54
17.51,101149,54
17.52,101153,54
17.52,101150,54
17.51,101152,54
17.51,101148,54
17.52,101153,54
17.52,101156,54
17.53,101158,54
17.52,101156,54
17.53,101152,54
17.54,101154,54
17.55,101159,54
17.54,101154,54
17.56,101157,54
17.56,101157,54
17.56,101158,54
17.56,101151,55
17.56,101155,55
17.58,101155,55
17.6,101153,55
17.59,101160,55
17.6,101158,55
17.61,101154,55
17.62,101158,55
17.61,101153,55
17.59,101157,55
17.58,101155,55
17.61,101154,55
17.61,101154,55
17.62,101158,55
17.63,101157,55
17.64,101154,55
17.65,101155,55
17.67,101158,55
17.68,101155,55
17.7,101159,55
17.7,101156,55
17.69,101157,55
17.67,101153,55
17.68,101154,55
17.69,101162,55
17.7,101159,55
17.72,101157,55
17.73,101155,55
17.73,101157,55
17.73,101157,55
17.75,101155,55
17.77,101153,55
17.77,101156,55
17.77,101156,55
17.78,101155,55
17.79,101157,55
17.8,101151,55
17.8,101154,55
17.8,101153,55
17.82,101156,55
17.82,101154,55
17.81,101157,55
17.82,101159,55
17.82,101154,56
17.83,101158,56
17.84,101151,56
17.84,101160,56
17.83,101152,56
17.85,101156,56
17.84,101155,56
17.85,101151,56
17.87,101157,56
17.86,101150,56
17.86,101150,56
17.87,101157,56
17.88,101154,56
17.89,101154,56
17.91,101155,56
17.91,101153,56
17.93,101150,56
17.93,101153,56
17.94,101161,56
17.95,101151,56
17.96,101165,56
17.96,101154,56
17.95,101151,56
17.96,101154,56
17.98,101156,56
17.98,101159,56
17.99,101155,56
17.99,101158,57
17.98,101159,57
17.98,101151,56
17.96,101155,56
17.94,101156,56
17.94,101156,56
17.93,101159,56
17.92,101157,56
17.92,101157,56
17.92,101157,56
17.9,101156,56
17.89,101160,57
17.89,101152,57
17.88,101158,57
17.87,101157,57
17.86,101155,57
17.86,101158,57
17.87,101154,57
17.87,101159,56
17.85,101156,56
17.85,101162,56
17.86,101158,56
17.86,101158,56
17.86,101164,56
17.85,101162,56
17.85,101156,56
17.84,101160,56
17.84,101165,56
17.81,101155,57
17.8,101164,57
17.79,101162,57
17.78,101160,56
17.78,101158,56
17.76,101163,56
17.75,101162,56
17.74,101160,56
17.73,101164,56
17.71,101166,56
17.69,101162,56
17.69,101164,56
17.68,101158,56
17.67,101164,56
17.67,101153,56
17.66,101157,56
17.65,101156,56
17.66,101154,56
17.66,101160,56
17.66,101156,56
17.67,101155,56
17.67,101161,56
17.65,101161,56
17.65,101156,56
17.63,101163,56
17.64,101159,56
17.62,101161,56
17.61,101153,56
17.6,101158,56
17.6,101164,56
17.59,101162,56
17.58,101166,57
17.56,101155,57
17.55,101155,57
17.53,101158,57
17.5,101158,57
17.48,101157,56
17.47,101159,56
17.47,101161,57
17.45,101161,57
17.43,101157,57
17.41,101154,57
17.4,101155,57
17.4,101158,57
17.4,101160,57
17.41,101157,57
17.4,101152,57
17.39,101156,57
17.41,101157,57
17.42,101152,57
17.42,101156,57
17.42,101158,57
17.41,101156,57
17.41,101157,57
17.41,101157,57
17.42,101156,57
17.43,101154,57
17.45,101161,57
17.46,101151,56
17.47,101158,56
17.48,101159,57
17.48,101152,57
17.49,101159,57
17.5,101155,57
17.5,101155,57
17.51,101154,57
17.5,101155,57
17.5,101164,57
17.49,101157,57
17.48,101155,57
17.49,101151,57
17.5,101153,57
17.49,101154,57
17.48,101157,57
17.48,101155,57
17.48,101160,57
17.48,101155,57
17.49,101151,57
17.5,101158,57
17.5,101155,57
17.5,101158,58
17.51,101160,58
17.52,101159,58
17.52,101162,58
17.54,101165,58
17.56,101158,58
17.55,101150,58
17.56,101162,58
17.57,101159,58
17.57,101165,58
17.57,101159,58
17.59,101163,58
17.6,101158,58
17.6,101153,58
17.6,101153,58
17.61,101156,58
17.61,101153,58
17.62,101147,58
17.62,101155,58
17.61,101156,58
17.6,101153,58
17.61,101153,58
17.58,101144,58
17.59,101154,59
17.58,101155,59
17.57,101154,59
17.57,101153,59
17.56,101155,59
17.57,101157,59
17.57,101159,59
17.57,101154,59
17.58,101155,59
17.58,101155,59
17.57,101157,59
17.57,101154,59
17.58,101155,59
17.58,101150,60
17.58,101161,60
17.59,101163,59
17.59,101154,59
17.58,101155,59
17.58,101152,58
17.58,101155,58
17.59,101156,58
17.59,101157,58
17.59,101154,58
17.58,101146,58
17.57,101159,58
17.59,101156,58
17.59,101151,58
17.61,101156,58
17.61,101153,58
17.63,101157,58
17.61,101157,58
17.62,101155,59
17.64,101156,59
17.64,101156,59
17.64,101157,59
17.64,101159,59
17.67,101158,59
17.66,101152,58
17.66,101159,58
17.65,101150,58
17.66,101156,59
17.66,101156,59
17.65,101160,59
17.65,101152,59
17.64,101159,59
17.63,101149,59
17.63,101158,59
17.62,101150,59
17.63,101162,59
17.64,101159,59
17.62,101158,59
17.61,101153,59
17.62,101152,59
17.61,101151,60
17.61,101148,60
17.61,101153,60
17.61,101159,60
17.61,101157,60
17.63,101157,60
17.62,101158,59
17.61,101151,59
17.62,101155,59
17.61,101159,58
17.64,101156,58
17.63,101157,58
17.65,101156,58
17.66,101156,58
17.67,101161,58
17.68,101161,58
17.7,101158,58
17.7,101158,58
17.72,101158,58
17.72,101161,58
17.72,101156,58
17.73,101158,58
17.74,101159,58
17.74,101154,58
17.75,101162,58
17.76,101160,58
17.75,101159,58
17.75,101153,58
17.75,101156,58
17.75,101164,58
17.75,101155,58
17.74,101156,58
17.75,101155,59
17.74,101159,58
17.74,101148,59
17.74,101159,59
17.74,101165,59
17.73,101152,59
17.72,101150,59
17.74,101159,59
17.74,101148,59
17.73,101163,58
17.73,101158,58
17.73,101157,58
17.71,101159,58
17.71,101158,58
17.72,101161,58
17.73,101155,58
17.71,101154,58
17.72,101153,58
17.72,101156,58
17.71,101155,58
17.7,101155,58
17.71,101157,58
17.71,101154,58
17.7,101163,58
17.69,101151,58
17.68,101157,58
17.68,101149,58
17.68,101157,58
17.68,101160,58
17.66,101157,58
17.66,101151,58
17.68,101155,58
17.68,101154,58
17.68,101160,57
17.66,101160,57
17.65,101150,57
17.67,101153,57
17.67,101158,57
17.67,101153,57
17.68,101160,57
17.67,101158,57
17.67,101153,57
17.68,101152,57
17.68,101154,57
17.67,101158,58
17.69,101153,58
17.68,101149,58
17.68,101160,58
17.69,101153,57
17.67,101156,57
17.68,101154,57
17.69,101156,57
17.68,101157,57
17.66,101154,57
17.67,101153,57
17.68,101154,57
17.68,101154,57
17.68,101154,57
17.68,101154,57
17.68,101154,57
17.69,101151,57
17.69,101156,58
17.69,101151,58
17.69,101154,58
17.69,101151,58
17.69,101151,58
17.69,101156,58
17.7,101159,58
17.71,101157,58
17.72,101156,58
17.73,101152,58
17.73,101156,58
17.74,101154,58
17.75,101155,58
17.77,101148,58
17.76,101157,57
17.76,101157,57
17.75,101147,57
17.74,101154,57
17.74,101152,57
17.76,101157,57
17.77,101150,57
17.78,101149,57
17.79,101151,57
17.78,101149,56
17.78,101149,56
17.76,101158,56
17.78,101155,56
17.78,101156,56
17.78,101160,56
17.79,101159,57
17.79,101157,57
17.78,101152,57
17.78,101155,57
17.78,101148,57
17.79,101151,57
17.79,101151,57
17.78,101148,57
17.77,101150,57
17.78,101149,57
17.77,101159,57
17.78,101153,57
17.79,101157,57
17.8,101153,57
17.81,101152,57
17.81,101149,57
17.82,101148,57
17.83,101147,57
17.84,101150,57
17.85,101148,57
17.85,101146,57
17.88,101156,57
17.88,101147,57
17.88,101150,57
17.89,101150,57
17.91,101156,57
17.92,101151,56
17.91,101155,56
17.89,101157,56
17.89,101155,56
17.88,101142,56
17.87,101159,56
17.88,101156,56
17.87,101157,56
17.88,101150,56
17.88,101156,56
17.87,101143,56
17.88,101148,56
17.89,101152,56
17.91,101156,56
17.92,101149,56
17.92,101151,56
17.92,101151,56
17.92,101146,56
17.94,101147,56
17.93,101148,57
17.92,101146,57
17.94,101145,57
17.94,101155,57
17.92,101147,57
17.93,101148,57
17.92,101146,57
17.92,101151,57
17.93,101148,57
17.9,101154,57
17.89,101146,57
17.88,101158,57
17.89,101152,57
17.87,101154,57
17.87,101149,57
17.87,101151,57
17.87,101157,57
17.89,101152,57
17.88,101150,57
17.87,101154,57
17.89,101152,57
17.89,101150,57
17.9,101148,57
17.89,101150,57
17.9,101154,57
17.89,101146,57
17.9,101151,57
17.92,101151,57
17.91,101152,57
17.92,101157,57
17.94,101155,57
17.93,101153,57
17.94,101147,57
17.94,101156,57
17.96,101150,57
17.99,101155,57
17.98,101154,57
18.0,101148,57
18.0,101155,57
18.0,101148,56
18.0,101155,56
18.02,101149,56
18.02,101152,56
18.0,101148,56
18.0,101151,57
17.99,101153,57
18.0,101154,56
17.98,101151,56
17.99,101152,56
17.98,101151,56
17.98,101151,56
17.99,101150,56
18.0,101146,56
18.0,101155,56
17.99,101152,56
17.99,101155,56
17.99,101148,56
18.0,101151,56
18.02,101152,56
18.01,101150,56
18.0,101154,56
18.02,101152,56
18.05,101152,56
18.05,101154,56
18.06,101151,56
18.07,101152,56
18.07,101149,56
18.07,101147,56
18.08,101146,56
18.08,101146,56
18.08,101146,56
18.09,101153,56
18.1,101146,56
18.11,101147,56
18.12,101147,56
18.12,101154,56
18.14,101153,56
18.15,101152,56
18.16,101154,56
18.16,101154,56
18.17,101150,56
18.17,101145,56
18.18,101145,56
18.18,101146,56
18.19,101153,56
18.2,101141,56
18.21,101145,55
18.21,101151,55
18.22,101153,55
18.23,101154,55
18.22,101150,55
18.22,101141,55
18.22,101153,55
18.23,101149,55
18.23,101155,55
18.24,101156,55
18.23,101149,56
18.23,101149,56
18.23,101149,56
18.23,101151,56
18.23,101155,56
18.21,101157,56
18.2,101155,56
18.19,101151,56
18.18,101151,56
18.18,101146,56
18.18,101152,56
18.16,101148,56
18.16,101154,56
18.13,101154,56
18.12,101152,56
18.13,101153,56
18.12,101154,56
18.1,101155,56
18.08,101151,56
18.07,101154,57
18.07,101151,57
18.05,101157,57
18.07,101157,57
18.05,101152,57
18.03,101148,57
18.03,101154,57
18.02,101146,57
18.04,101155,57
18.02,101149,57
18.01,101156,57
18.01,101156,57
17.99,101150,57
17.98,101153,57
17.97,101157,57
17.94,101153,56
17.94,101155,57
17.94,101149,57
17.93,101148,56
17.92,101154,56
17.93,101153,56
17.93,101148,56
17.93,101154,56
17.94,101155,56
17.95,101151,56
17.94,101150,55
17.96,101148,55
17.97,101152,55
17.97,101150,55
17.98,101157,55
17.98,101153,55
17.98,101151,55
17.98,101151,55
17.99,101155,55
18.01,101145,55
18.02,101155,55
18.0,101152,55
18.01,101148,55
18.03,101148,55
18.03,101154,55
18.05,101157,55
18.03,101154,54
18.03,101152,55
18.04,101153,54
18.04,101155,54
18.03,101154,55
18.02,101157,55
18.02,101160,55
18.01,101162,55
18.0,101155,55
17.99,101158,55
17.99,101158,55
17.98,101156,55
17.98,101151,54
17.97,101160,54
17.97,101154,54
17.93,101154,54
17.93,101159,54
17.92,101157,54
17.93,101153,54
17.93,101148,54
17.93,101154,54
17.94,101152,54
17.93,101148,54
17.92,101146,54
17.92,101149,54
17.92,101152,54
17.94,101152,54
17.95,101151,54
17.97,101149,54
17.97,101154,54
17.97,101152,53
17.97,101157,54
17.97,101154,54
17.95,101151,54
17.95,101154,54
17.93,101151,54
17.92,101157,54
17.92,101157,54
17.9,101153,54
17.88,101158,54
17.88,101156,54
17.88,101150,54
17.88,101158,54
17.88,101154,54
17.87,101154,54
17.82,101159,54
17.8,101158,54
17.8,101156,54
17.79,101157,54
17.79,101163,54
17.79,101151,54
17.78,101152,54
17.78,101152,54
17.78,101163,54
17.78,101160,54
17.78,101159,54
17.8,101156,54
17.8,101153,54
17.81,101155,54
17.8,101142,54
17.8,101156,54
17.8,101158,54
17.8,101150,54
17.81,101157,54
17.79,101155,54
17.8,101153,54
17.81,101157,55
17.8,101158,55
17.81,101155,54
17.82,101156,54
17.83,101152,54
17.83,101151,54
17.83,101158,54
17.83,101156,54
17.83,101158,54
17.83,101158,53
17.82,101157,53
17.81,101164,53
17.79,101155,53
17.79,101151,53
17.78,101156,53
17.78,101149,53
17.78,101152,53
17.75,101161,53
17.75,101153,52
17.74,101149,52
17.75,101155,52
17.75,101155,52
17.75,101155,52
17.75,101158,52
17.75,101153,52
17.76,101160,52
17.75,101155,52
17.75,101162,53
17.75,101155,52
17.73,101158,52
17.73,101161,52
17.71,101162,52
17.71,101157,52
17.72,101161,52
17.72,101161,52
17.72,101156,52
17.71,101155,52
17.7,101158,52
17.69,101154,52
17.7,101158,52
17.69,101156,53
17.69,101156,52
17.68,101154,52
17.67,101159,52
17.64,101154,52
17.64,101159,52
17.64,101161,52
17.64,101164,52
17.63,101158,52
17.63,101157,52
17.63,101160,52
17.63,101165,52
17.61,101156,52
17.59,101159,52
17.58,101155,52
17.58,101153,53
17.58,101161,53
17.57,101153,53
17.56,101160,53
17.56,101158,53
17.56,101162,53
17.57,101157,53
17.58,101153,53
17.57,101157,53
17.57,101151,53
17.57,101158,53
17.56,101158,53
17.57,101153,53
17.56,101151,53
17.56,101158,53
17.56,101152,53
17.56,101152,53
17.54,101154,53
17.53,101157,53
17.53,101158,53
17.53,101157,53
17.53,101157,53
17.53,101155,53
17.54,101154,53
17.54,101162,53
17.55,101156,53
17.55,101158,53
17.53,101158,53
17.54,101157,53
17.55,101159,53
17.54,101156,53
17.54,101157,53
17.56,101157,53
17.54,101157,53
17.54,101157,53
17.53,101161,53
17.55,101158,53
17.54,101160,53
17.54,101165,53
17.54,101162,53
17.55,101159,53
17.54,101157,53
17.53,101158,53
17.52,101162,53
17.53,101163,53
17.53,101158,53
17.53,101161,53
17.53,101152,53
17.54,101154,53
17.55,101153,53
17.55,101161,53
17.54,101157,53
17.53,101163,53
17.54,101154,53
17.54,101160,53
17.56,101163,53
17.54,101160,53
17.53,101158,53
17.54,101164,53
17.54,101165,53
17.55,101159,53
17.55,101164,53
17.56,101163,53
17.57,101159,53
17.58,101161,53
17.58,101158,53
17.58,101160,54
17.58,101161,54
17.59,101157,54
17.58,101161,54
17.58,101155,54
17.6,101158,54
17.59,101157,54
17.62,101155,54
17.62,101150,54
17.63,101157,54
17.64,101156,54
17.63,101163,54
17.65,101156,54
17.66,101157,54
17.67,101161,54
17.68,101160,54
17.68,101161,54
17.67,101159,54
17.67,101158,54
17.68,101160,54
17.68,101163,54
17.68,101157,54
17.69,101162,54
17.7,101163,54
17.7,101163,54
17.69,101168,54
17.69,101157,54
17.7,101163,54
17.7,101163,54
17.69,101162,54
17.7,101164,54
17.7,101163,54
17.7,101158,54
17.71,101160,54
17.72,101161,54
17.72,101161,54
17.73,101156,54
17.73,101164,54
17.75,101167,54
17.76,101163,54
17.77,101164,54
17.78,101169,54
17.8,101164,54
17.79,101163,54
17.8,101158,54
17.8,101165,54
17.82,101162,54
17.82,101160,54
17.83,101161,54
17.84,101160,54
17.85,101161,54
17.86,101163,54
17.86,101163,54
17.87,101159,54
17.87,101157,54
17.88,101167,53
17.85,101161,53
17.86,101163,53
17.87,101159,53
17.87,101157,53
17.86,101158,53
17.85,101159,53
17.86,101160,53
17.86,101158,53
17.87,101154,53
17.87,101159,53
17.87,101165,53
17.86,101155,53
17.88,101161,53
17.87,101159,53
17.87,101165,53
17.88,101156,53
17.89,101157,53
17.91,101158,53
17.91,101163,53
17.9,101156,53
17.91,101161,53
17.91,101161,53
17.92,101162,53
17.92,101157,53
17.93,101161,53
17.93,101164,53
17.92,101158,53
17.92,101162,53
17.91,101161,53
17.9,101159,53
17.91,101161,53
17.88,101156,53
17.88,101165,53
17.88,101159,53
17.88,101159,53
17.88,101156,53
17.87,101160,53
17.87,101168,53
17.87,101159,53
17.87,101157,53
17.88,101165,52
17.85,101156,52
17.87,101157,53
17.88,101156,53
17.86,101158,53
17.84,101150,53
17.84,101158,53
17.84,101166,53
17.84,101165,53
17.83,101158,53
17.82,101159,53
17.82,101160,53
17.8,101159,52
17.79,101163,52
17.81,101166,52
17.82,101162,52
17.82,101156,52
17.81,101158,52
17.79,101163,52
17.76,101158,52
17.76,101168,52
17.73,101157,52
17.74,101160,52
17.72,101161,52
17.69,101162,52
17.67,101162,52
17.66,101159,52
17.61,101164,52
17.58,101155,52
17.57,101158,52
17.54,101164,52
17.5,101164,53
17.5,101161,53
17.47,101161,53
17.46,101160,53
17.45,101163,53
17.44,101159,53
17.43,101163,53
17.42,101161,53
17.42,101158,53
17.42,101160,53
17.41,101162,53
17.42,101163,53
17.4,101160,53
17.39,101156,53
17.41,101164,53
17.4,101158,53
17.41,101159,53
17.42,101161,53
17.41,101156,53
17.43,101162,53
17.42,101161,53
17.41,101165,53
17.41,101156,53
17.42,101161,53
17.4,101160,53
17.41,101164,53
17.4,101160,53
17.41,101165,53
17.4,101163,53
17.41,101161,53
17.41,101159,53
17.41,101159,53
17.4,101160,53
17.4,101162,53
17.4,101158,53
17.39,101159,53
17.37,101164,53
17.37,101161,53
17.36,101162,53
17.36,101164,53
17.33,101156,53
17.32,101152,53
17.31,101159,53
17.31,101159,53
17.3,101157,53
17.3,101160,53
17.29,101164,53
17.27,101163,53
17.25,101162,53
17.25,101162,53
17.24,101161,54
17.25,101157,54
17.27,101160,54
17.28,101159,54
17.28,101162,54
17.29,101164,54
17.26,101161,54
17.28,101159,54
17.29,101163,53
17.29,101166,53
17.29,101161,53
17.3,101162,53
17.29,101161,53
17.3,101160,53
17.3,101160,53
17.33,101157,53
17.36,101155,53
17.36,101162,53
17.37,101155,53
17.37,101158,53
17.38,101153,53
17.37,101155,53
17.38,101162,53
17.4,101163,54
17.39,101161,54
17.4,101163,53
17.43,101156,53
17.45,101154,53
17.45,101161,53
17.47,101156,53
17.48,101155,53
17.49,101162,53
17.51,101154,53
17.53,101163,53
17.52,101153,53
17.56,101157,53
17.55,101156,53
17.57,101157,53
17.58,101150,53
17.6,101158,53
17.62,101163,53
17.63,101160,53
17.64,101159,53
17.66,101162,53
17.67,101158,53
17.67,101155,53
17.69,101156,53
17.7,101155,53
17.72,101157,53
17.73,101161,53
17.75,101161,53
17.76,101157,53
17.75,101156,54
17.77,101160,54
17.79,101165,54
17.79,101159,55
17.8,101164,55
17.81,101157,55
17.8,101153,55
17.81,101160,55
17.82,101154,54
17.82,101157,54
17.84,101157,54
17.85,101161,54
17.85,101162,54
17.85,101153,54
17.86,101158,54
17.86,101158,54
17.86,101153,54
17.87,101159,54
17.87,101166,54
17.88,101156,54
17.87,101154,54
17.88,101161,54
17.87,101159,54
17.86,101160,54
17.85,101160,53
17.84,101154,54
17.85,101157,54
17.84,101157,53
17.82,101160,53
17.84,101154,53
17.81,101158,53
17.82,101160,53
17.81,101149,53
17.8,101164,53
17.79,101162,53
17.79,101157,53
17.79,101159,53
17.79,101154,53
17.79,101157,53
17.79,101157,53
17.78,101166,54
17.78,101160,54
17.77,101164,54
17.79,101162,54
17.79,101151,54
17.79,101162,54
17.8,101161,54
17.78,101158,54
17.77,101157,53
17.78,101160,53
17.8,101158,53
17.79,101155,54
17.8,101159,54
17.8,101164,54
17.81,101166,54
17.81,101166,54
17.8,101156,54
17.8,101158,54
17.81,101166,54
17.8,101164,54
17.78,101167,54
17.79,101162,54
17.8,101156,54
17.78,101160,54
17.79,101157,54
17.78,101158,54
17.77,101165,54
17.77,101160,54
17.77,101160,54
17.77,101159,54
17.78,101166,54
17.77,101159,54
17.77,101164,54
17.78,101164,54
17.78,101160,54
17.79,101157,54
17.8,101161,54
17.81,101163,54
17.81,101160,54
17.8,101167,54
17.81,101163,55
17.81,101163,55
17.82,101162,55
17.81,101160,55
17.81,101166,55
17.83,101161,55
17.83,101158,55
17.83,101161,55
17.83,101161,55
17.83,101164,55
17.84,101160,55
17.84,101165,55
17.82,101165,55
17.82,101168,55
17.83,101158,55
17.83,101158,55
17.83,101153,55
17.83,101158,55
17.84,101165,54
17.83,101158,54
17.84,101160,54
17.82,101168,55
17.82,101162,55
17.84,101165,54
17.85,101161,54
17.85,101164,54
17.85,101165,54
17.86,101163,54
17.87,101165,54
17.88,101158,54
17.88,101162,54
17.89,101157,54
17.9,101164,54
17.91,101163,54
17.91,101159,54
17.94,101160,54
17.95,101165,54
17.97,101161,54
17.98,101162,54
17.99,101163,54
18.01,101161,54
18.01,101167,54
18.03,101159,54
18.04,101164,54
18.05,101163,54
18.07,101160,54
18.08,101162,54
18.09,101158,54
18.1,101163,54
18.1,101166,54
18.11,101167,54
18.14,101166,54
18.15,101169,54
18.16,101161,54
18.18,101165,54
18.19,101167,54
18.2,101165,54
18.2,101165,54
18.19,101164,53
18.2,101163,53
18.19,101164,53
18.18,101163,53
18.19,101161,53
18.18,101168,53
18.19,101170,53
18.19,101159,53
18.19,101166,53
18.2,101171,53
18.19,101170,53
18.2,101165,53
18.2,101163,53
18.21,101162,53
18.23,101165,53
18.24,101165,53
18.24,101164,53
18.24,101173,53
18.25,101175,53
18.26,101167,53
18.26,101165,53
18.26,101167,52
18.25,101164,52
18.24,101170,52
18.24,101167,52
18.24,101167,52
18.25,101169,52
18.27,101175,52
18.27,101173,52
18.26,101171,52
18.26,101168,52
18.25,101172,52
18.25,101169,52
18.25,101169,53
18.24,101167,52
18.23,101171,52
18.2,101166,52
18.17,101167,52
18.17,101172,52
18.14,101167,52
18.13,101171,52
18.1,101171,52
18.09,101167,52
18.08,101170,52
18.04,101166,52
18.02,101171,51
18.0,101166,51
18.01,101170,52
17.99,101166,52
17.94,101169,52
17.9,101165,51
17.9,101164,51
17.88,101167,51
17.86,101167,51
17.84,101166,51
17.83,101169,51
17.83,101166,51
17.8,101167,51
17.78,101160,51
17.77,101159,51
17.76,101168,51
17.77,101175,52
17.77,101165,52
17.79,101162,52
17.8,101167,52
17.8,101169,52
17.8,101167,52
17.79,101168,52
17.79,101168,52
17.81,101166,52
17.82,101165,52
17.82,101167,52
17.83,101174,52
17.84,101165,52
17.84,101171,52
17.83,101172,52
17.83,101180,52
17.81,101177,53
17.82,101168,53
17.81,101166,53
17.81,101171,53
17.81,101177,53
17.81,101168,53
17.8,101170,53
17.82,101173,53
17.82,101170,53
17.81,101172,53
17.8,101173,53
17.8,101169,53
17.81,101177,53
17.8,101172,53
17.79,101173,53
17.77,101171,53
17.76,101171,53
17.76,101179,53
17.75,101175,53
17.75,101177,53
17.71,101180,53
17.69,101173,53
17.68,101176,53
17.67,101175,53
17.67,101175,53
17.66,101167,53
17.64,101170,53
17.62,101172,53
17.62,101172,53
17.58,101172,53
17.56,101174,53
17.57,101176,53
17.55,101171,53
17.54,101176,53
17.54,101170,52
17.53,101176,52
17.5,101166,52
17.49,101170,52
17.48,101170,52
17.47,101170,52
17.45,101168,52
17.44,101170,52
17.42,101167,52
17.42,101171,52
17.42,101166,52
17.4,101177,52
17.38,101168,52
17.36,101169,52
17.36,101162,52
17.33,101170,52
17.31,101170,52
17.31,101164,52
17.3,101168,52
17.28,101167,52
17.26,101172,52
17.26,101166,52
17.25,101165,52
17.25,101170,52
17.23,101170,52
17.23,101175,52
17.22,101181,52
17.22,101176,52
17.21,101171,53
17.2,101178,53
17.19,101177,53
17.18,101172,53
17.18,101175,53
17.16,101177,53
17.14,101168,53
17.13,101172,53
17.12,101173,53
17.13,101177,53
17.12,101170,53
17.1,101172,53
17.11,101174,53
17.1,101172,53
17.09,101165,53
17.1,101172,53
17.09,101171,53
17.09,101171,53
17.08,101175,53
17.08,101166,53
17.07,101165,53
17.08,101166,53
17.08,101174,53
17.07,101171,53
17.07,101173,54
17.05,101169,53
17.04,101168,53
17.02,101170,53
17.04,101168,53
17.03,101171,53
17.0,101167,53
16.99,101171,53
16.99,101165,53
17.02,101173,53
17.03,101167,53
17.03,101169,53
17.06,101165,53
17.07,101167,54
17.05,101167,54
17.05,101169,54
17.05,101169,54
17.05,101169,54
17.07,101164,54
17.08,101174,54
17.1,101172,54
17.1,101168,54
17.12,101168,54
17.12,101168,54
17.13,101164,54
17.14,101164,54
17.16,101166,54
17.16,101163,54
17.17,101168,54
17.19,101165,54
17.21,101164,54
17.22,101165,54
17.23,101162,54
17.24,101160,54
17.25,101159,54
17.25,101160,55
17.28,101164,55
17.28,101162,55
17.29,101158,55
17.32,101166,55
17.33,101159,55
17.34,101164,55
17.34,101161,55
17.35,101160,55
17.35,101163,55
17.35,101163,55
17.37,101163,55
17.36,101167,55
17.38,101167,55
17.39,101164,55
17.36,101162,54
17.37,101168,54
17.36,101167,54
17.37,101161,54
17.37,101160,54
17.36,101159,54
17.36,101156,54
17.36,101161,54
17.36,101165,54
17.37,101160,54
17.38,101160,54
17.38,101160,54
17.37,101155,54
17.39,101167,54
17.4,101169,54
17.39,101161,53
17.39,101161,53
17.41,101162,53
17.43,101163,53
17.45,101165,53
17.46,101162,53
17.47,101167,53
17.48,101160,53
17.49,101162,53
17.47,101167,53
17.5,101163,54
17.49,101168,54
17.48,101163,54
17.5,101168,54
17.48,101160,54
17.48,101166,55
17.48,101165,55
17.47,101164,55
17.47,101159,55
17.48,101169,54
17.47,101161,54
17.46,101160,54
17.46,101154,55
17.46,101162,55
17.47,101158,55
17.46,101162,55
17.46,101171,55
17.47,101169,55
17.47,101161,55
17.46,101162,55
17.47,101164,55
17.48,101163,55
17.49,101158,55
17.5,101169,55
17.51,101165,55
17.52,101162,55
17.53,101163,55
17.54,101165,55
17.55,101167,55
17.58,101166,55
17.58,101161,55
17.59,101159,54
17.6,101169,54
17.6,101166,54
17.61,101167,54
17.59,101163,54
17.57,101168,54
17.59,101165,54
17.61,101164,54
17.62,101161,54
17.62,101166,54
17.61,101160,54
17.62,101166,54
17.62,101163,54
17.63,101168,55
17.63,101157,55
17.63,101168,55
17.61,101167,55
17.61,101162,55
17.61,101164,55
17.59,101165,55
17.59,101167,55
17.59,101163,55
17.57,101165,55
17.59,101163,55
17.59,101162,55
17.58,101166,55
17.59,101160,55
17.59,101163,55
17.58,101158,55
17.58,101155,55
17.58,101161,55
17.59,101160,55
17.59,101162,55
17.59,101163,55
17.6,101158,55
17.61,101164,56
17.61,101159,55
17.61,101159,55
17.59,101154,55
17.6,101158,55
17.61,101159,55
17.6,101155,55
17.6,101161,55
17.6,101158,55
17.6,101153,55
17.61,101162,55
17.62,101156,55
17.61,101154,55
17.63,101160,55
17.65,101155,55
17.65,101166,55
17.67,101161,55
17.67,101161,55
17.69,101157,55
17.68,101160,55
17.71,101165,55
17.72,101157,55
17.74,101165,55
17.74,101154,55
17.75,101159,55
17.76,101160,55
17.77,101164,55
17.77,101159,55
17.77,101161,55
17.76,101161,55
17.75,101156,55
17.75,101162,55
17.75,101155,55
17.74,101170,55
17.73,101164,55
17.72,101161,55
17.72,101161,55
17.72,101157,55
17.72,101157,55
17.72,101164,55
17.7,101163,55
17.7,101158,55
17.7,101158,55
17.7,101159,55
17.7,101166,55
17.7,101161,55
17.69,101162,55
17.69,101165,55
17.68,101154,55
17.68,101157,55
17.67,101158,55
17.66,101163,55
17.63,101163,55
17.61,101162,55
17.59,101168,55
17.58,101161,55
17.58,101160,55
17.56,101163,55
17.56,101160,55
17.55,101161,56
17.53,101163,56
17.53,101161,56
17.52,101159,56
17.51,101165,56
17.5,101164,56
17.5,101158,55
17.51,101165,55
17.51,101156,55
17.5,101158,55
17.5,101158,55
17.49,101162,55
17.49,101161,55
17.49,101162,55
17.5,101157,55
17.5,101164,55
17.5,101158,56
17.51,101156,56
17.51,101154,56
17.51,101152,56
17.53,101158,56
17.55,101160,56
17.56,101151,56
17.57,101154,56
17.58,101155,56
17.59,101163,56
17.59,101160,56
17.61,101164,56
17.61,101154,56
17.63,101157,56
17.64,101153,56
17.66,101156,56
17.67,101161,56
17.68,101163,56
17.69,101151,56
17.7,101158,56
17.72,101156,56
17.72,101158,56
17.74,101154,56
17.73,101157,56
17.75,101155,56
17.76,101157,56
17.76,101161,56
17.76,101163,57
17.77,101157,56
17.77,101154,57
17.8,101158,57
17.79,101157,57
17.79,101157,57
17.79,101157,57
17.8,101153,57
17.8,101150,56
17.8,101156,56
17.8,101156,56
17.8,101153,56
17.8,101156,56
17.79,101149,56
17.79,101157,56
17.8,101153,56
17.8,101153,56
17.8,101156,57
17.8,101153,57
17.8,101158,57
17.79,101157,56
17.79,101162,56
17.78,101155,56
17.77,101159,56
17.77,101160,56
17.77,101159,56
17.77,101159,56
17.77,101164,56
17.76,101152,55
17.77,101160,55
17.76,101168,55
17.76,101157,55
17.77,101160,55
17.77,101161,55
17.77,101154,55
17.77,101160,55
17.79,101157,55
17.79,101154,55
17.8,101158,55
17.79,101155,55
17.79,101157,55
17.8,101153,55
17.82,101156,55
17.81,101155,55
17.81,101149,55
17.82,101162,55
17.82,101156,55
17.84,101160,55
17.83,101156,55
17.83,101158,55
17.84,101160,55
17.8,101154,55
17.8,101159,56
17.81,101155,56
17.81,101155,56
17.81,101166,56
17.8,101159,56
17.78,101161,56
17.78,101158,55
17.78,101155,55
17.79,101157,56
17.78,101166,56
17.77,101159,56
17.77,101154,56
17.75,101156,56
17.76,101160,56
17.77,101156,56
17.76,101160,56
17.76,101157,56
17.77,101164,56
17.76,101163,56
17.76,101160,57
17.76,101157,57
17.77,101161,57
17.77,101153,57
17.74,101159,56
17.74,101159,56
17.75,101150,56
17.74,101156,56
17.74,101159,56
17.74,101154,56
17.73,101157,56
17.73,101157,55
17.73,101163,55
17.73,101152,55
17.72,101159,55
17.71,101157,56
17.71,101160,56
17.71,101158,56
17.71,101159,56
17.72,101150,56
17.71,101154,56
17.72,101161,56
17.71,101151,56
17.72,101161,56
17.73,101157,56
17.73,101164,56
17.74,101165,56
17.74,101159,56
17.75,101167,56
17.76,101157,56
17.77,101162,55
17.79,101157,55
17.79,101152,55
17.79,101157,55
17.79,101155,55
17.8,101159,55
17.81,101155,55
17.81,101160,55
17.8,101156,55
17.8,101156,55
17.8,101153,55
17.8,101156,55
17.8,101153,55
17.8,101161,55
17.8,101159,55
17.8,101154,56
17.8,101156,56
17.8,101150,56
17.8,101156,56
17.78,101156,56
17.78,101155,56
17.77,101160,56
17.78,101152,55
17.77,101153,55
17.77,101164,55
17.77,101153,56
17.76,101157,56
17.75,101153,56
17.74,101159,56
17.74,101154,56
17.74,101154,56
17.74,101154,56
17.73,101158,56
17.72,101157,56
17.74,101157,56
17.74,101163,56
17.74,101148,56
17.73,101146,56
17.74,101149,56
17.73,101152,56
17.73,101158,56
17.74,101163,56
17.74,101159,56
17.75,101158,56
17.74,101154,56
17.75,101161,56
17.76,101161,56
17.76,101157,55
17.77,101159,55
17.77,101156,56
17.77,101159,56
17.79,101151,56
17.79,101148,56
17.81,101158,57
17.81,101166,57
17.8,101159,57
17.82,101157,56
17.83,101152,56
17.83,101155,56
17.83,101152,57
17.83,101158,57
17.84,101154,57
17.83,101166,57
17.83,101155,57
17.82,101160,58
17.8,101158,57
17.79,101159,56
17.81,101155,56
17.8,101156,56
17.77,101161,56
17.76,101157,56
17.74,101159,56
17.74,101159,56
17.75,101155,56
17.75,101153,56
17.75,101161,56
17.74,101162,56
17.71,101165,56
17.72,101156,56
17.74,101154,56
17.73,101160,56
17.74,101159,56
17.74,101156,56
17.76,101157,56
17.77,101159,56
17.78,101160,56
17.79,101162,56
17.78,101169,56
17.78,101166,56
17.78,101161,56
17.77,101159,56
17.77,101154,56
17.77,101160,56
17.76,101160,56
17.75,101159,56
17.76,101163,57
17.74,101156,57
17.75,101161,57
17.74,101159,57
17.74,101154,58
17.74,101162,58
17.74,101154,58
17.74,101154,59
17.75,101156,59
17.74,101160,58
17.73,101156,58
17.73,101164,58
17.73,101152,58
17.74,101159,58
17.74,101154,58
17.73,101166,58
17.73,101157,58
17.75,101161,58
17.75,101155,58
17.75,101156,58
17.76,101157,58
17.78,101160,58
17.78,101166,58
17.78,101160,58
17.77,101165,58
17.76,101166,59
17.77,101164,59
17.74,101165,58
17.72,101161,58
17.71,101166,58
17.7,101163,58
17.67,101153,57
17.65,101164,57
17.66,101162,57
17.65,101161,57
17.66,101154,57
17.64,101159,57
17.62,101155,57
17.61,101159,56
17.59,101162,56
17.57,101162,57
17.57,101154,57
17.55,101156,57
17.53,101163,57
17.53,101154,57
17.52,101159,57
17.51,101163,57
17.51,101159,57
17.51,101159,57
17.5,101164,57
17.5,101163,57
17.49,101157,58
17.49,101154,58
17.49,101159,58
17.49,101157,58
17.51,101159,58
17.52,101162,58
17.53,101163,58
17.54,101165,58
17.55,101156,58
17.57,101164,58
17.58,101161,58
17.59,101165,58
17.59,101163,58
17.59,101160,58
17.59,101168,58
17.56,101157,58
17.56,101160,58
17.57,101153,58
17.55,101156,58
17.54,101160,57
17.54,101159,57
17.52,101162,57
17.52,101159,57
17.53,101157,57
17.53,101157,57
17.53,101163,57
17.53,101163,57
17.54,101165,57
17.53,101158,57
17.54,101160,58
17.53,101158,58
17.54,101160,58
17.54,101157,58
17.54,101162,58
17.55,101166,59
17.55,101160,59
17.53,101152,59
17.53,101163,59
17.53,101161,59
17.52,101159,59
17.53,101158,59
17.54,101159,59
17.53,101155,59
17.53,101158,59
17.54,101160,59
17.52,101156,59
17.54,101159,59
17.54,101160,58
17.55,101156,59
17.56,101155,59
17.56,101158,59
17.57,101157,59
17.57,101159,60
17.59,101156,60
17.58,101161,61
17.57,101159,62
17.58,101169,62
17.59,101157,62
17.6,101161,62
17.57,101162,62
17.56,101160,61
17.54,101165,61
17.54,101157,60
17.54,101160,60
17.54,101160,61
17.55,101161,61
17.55,101159,61
17.57,101164,61
17.56,101158,61
17.56,101155,61
17.58,101160,61
17.59,101162,61
17.58,101161,61
17.57,101148,61
17.59,101157,61
17.61,101164,61
17.59,101157,61
17.59,101163,62
17.59,101163,62
17.61,101156,62
17.61,101156,62
17.6,101158,62
17.58,101161,62
17.58,101158,62
17.58,101155,61
17.57,101165,61
17.57,101159,61
17.57,101154,61
17.56,101158,61
17.56,101162,61
17.56,101163,61
17.57,101158,61
17.56,101160,62
17.58,101166,62
17.58,101164,62
17.58,101161,62
17.57,101161,62
17.55,101161,62
17.55,101159,62
17.56,101163,62
17.56,101166,62
17.53,101155,62
17.52,101162,62
17.53,101166,62
17.52,101162,62
17.52,101167,62
17.52,101164,61
17.5,101164,62
17.48,101169,62
17.43,101165,63
17.41,101159,63
17.38,101165,62
17.38,101165,61
17.35,101166,61
17.31,101159,61
17.28,101165,60
17.27,101157,60
17.26,101160,61
17.26,101161,61
17.26,101161,61
17.26,101158,61
17.26,101160,62
17.25,101153,61
17.24,101155,62
17.25,101160,62
17.24,101158,63
17.23,101159,63
17.24,101161,63
17.24,101162,63
17.24,101162,63
17.23,101162,64
17.24,101155,64
17.24,101160,64
17.24,101163,64
17.24,101157,63
17.25,101154,63
17.26,101158,63
17.26,101147,64
17.28,101148,63
17.29,101150,63
17.31,101153,63
17.32,101154,63
17.33,101157,63
17.34,101147,63
17.36,101153,64
17.37,101161,64
17.38,101154,64
17.41,101161,63
17.42,101156,63
17.43,101163,63
17.44,101154,64
17.43,101157,63
17.44,101151,63
17.45,101157,62
17.43,101152,62
17.43,101156,62
17.43,101156,61
17.42,101153,61
17.43,101156,61
17.42,101157,61
17.41,101154,61
17.4,101158,60
17.41,101154,60
17.4,101152,60
17.4,101160,60
17.4,101152,60
17.4,101160,60
17.37,101153,60
17.37,101153,61
17.36,101161,61
17.35,101155,61
17.34,101150,61
17.33,101154,61
17.34,101153,61
17.33,101162,61
17.32,101158,62
17.33,101161,62
17.32,101160,62
17.3,101157,62
17.3,101160,62
17.28,101156,61
17.25,101160,61
17.23,101159,60
17.21,101160,60
17.2,101159,60
17.21,101155,60
17.22,101160,60
17.23,101159,60
17.22,101157,60
17.22,101157,60
17.21,101158,59
17.21,101157,59
17.2,101151,58
17.21,101152,58
17.21,101160,58
17.2,101159,58
17.19,101154,58
17.19,101157,58
17.18,101155,58
17.17,101164,58
17.17,101165,58
18.48,101151,57
18.5,101153,57
18.5,101150,57
18.51,101159,57
18.51,101153,57
18.54,101156,57
