temperature,humidity,pressure,predicted_label
22.63,49,101084,Indoor
22.63,49,101079,Indoor
22.63,49,101079,Indoor
22.64,49,101080,Indoor
22.64,49,101086,Indoor
22.64,49,101086,Indoor
22.64,49,101081,Indoor
22.64,49,101087,Indoor
22.64,49,101081,Indoor
22.63,49,101079,Indoor
22.64,49,101081,Indoor
22.64,49,101086,Indoor
22.64,49,101084,Indoor
22.65,49,101079,Indoor
22.65,49,101082,Indoor
22.65,49,101088,Indoor
22.64,49,101086,Indoor
22.64,49,101080,Indoor
22.66,49,101083,Indoor
22.65,49,101082,Indoor
22.65,49,101082,Indoor
22.64,49,101081,Indoor
22.66,49,101081,Indoor
22.66,49,101080,Indoor
22.66,49,101080,Indoor
22.64,49,101087,Indoor
22.64,49,101078,Indoor
22.63,49,101085,Indoor
22.63,49,101079,Indoor
22.64,49,101087,Indoor
22.64,49,101087,Indoor
22.64,49,101080,Indoor
22.64,49,101084,Indoor
22.64,49,101087,Indoor
22.63,49,101084,Indoor
22.64,49,101080,Indoor
22.64,49,101083,Indoor
22.64,49,101078,Indoor
22.63,49,101079,Indoor
22.64,49,101083,Indoor
22.62,49,101078,Indoor
22.64,49,101080,Indoor
22.64,49,101087,Indoor
22.64,49,101080,Indoor
22.63,49,101084,Indoor
22.64,49,101089,Indoor
22.64,49,101083,Indoor
22.64,49,101086,Indoor
22.62,49,101078,Indoor
22.64,49,101086,Indoor
22.64,49,101080,Indoor
22.64,49,101080,Indoor
22.64,49,101080,Indoor
22.65,49,101085,Indoor
22.65,49,101088,Indoor
22.64,49,101080,Indoor
22.64,49,101087,Indoor
22.64,49,101086,Indoor
22.64,49,101083,Indoor
22.64,49,101083,Indoor
22.63,49,101085,Indoor
22.63,49,101081,Indoor
22.63,49,101081,Indoor
22.62,49,101082,Indoor
22.63,49,101084,Indoor
22.62,49,101082,Indoor
22.63,49,101087,Indoor
22.63,49,101087,Indoor
22.61,49,101082,Indoor
22.62,49,101083,Indoor
22.62,49,101077,Indoor
22.63,49,101090,Indoor
22.62,49,101083,Indoor
22.63,49,101084,Indoor
22.63,49,101079,Indoor
22.63,49,101085,Indoor
22.64,49,101083,Indoor
22.64,49,101086,Indoor
22.64,49,101084,Indoor
22.64,49,101080,Indoor
22.64,49,101089,Indoor
22.63,49,101090,Indoor
22.62,49,101083,Indoor
22.63,49,101087,Indoor
22.63,49,101084,Indoor
22.62,49,101085,Indoor
22.62,49,101088,Indoor
22.61,49,101084,Indoor
22.62,49,101082,Indoor
22.62,49,101077,Indoor
22.62,49,101088,Indoor
22.61,49,101086,Indoor
22.61,49,101086,Indoor
22.62,49,101082,Indoor
22.62,49,101082,Indoor
22.61,49,101082,Indoor
22.61,49,101092,Indoor
22.61,49,101087,Indoor
22.6,49,101085,Indoor
22.61,49,101084,Indoor
22.6,49,101082,Indoor
22.61,49,101086,Indoor
22.6,49,101079,Indoor
22.6,49,101085,Indoor
22.61,49,101089,Indoor
22.6,49,101085,Indoor
22.6,49,101079,Indoor
22.61,49,101086,Indoor
22.61,49,101081,Indoor
22.61,49,101084,Indoor
22.61,49,101086,Indoor
22.6,49,101085,Indoor
22.61,49,101081,Indoor
22.61,49,101081,Indoor
22.61,49,101084,Indoor
22.61,49,101081,Indoor
22.62,49,101082,Indoor
22.62,49,101082,Indoor
22.62,49,101083,Indoor
22.61,49,101081,Indoor
22.61,49,101086,Indoor
22.61,49,101089,Indoor
22.62,49,101085,Indoor
22.61,49,101086,Indoor
22.61,49,101087,Indoor
22.61,49,101081,Indoor
22.61,49,101084,Indoor
22.61,49,101089,Indoor
22.61,49,101086,Indoor
22.6,49,101079,Indoor
22.59,49,101084,Indoor
22.6,49,101082,Indoor
22.6,49,101085,Indoor
22.6,49,101085,Indoor
22.6,49,101079,Indoor
22.59,49,101084,Indoor
22.6,49,101090,Indoor
22.6,49,101082,Indoor
22.6,49,101082,Indoor
22.6,49,101085,Indoor
22.6,49,101080,Indoor
22.61,49,101084,Indoor
22.61,49,101084,Indoor
22.61,49,101086,Indoor
22.6,49,101085,Indoor
22.61,49,101082,Indoor
22.6,49,101085,Indoor
22.61,49,101084,Indoor
22.61,49,101079,Indoor
22.61,49,101086,Indoor
22.61,49,101086,Indoor
22.6,50,101082,Indoor
22.61,50,101081,Indoor
22.6,50,101079,Indoor
22.6,50,101085,Indoor
22.6,50,101085,Indoor
22.6,50,101085,Indoor
22.6,50,101085,Indoor
22.6,49,101085,Indoor
22.6,49,101080,Indoor
22.6,50,101085,Indoor
22.6,50,101085,Indoor
22.6,50,101085,Indoor
22.6,49,101082,Indoor
22.6,49,101085,Indoor
22.59,50,101083,Indoor
22.58,50,101082,Indoor
22.6,50,101090,Indoor
22.59,50,101083,Indoor
22.59,50,101083,Indoor
22.59,50,101083,Indoor
22.58,50,101090,Indoor
22.59,50,101086,Indoor
22.59,50,101086,Indoor
22.57,50,101086,Indoor
22.59,50,101083,Indoor
22.59,49,101083,Indoor
22.59,50,101077,Indoor
22.59,50,101088,Indoor
22.58,50,101088,Indoor
22.59,50,101080,Indoor
22.59,50,101086,Indoor
22.59,50,101083,Indoor
22.59,50,101080,Indoor
22.6,50,101087,Indoor
22.6,50,101087,Indoor
22.59,50,101087,Indoor
22.59,50,101083,Indoor
22.59,50,101083,Indoor
22.59,50,101088,Indoor
22.58,50,101084,Indoor
22.58,50,101090,Indoor
22.58,50,101084,Indoor
22.58,50,101087,Indoor
22.58,50,101081,Indoor
22.56,50,101079,Indoor
22.56,50,101083,Indoor
22.57,50,101086,Indoor
22.58,50,101081,Indoor
22.57,50,101086,Indoor
22.57,50,101086,Indoor
22.58,50,101081,Indoor
22.58,50,101087,Indoor
22.6,50,101085,Indoor
22.59,50,101086,Indoor
22.59,50,101088,Indoor
22.59,50,101081,Indoor
22.59,50,101083,Indoor
22.6,50,101085,Indoor
22.59,50,101089,Indoor
22.6,50,101085,Indoor
22.59,50,101083,Indoor
22.6,50,101085,Indoor
22.59,49,101083,Indoor
22.59,49,101088,Indoor
22.59,49,101086,Indoor
22.59,50,101086,Indoor
22.59,50,101083,Indoor
22.59,49,101087,Indoor
22.6,49,101085,Indoor
22.6,49,101085,Indoor
22.6,49,101088,Indoor
22.6,49,101079,Indoor
22.6,49,101085,Indoor
22.61,49,101081,Indoor
22.61,49,101086,Indoor
22.61,49,101087,Indoor
22.61,49,101092,Indoor
22.61,49,101081,Indoor
22.61,49,101086,Indoor
22.61,49,101086,Indoor
22.61,49,101081,Indoor
22.61,49,101092,Indoor
22.62,49,101088,Indoor
22.62,49,101077,Indoor
22.62,49,101082,Indoor
22.62,49,101085,Indoor
22.61,49,101089,Indoor
22.6,49,101085,Indoor
22.6,49,101080,Indoor
22.6,49,101083,Indoor
22.6,49,101085,Indoor
22.6,49,101085,Indoor
22.61,49,101089,Indoor
22.61,49,101086,Indoor
22.6,49,101090,Indoor
22.6,49,101090,Indoor
22.61,49,101086,Indoor
22.6,49,101085,Indoor
22.6,49,101085,Indoor
22.61,49,101086,Indoor
22.6,49,101085,Indoor
22.6,49,101085,Indoor
22.6,49,101085,Indoor
22.59,49,101083,Indoor
22.59,49,101083,Indoor
22.59,49,101083,Indoor
22.58,50,101082,Indoor
22.58,50,101081,Indoor
22.59,50,101088,Indoor
22.58,50,101085,Indoor
22.58,50,101078,Indoor
22.58,50,101084,Indoor
22.58,49,101082,Indoor
22.57,50,101086,Indoor
22.57,50,101082,Indoor
22.58,50,101084,Indoor
22.57,50,101085,Indoor
22.57,50,101083,Indoor
22.58,50,101081,Indoor
22.57,50,101085,Indoor
22.56,50,101086,Indoor
22.56,50,101087,Indoor
22.56,50,101081,Indoor
22.57,50,101085,Indoor
22.57,50,101085,Indoor
22.56,50,101086,Indoor
22.56,50,101086,Indoor
22.56,50,101084,Indoor
22.57,50,101091,Indoor
22.57,50,101091,Indoor
22.57,50,101080,Indoor
22.58,50,101081,Indoor
22.58,50,101078,Indoor
22.58,50,101087,Indoor
22.58,50,101087,Indoor
22.58,50,101087,Indoor
22.57,50,101083,Indoor
22.57,50,101086,Indoor
22.57,50,101088,Indoor
22.57,50,101091,Indoor
22.57,50,101085,Indoor
22.58,50,101090,Indoor
22.58,50,101087,Indoor
22.58,50,101087,Indoor
22.58,50,101087,Indoor
22.57,50,101085,Indoor
22.57,50,101085,Indoor
22.57,50,101088,Indoor
22.57,50,101085,Indoor
22.57,50,101085,Indoor
22.57,50,101085,Indoor
22.56,50,101089,Indoor
22.56,50,101089,Indoor
22.56,50,101089,Indoor
22.56,50,101083,Indoor
22.55,50,101088,Indoor
22.55,50,101085,Indoor
22.57,50,101088,Indoor
22.56,50,101094,Indoor
22.56,50,101086,Indoor
22.55,50,101082,Indoor
22.56,50,101086,Indoor
22.55,50,101088,Indoor
22.55,50,101084,Indoor
22.55,50,101082,Indoor
22.54,50,101086,Indoor
22.55,50,101082,Indoor
22.55,50,101091,Indoor
22.55,50,101087,Indoor
22.55,50,101087,Indoor
22.55,50,101088,Indoor
22.56,50,101089,Indoor
22.55,50,101091,Indoor
22.56,50,101086,Indoor
22.56,50,101086,Indoor
22.57,50,101091,Indoor
22.55,50,101088,Indoor
22.55,50,101082,Indoor
22.56,50,101086,Indoor
22.56,50,101086,Indoor
22.56,50,101089,Indoor
22.57,50,101085,Indoor
22.57,50,101091,Indoor
22.57,50,101091,Indoor
22.58,50,101090,Indoor
22.59,50,101084,Indoor
22.56,50,101083,Indoor
22.57,50,101085,Indoor
22.56,50,101083,Indoor
22.57,50,101088,Indoor
22.57,50,101091,Indoor
22.57,50,101085,Indoor
22.57,50,101085,Indoor
22.57,50,101091,Indoor
22.57,50,101091,Indoor
22.57,50,101088,Indoor
22.55,50,101088,Indoor
22.56,50,101089,Indoor
22.56,50,101090,Indoor
22.57,50,101085,Indoor
22.57,50,101091,Indoor
22.55,50,101087,Indoor
22.56,50,101089,Indoor
22.56,50,101083,Indoor
22.56,50,101086,Indoor
22.56,50,101093,Indoor
22.56,50,101084,Indoor
22.57,50,101096,Indoor
22.57,50,101080,Indoor
22.56,50,101090,Indoor
22.57,50,101089,Indoor
22.56,50,101092,Indoor
22.56,50,101089,Indoor
22.56,50,101092,Indoor
22.56,50,101086,Indoor
22.55,50,101083,Indoor
22.54,50,101086,Indoor
22.55,50,101093,Indoor
22.56,50,101089,Indoor
22.56,50,101089,Indoor
22.56,50,101090,Indoor
22.57,50,101096,Indoor
22.56,50,101090,Indoor
22.55,50,101088,Indoor
22.56,50,101094,Indoor
22.56,50,101089,Indoor
22.55,50,101087,Indoor
22.55,50,101088,Indoor
22.56,50,101083,Indoor
22.56,50,101089,Indoor
22.55,50,101090,Indoor
22.56,50,101094,Indoor
22.55,50,101096,Indoor
22.55,50,101093,Indoor
22.56,50,101089,Indoor
22.54,50,101089,Indoor
22.55,50,101087,Indoor
22.54,50,101089,Indoor
22.56,50,101089,Indoor
22.56,50,101086,Indoor
22.56,50,101092,Indoor
22.55,50,101090,Indoor
22.55,50,101087,Indoor
22.56,50,101094,Indoor
22.56,50,101093,Indoor
22.56,50,101086,Indoor
22.56,50,101089,Indoor
22.57,50,101091,Indoor
22.58,50,101092,Indoor
22.58,50,101092,Indoor
22.57,50,101089,Indoor
22.58,50,101087,Indoor
22.58,50,101090,Indoor
22.58,50,101092,Indoor
22.59,50,101089,Indoor
22.58,50,101090,Indoor
22.59,50,101094,Indoor
22.58,50,101092,Indoor
22.57,50,101094,Indoor
22.57,50,101091,Indoor
22.58,50,101087,Indoor
22.57,50,101088,Indoor
22.57,50,101091,Indoor
22.56,50,101094,Indoor
22.57,50,101091,Indoor
22.58,50,101093,Indoor
22.58,50,101090,Indoor
22.57,50,101091,Indoor
22.57,50,101086,Indoor
22.56,50,101084,Indoor
22.57,50,101088,Indoor
22.58,50,101095,Indoor
22.57,50,101088,Indoor
22.57,50,101085,Indoor
22.58,50,101092,Indoor
22.57,50,101094,Indoor
22.58,50,101092,Indoor
22.58,50,101098,Indoor
22.58,50,101095,Indoor
22.58,50,101093,Indoor
22.6,50,101087,Indoor
22.59,50,101094,Indoor
22.59,50,101100,Indoor
22.58,50,101093,Indoor
22.59,50,101095,Indoor
22.59,50,101095,Indoor
22.58,50,101087,Indoor
22.58,50,101088,Indoor
22.58,50,101087,Indoor
22.58,50,101087,Indoor
22.58,50,101098,Indoor
22.57,50,101091,Indoor
22.58,50,101098,Indoor
22.56,50,101089,Indoor
22.58,50,101095,Indoor
22.57,50,101096,Indoor
22.57,50,101096,Indoor
22.57,50,101099,Indoor
22.57,50,101096,Indoor
22.57,50,101091,Indoor
22.56,50,101100,Indoor
22.55,50,101094,Indoor
22.55,50,101091,Indoor
22.54,50,101092,Indoor
22.54,50,101097,Indoor
22.55,50,101093,Indoor
22.54,50,101092,Indoor
22.54,50,101092,Indoor
22.55,50,101087,Indoor
22.54,50,101092,Indoor
22.54,50,101086,Indoor
22.54,50,101097,Indoor
22.54,50,101091,Indoor
22.55,50,101096,Indoor
22.55,50,101090,Indoor
22.54,50,101092,Indoor
22.55,50,101098,Indoor
22.55,50,101098,Indoor
22.55,50,101099,Indoor
22.56,50,101094,Indoor
22.56,50,101100,Indoor
22.56,50,101097,Indoor
22.55,50,101094,Indoor
22.55,50,101093,Indoor
22.55,50,101093,Indoor
22.54,50,101097,Indoor
22.55,50,101090,Indoor
22.55,50,101098,Indoor
22.55,50,101093,Indoor
22.54,50,101097,Indoor
22.55,50,101093,Indoor
22.54,50,101092,Indoor
22.54,50,101095,Indoor
22.54,50,101086,Indoor
22.54,50,101097,Indoor
22.55,50,101101,Indoor
22.55,50,101098,Indoor
22.55,50,101096,Indoor
22.55,50,101093,Indoor
22.54,50,101097,Indoor
22.54,50,101091,Indoor
22.54,50,101097,Indoor
22.55,50,101098,Indoor
22.54,50,101094,Indoor
22.54,50,101091,Indoor
22.54,50,101092,Indoor
22.55,50,101093,Indoor
22.55,50,101087,Indoor
22.56,50,101094,Indoor
22.56,50,101097,Indoor
22.56,50,101094,Indoor
22.56,50,101094,Indoor
22.56,50,101097,Indoor
22.56,50,101100,Indoor
22.56,50,101094,Indoor
22.56,50,101094,Indoor
22.56,50,101095,Indoor
22.56,50,101094,Indoor
22.57,50,101096,Indoor
22.57,50,101107,Indoor
22.56,50,101094,Indoor
22.57,50,101096,Indoor
22.57,50,101096,Indoor
22.57,50,101102,Indoor
22.58,50,101092,Indoor
22.57,50,101097,Indoor
22.57,50,101099,Indoor
22.57,50,101096,Indoor
22.58,50,101098,Indoor
22.58,50,101092,Indoor
22.58,50,101098,Indoor
22.58,50,101096,Indoor
22.58,50,101095,Indoor
22.59,50,101097,Indoor
22.58,50,101098,Indoor
22.59,50,101094,Indoor
22.59,50,101100,Indoor
22.59,50,101094,Indoor
22.59,50,101094,Indoor
22.6,50,101096,Indoor
22.59,50,101095,Indoor
22.6,50,101098,Indoor
22.6,50,101101,Indoor
22.6,50,101096,Indoor
22.59,50,101095,Indoor
22.6,50,101096,Indoor
22.6,50,101096,Indoor
22.6,50,101101,Indoor
22.6,50,101098,Indoor
22.6,50,101101,Indoor
22.6,50,101096,Indoor
22.59,50,101098,Indoor
22.58,50,101096,Indoor
22.58,50,101093,Indoor
22.59,50,101095,Indoor
22.59,50,101094,Indoor
22.6,50,101098,Indoor
22.6,50,101101,Indoor
22.6,50,101104,Indoor
22.59,50,101094,Indoor
22.59,50,101094,Indoor
22.59,50,101100,Indoor
22.59,50,101102,Indoor
22.58,50,101099,Indoor
22.59,50,101097,Indoor
22.58,50,101092,Indoor
22.59,50,101097,Indoor
22.59,50,101097,Indoor
22.58,50,101098,Indoor
22.58,50,101099,Indoor
22.58,50,101099,Indoor
22.58,50,101090,Indoor
22.59,50,101097,Indoor
22.58,50,101098,Indoor
22.6,50,101096,Indoor
22.59,50,101100,Indoor
22.59,50,101100,Indoor
22.59,50,101100,Indoor
22.58,50,101101,Indoor
22.58,50,101098,Indoor
22.6,50,101096,Indoor
22.6,50,101098,Indoor
22.59,50,101092,Indoor
22.59,50,101095,Indoor
22.59,50,101100,Indoor
22.59,50,101100,Indoor
22.59,50,101098,Indoor
22.59,50,101097,Indoor
22.58,50,101101,Indoor
22.59,50,101094,Indoor
22.59,50,101097,Indoor
22.59,50,101097,Indoor
22.6,50,101096,Indoor
22.6,50,101101,Indoor
22.6,50,101096,Indoor
22.59,50,101094,Indoor
22.59,50,101097,Indoor
22.59,50,101094,Indoor
22.59,50,101102,Indoor
22.6,50,101096,Indoor
22.6,50,101098,Indoor
22.6,50,101093,Indoor
22.6,50,101098,Indoor
22.59,50,101095,Indoor
22.59,50,101100,Indoor
22.59,50,101094,Indoor
22.6,50,101096,Indoor
22.59,50,101095,Indoor
22.6,50,101099,Indoor
22.59,50,101094,Indoor
22.6,50,101101,Indoor
22.6,50,101104,Indoor
22.61,50,101103,Indoor
22.6,50,101096,Indoor
22.6,50,101101,Indoor
22.59,50,101102,Indoor
22.59,50,101100,Indoor
22.59,50,101103,Indoor
22.6,50,101099,Indoor
22.6,50,101101,Indoor
22.59,50,101094,Indoor
22.59,50,101097,Indoor
22.59,50,101100,Indoor
22.58,50,101098,Indoor
22.58,50,101098,Indoor
22.58,50,101104,Indoor
22.58,50,101098,Indoor
22.58,50,101098,Indoor
22.58,50,101095,Indoor
22.56,50,101095,Indoor
22.58,50,101098,Indoor
22.57,50,101097,Indoor
22.56,50,101095,Indoor
22.56,50,101094,Indoor
22.56,50,101094,Indoor
22.57,50,101096,Indoor
22.56,50,101094,Indoor
22.56,50,101104,Indoor
22.56,50,101100,Indoor
22.56,50,101101,Indoor
22.57,50,101093,Indoor
22.57,50,101096,Indoor
22.56,50,101101,Indoor
22.57,50,101096,Indoor
22.56,50,101095,Indoor
22.57,50,101102,Indoor
22.57,50,101096,Indoor
22.56,50,101089,Indoor
22.57,50,101102,Indoor
22.57,50,101103,Indoor
22.56,50,101101,Indoor
22.57,50,101097,Indoor
22.57,50,101091,Indoor
22.57,50,101104,Indoor
22.57,50,101102,Indoor
22.57,50,101099,Indoor
22.57,50,101093,Indoor
22.57,50,101099,Indoor
22.58,50,101103,Indoor
22.56,50,101095,Indoor
22.57,50,101102,Indoor
22.57,50,101099,Indoor
22.57,50,101093,Indoor
22.57,50,101099,Indoor
22.56,50,101100,Indoor
22.57,50,101097,Indoor
22.57,50,101096,Indoor
22.57,50,101102,Indoor
22.57,50,101094,Indoor
22.58,50,101103,Indoor
22.56,50,101101,Indoor
22.57,50,101107,Indoor
22.57,50,101103,Indoor
22.57,50,101093,Indoor
22.57,50,101099,Indoor
22.57,50,101103,Indoor
22.56,50,101100,Indoor
22.56,50,101103,Indoor
22.56,50,101106,Indoor
22.56,50,101106,Indoor
22.56,50,101100,Indoor
22.56,50,101097,Indoor
22.56,50,101100,Indoor
22.56,50,101100,Indoor
22.56,50,101100,Indoor
22.56,50,101098,Indoor
22.56,50,101094,Indoor
22.56,50,101101,Indoor
22.56,50,101097,Indoor
22.57,50,101096,Indoor
22.56,50,101097,Indoor
22.57,50,101099,Indoor
22.56,50,101101,Indoor
22.56,50,101103,Indoor
22.56,50,101104,Indoor
22.55,50,101094,Indoor
22.56,50,101100,Indoor
22.56,50,101094,Indoor
22.56,50,101100,Indoor
22.55,50,101098,Indoor
22.56,50,101100,Indoor
22.56,50,101103,Indoor
22.56,50,101100,Indoor
22.56,50,101103,Indoor
22.56,50,101100,Indoor
22.56,50,101100,Indoor
22.55,50,101099,Indoor
22.56,50,101094,Indoor
22.57,50,101102,Indoor
22.57,50,101099,Indoor
22.57,50,101091,Indoor
22.58,50,101103,Indoor
22.58,50,101101,Indoor
22.58,50,101101,Indoor
22.57,50,101097,Indoor
22.56,50,101098,Indoor
22.57,50,101103,Indoor
22.57,50,101102,Indoor
22.57,50,101096,Indoor
22.56,50,101100,Indoor
22.56,50,101100,Indoor
22.57,50,101104,Indoor
22.57,50,101099,Indoor
22.56,50,101100,Indoor
22.57,50,101102,Indoor
22.58,50,101103,Indoor
22.58,50,101103,Indoor
22.57,50,101097,Indoor
22.57,50,101102,Indoor
22.57,50,101096,Indoor
22.56,50,101106,Indoor
22.56,50,101106,Indoor
22.56,50,101100,Indoor
22.56,50,101097,Indoor
22.56,50,101106,Indoor
22.56,50,101100,Indoor
22.55,50,101099,Indoor
22.56,50,101106,Indoor
22.54,50,101097,Indoor
22.56,50,101100,Indoor
22.54,50,101092,Indoor
22.54,50,101094,Indoor
22.55,50,101107,Indoor
22.53,50,101095,Indoor
22.55,50,101098,Indoor
22.55,50,101099,Indoor
22.55,50,101099,Indoor
22.56,50,101097,Indoor
22.56,50,101103,Indoor
22.56,50,101106,Indoor
22.55,50,101102,Indoor
22.56,50,101100,Indoor
22.56,50,101100,Indoor
22.56,50,101103,Indoor
22.56,50,101101,Indoor
22.57,50,101096,Indoor
22.57,50,101093,Indoor
22.57,50,101102,Indoor
22.56,50,101094,Indoor
22.56,50,101094,Indoor
22.55,50,101099,Indoor
22.56,50,101103,Indoor
22.55,50,101101,Indoor
22.55,50,101099,Indoor
22.55,50,101096,Indoor
22.55,50,101098,Indoor
22.56,50,101106,Indoor
22.56,50,101100,Indoor
22.56,50,101100,Indoor
22.55,50,101096,Indoor
22.55,50,101093,Indoor
22.55,50,101096,Indoor
22.54,50,101097,Indoor
22.54,50,101092,Indoor
22.55,50,101099,Indoor
22.56,50,101092,Indoor
22.55,50,101098,Indoor
22.56,50,101101,Indoor
22.55,50,101096,Indoor
22.57,50,101104,Indoor
22.55,50,101094,Indoor
22.55,50,101101,Indoor
22.55,50,101098,Indoor
22.55,50,101101,Indoor
22.55,50,101105,Indoor
22.55,50,101101,Indoor
22.55,50,101099,Indoor
22.56,50,101092,Indoor
22.57,50,101102,Indoor
22.56,50,101095,Indoor
22.56,50,101094,Indoor
22.56,50,101094,Indoor
22.56,50,101100,Indoor
22.56,50,101101,Indoor
22.57,50,101104,Indoor
22.56,50,101095,Indoor
22.56,50,101111,Indoor
22.57,50,101096,Indoor
22.56,50,101095,Indoor
22.57,50,101102,Indoor
22.57,50,101108,Indoor
22.58,50,101103,Indoor
22.57,50,101102,Indoor
22.58,50,101103,Indoor
22.56,50,101104,Indoor
22.57,50,101104,Indoor
22.56,50,101095,Indoor
22.56,50,101094,Indoor
22.56,50,101097,Indoor
22.57,50,101093,Indoor
22.57,50,101097,Indoor
22.57,50,101102,Indoor
22.58,50,101103,Indoor
22.57,50,101099,Indoor
22.57,50,101097,Indoor
22.57,50,101093,Indoor
22.57,50,101096,Indoor
22.57,50,101102,Indoor
22.57,50,101096,Indoor
22.57,50,101099,Indoor
22.58,50,101098,Indoor
22.58,50,101098,Indoor
22.57,50,101096,Indoor
22.58,50,101098,Indoor
22.58,50,101101,Indoor
22.58,50,101101,Indoor
22.58,50,101099,Indoor
22.59,50,101097,Indoor
22.59,50,101097,Indoor
22.58,50,101099,Indoor
22.59,50,101102,Indoor
22.59,50,101105,Indoor
22.59,50,101100,Indoor
22.58,50,101103,Indoor
22.58,50,101099,Indoor
22.58,50,101093,Indoor
22.58,50,101098,Indoor
22.58,50,101092,Indoor
22.59,50,101105,Indoor
22.59,50,101105,Indoor
22.58,50,101103,Indoor
22.6,50,101101,Indoor
22.59,50,101098,Indoor
22.58,50,101099,Indoor
22.58,50,101098,Indoor
22.58,50,101098,Indoor
22.59,50,101100,Indoor
22.57,50,101100,Indoor
22.57,50,101107,Indoor
22.57,50,101104,Indoor
22.56,50,101098,Indoor
22.57,50,101099,Indoor
22.57,50,101099,Indoor
22.56,50,101100,Indoor
22.56,50,101100,Indoor
22.55,50,101104,Indoor
22.56,50,101094,Indoor
22.56,50,101100,Indoor
22.55,50,101096,Indoor
22.55,50,101098,Indoor
22.55,50,101096,Indoor
22.54,50,101095,Indoor
22.55,50,101104,Indoor
22.56,50,101103,Indoor
22.55,50,101093,Indoor
22.54,50,101097,Indoor
22.53,50,101090,Indoor
22.53,50,101101,Indoor
22.54,50,101097,Indoor
22.54,50,101102,Indoor
22.54,50,101102,Indoor
22.53,50,101101,Indoor
22.53,50,101101,Indoor
22.55,50,101098,Indoor
22.53,50,101095,Indoor
22.53,50,101096,Indoor
22.53,50,101096,Indoor
22.53,50,101095,Indoor
22.53,50,101100,Indoor
22.53,50,101100,Indoor
22.54,50,101102,Indoor
22.53,50,101100,Indoor
22.53,50,101107,Indoor
22.54,50,101097,Indoor
22.55,50,101098,Indoor
22.54,50,101103,Indoor
22.54,50,101100,Indoor
22.54,50,101102,Indoor
22.54,50,101100,Indoor
22.54,50,101100,Indoor
22.54,50,101097,Indoor
22.56,50,101097,Indoor
22.55,50,101105,Indoor
22.55,50,101098,Indoor
22.56,50,101094,Indoor
22.55,50,101105,Indoor
22.57,50,101102,Indoor
22.56,50,101106,Indoor
22.57,50,101097,Indoor
22.57,50,101099,Indoor
22.57,50,101096,Indoor
22.57,50,101096,Indoor
22.57,50,101096,Indoor
22.57,50,101102,Indoor
22.58,50,101098,Indoor
22.57,50,101096,Indoor
22.58,50,101098,Indoor
22.58,50,101098,Indoor
22.59,50,101100,Indoor
22.58,50,101099,Indoor
22.59,50,101100,Indoor
22.58,50,101101,Indoor
22.58,50,101098,Indoor
22.57,50,101102,Indoor
22.57,50,101103,Indoor
22.56,50,101092,Indoor
22.57,50,101096,Indoor
22.56,50,101094,Indoor
22.57,50,101102,Indoor
22.56,50,101094,Indoor
22.56,50,101094,Indoor
22.56,50,101098,Indoor
22.55,50,101094,Indoor
22.56,50,101094,Indoor
22.56,50,101094,Indoor
22.55,50,101094,Indoor
22.57,50,101096,Indoor
22.57,50,101099,Indoor
22.57,50,101102,Indoor
22.57,50,101099,Indoor
22.57,50,101097,Indoor
22.57,50,101094,Indoor
22.58,50,101098,Indoor
22.58,50,101101,Indoor
22.58,50,101098,Indoor
22.58,50,101098,Indoor
22.58,50,101098,Indoor
22.58,50,101098,Indoor
22.58,50,101092,Indoor
22.58,50,101092,Indoor
22.59,50,101100,Indoor
22.57,50,101096,Indoor
22.58,50,101092,Indoor
22.59,50,101100,Indoor
22.58,50,101095,Indoor
22.59,50,101098,Indoor
22.59,50,101100,Indoor
22.59,50,101094,Indoor
22.58,50,101093,Indoor
22.59,50,101100,Indoor
22.59,50,101100,Indoor
22.59,50,101097,Indoor
22.59,50,101097,Indoor
22.58,50,101099,Indoor
22.58,50,101099,Indoor
22.58,50,101093,Indoor
22.59,50,101100,Indoor
22.58,50,101099,Indoor
22.59,50,101100,Indoor
22.59,50,101094,Indoor
22.58,50,101101,Indoor
22.57,50,101091,Indoor
22.59,50,101100,Indoor
22.58,50,101096,Indoor
22.58,50,101092,Indoor
22.58,50,101098,Indoor
22.57,50,101100,Indoor
22.57,50,101096,Indoor
22.58,50,101098,Indoor
22.57,50,101094,Indoor
22.58,50,101101,Indoor
22.58,50,101098,Indoor
22.58,50,101099,Indoor
22.58,50,101093,Indoor
22.56,50,101095,Indoor
22.58,50,101095,Indoor
22.57,50,101096,Indoor
22.59,50,101097,Indoor
22.59,50,101103,Indoor
22.58,50,101101,Indoor
22.58,50,101103,Indoor
22.59,50,101100,Indoor
22.6,50,101101,Indoor
22.59,50,101100,Indoor
22.59,50,101102,Indoor
22.59,50,101100,Indoor
22.58,50,101093,Indoor
22.59,50,101094,Indoor
22.58,50,101103,Indoor
22.59,50,101100,Indoor
22.58,50,101098,Indoor
22.59,50,101100,Indoor
22.58,50,101095,Indoor
22.59,50,101100,Indoor
22.58,50,101093,Indoor
22.59,50,101100,Indoor
22.59,50,101097,Indoor
22.59,50,101095,Indoor
22.59,50,101094,Indoor
22.59,50,101097,Indoor
22.59,50,101100,Indoor
22.59,50,101094,Indoor
22.6,50,101101,Indoor
22.59,50,101097,Indoor
22.58,50,101092,Indoor
22.57,50,101094,Indoor
22.59,50,101094,Indoor
22.58,50,101096,Indoor
22.57,50,101094,Indoor
22.58,50,101098,Indoor
22.58,50,101092,Indoor
22.59,50,101088,Indoor
22.59,50,101095,Indoor
22.59,50,101091,Indoor
22.58,50,101099,Indoor
22.59,50,101094,Indoor
22.59,50,101091,Indoor
22.59,50,101100,Indoor
22.59,50,101100,Indoor
22.58,50,101096,Indoor
22.58,50,101092,Indoor
22.58,50,101103,Indoor
22.58,50,101093,Indoor
22.58,50,101098,Indoor
22.58,50,101098,Indoor
22.57,50,101097,Indoor
22.57,50,101097,Indoor
22.57,50,101094,Indoor
22.57,50,101096,Indoor
22.56,50,101100,Indoor
22.57,50,101097,Indoor
22.57,50,101093,Indoor
22.57,50,101094,Indoor
22.57,50,101100,Indoor
22.58,50,101093,Indoor
22.58,50,101099,Indoor
22.59,50,101094,Indoor
22.57,50,101099,Indoor
22.58,50,101092,Indoor
22.57,50,101097,Indoor
22.57,50,101096,Indoor
22.58,50,101101,Indoor
22.58,50,101104,Indoor
22.58,50,101092,Indoor
22.58,50,101092,Indoor
22.58,50,101099,Indoor
22.58,50,101098,Indoor
22.59,50,101100,Indoor
22.58,50,101092,Indoor
22.59,50,101097,Indoor
22.58,50,101101,Indoor
22.58,50,101093,Indoor
22.59,50,101097,Indoor
22.59,50,101102,Indoor
22.57,50,101097,Indoor
22.58,50,101095,Indoor
22.58,50,101093,Indoor
22.58,50,101092,Indoor
22.57,50,101094,Indoor
22.59,50,101100,Indoor
22.58,50,101098,Indoor
22.58,50,101098,Indoor
22.58,50,101092,Indoor
22.57,50,101096,Indoor
22.58,50,101092,Indoor
22.58,50,101098,Indoor
22.59,50,101100,Indoor
22.58,50,101093,Indoor
22.58,50,101092,Indoor
22.58,50,101096,Indoor
22.58,50,101092,Indoor
22.58,50,101095,Indoor
22.59,50,101086,Indoor
22.58,50,101095,Indoor
22.59,50,101097,Indoor
22.59,50,101097,Indoor
22.59,50,101097,Indoor
22.59,50,101097,Indoor
22.59,50,101095,Indoor
22.59,50,101089,Indoor
22.59,50,101097,Indoor
22.59,50,101088,Indoor
22.59,50,101100,Indoor
22.59,50,101100,Indoor
22.59,50,101095,Indoor
22.6,50,101096,Indoor
22.59,50,101089,Indoor
22.59,50,101098,Indoor
22.59,50,101092,Indoor
22.59,50,101091,Indoor
22.58,50,101092,Indoor
22.58,50,101092,Indoor
22.59,50,101100,Indoor
22.58,50,101099,Indoor
22.58,50,101092,Indoor
22.58,50,101095,Indoor
22.57,50,101097,Indoor
22.57,50,101089,Indoor
22.58,50,101098,Indoor
22.58,50,101098,Indoor
22.58,50,101092,Indoor
22.58,50,101092,Indoor
22.58,50,101098,Indoor
22.58,50,101093,Indoor
22.58,50,101096,Indoor
22.59,50,101097,Indoor
22.59,50,101094,Indoor
22.59,50,101100,Indoor
22.59,50,101097,Indoor
22.59,50,101100,Indoor
22.59,50,101100,Indoor
22.59,50,101100,Indoor
22.59,50,101100,Indoor
22.59,50,101097,Indoor
22.59,50,101098,Indoor
22.59,50,101095,Indoor
22.59,50,101094,Indoor
22.59,50,101094,Indoor
22.6,50,101090,Indoor
22.6,50,101096,Indoor
22.6,50,101096,Indoor
22.61,50,101100,Indoor
22.6,50,101090,Indoor
22.6,50,101097,Indoor
22.61,50,101097,Indoor
22.61,50,101095,Indoor
22.61,50,101101,Indoor
22.61,50,101092,Indoor
22.61,50,101103,Indoor
22.6,50,101097,Indoor
22.61,50,101095,Indoor
22.63,50,101101,Indoor
22.61,50,101095,Indoor
22.61,50,101098,Indoor
22.62,50,101094,Indoor
22.62,50,101094,Indoor
22.62,50,101100,Indoor
22.62,50,101094,Indoor
22.62,50,101097,Indoor
22.62,50,101097,Indoor
22.63,50,101095,Indoor
22.62,50,101096,Indoor
22.63,50,101101,Indoor
22.63,50,101098,Indoor
22.62,50,101096,Indoor
22.63,50,101091,Indoor
22.63,50,101098,Indoor
22.62,50,101091,Indoor
22.63,50,101090,Indoor
22.62,50,101100,Indoor
22.62,50,101094,Indoor
22.62,50,101097,Indoor
22.62,50,101099,Indoor
22.62,50,101099,Indoor
22.62,50,101100,Indoor
22.62,50,101094,Indoor
22.61,50,101095,Indoor
22.62,50,101099,Indoor
22.62,50,101094,Indoor
22.61,50,101097,Indoor
22.61,50,101097,Indoor
22.6,50,101088,Indoor
22.6,50,101101,Indoor
22.6,50,101101,Indoor
22.6,50,101091,Indoor
22.6,50,101098,Indoor
22.6,50,101096,Indoor
22.59,50,101095,Indoor
22.6,50,101097,Indoor
22.6,50,101093,Indoor
22.6,50,101097,Indoor
22.6,50,101096,Indoor
22.61,50,101097,Indoor
22.61,50,101092,Indoor
22.61,50,101095,Indoor
22.61,50,101095,Indoor
22.59,50,101089,Indoor
22.6,50,101091,Indoor
22.61,50,101093,Indoor
22.61,50,101095,Indoor
22.61,50,101097,Indoor
22.62,50,101100,Indoor
22.61,50,101092,Indoor
22.62,50,101094,Indoor
22.6,50,101096,Indoor
22.62,50,101094,Indoor
22.62,50,101088,Indoor
22.63,50,101095,Indoor
22.62,50,101099,Indoor
22.61,50,101093,Indoor
22.62,50,101100,Indoor
22.62,50,101099,Indoor
22.62,50,101099,Indoor
22.61,50,101097,Indoor
22.6,50,101097,Indoor
22.61,50,101097,Indoor
22.61,50,101097,Indoor
22.61,50,101092,Indoor
22.61,50,101097,Indoor
22.6,50,101097,Indoor
22.62,50,101099,Indoor
22.61,50,101095,Indoor
22.61,50,101092,Indoor
22.62,50,101099,Indoor
22.62,50,101094,Indoor
22.62,50,101096,Indoor
22.62,50,101096,Indoor
22.61,50,101095,Indoor
22.62,50,101088,Indoor
22.62,50,101100,Indoor
22.61,50,101098,Indoor
22.61,50,101093,Indoor
22.61,50,101092,Indoor
22.61,50,101098,Indoor
22.61,50,101092,Indoor
22.61,50,101086,Indoor
22.6,50,101090,Indoor
22.6,50,101098,Indoor
22.6,50,101101,Indoor
22.61,50,101097,Indoor
22.61,50,101097,Indoor
22.62,50,101100,Indoor
22.62,50,101099,Indoor
22.61,50,101103,Indoor
22.62,50,101099,Indoor
22.62,50,101094,Indoor
22.61,50,101095,Indoor
22.61,50,101095,Indoor
22.61,50,101103,Indoor
22.61,50,101092,Indoor
22.61,50,101101,Indoor
22.61,50,101092,Indoor
22.62,50,101094,Indoor
22.62,50,101100,Indoor
22.63,50,101106,Indoor
22.61,50,101098,Indoor
22.62,50,101102,Indoor
22.61,50,101097,Indoor
22.62,50,101099,Indoor
22.61,50,101098,Indoor
22.61,50,101095,Indoor
22.61,50,101095,Indoor
22.61,50,101097,Indoor
22.61,50,101097,Indoor
22.62,50,101096,Indoor
22.62,50,101105,Indoor
22.61,50,101101,Indoor
22.61,50,101097,Indoor
22.61,50,101097,Indoor
22.62,50,101099,Indoor
22.61,50,101100,Indoor
22.62,50,101094,Indoor
22.62,50,101096,Indoor
22.61,50,101095,Indoor
22.62,50,101094,Indoor
22.61,50,101098,Indoor
22.61,50,101092,Indoor
22.61,50,101095,Indoor
22.61,50,101097,Indoor
22.61,50,101098,Indoor
22.61,50,101095,Indoor
22.61,50,101095,Indoor
22.62,50,101094,Indoor
22.62,50,101099,Indoor
22.62,50,101094,Indoor
22.62,50,101097,Indoor
22.61,50,101098,Indoor
22.62,50,101094,Indoor
22.62,50,101099,Indoor
22.62,50,101094,Indoor
22.61,50,101097,Indoor
22.62,50,101099,Indoor
22.61,50,101092,Indoor
22.62,50,101099,Indoor
22.61,50,101095,Indoor
22.63,50,101101,Indoor
22.62,50,101099,Indoor
22.62,50,101094,Indoor
22.62,50,101099,Indoor
22.63,50,101101,Indoor
22.62,50,101091,Indoor
22.62,50,101099,Indoor
22.62,50,101094,Indoor
22.62,50,101096,Indoor
22.62,50,101099,Indoor
22.62,50,101096,Indoor
22.62,50,101096,Indoor
22.63,50,101098,Indoor
22.62,50,101097,Indoor
22.63,50,101101,Indoor
22.62,50,101096,Indoor
22.62,50,101097,Indoor
22.63,50,101104,Indoor
22.62,50,101094,Indoor
22.64,50,101103,Indoor
22.63,50,101101,Indoor
22.64,50,101091,Indoor
22.65,50,101096,Indoor
22.64,50,101094,Indoor
22.64,50,101097,Indoor
22.64,50,101097,Indoor
22.64,50,101100,Indoor
22.64,50,101101,Indoor
22.64,50,101103,Indoor
22.64,50,101103,Indoor
22.64,50,101101,Indoor
22.64,50,101103,Indoor
22.64,50,101100,Indoor
22.65,50,101093,Indoor
22.64,50,101103,Indoor
22.64,50,101097,Indoor
22.65,50,101099,Indoor
22.64,50,101094,Indoor
22.65,50,101101,Indoor
22.65,50,101099,Indoor
22.65,50,101101,Indoor
22.65,50,101096,Indoor
22.65,50,101096,Indoor
22.65,50,101099,Indoor
22.64,50,101098,Indoor
22.65,50,101101,Indoor
22.64,50,101098,Indoor
22.65,50,101099,Indoor
22.66,50,101105,Indoor
22.64,50,101095,Indoor
22.64,50,101097,Indoor
22.66,50,101098,Indoor
22.67,50,101101,Indoor
22.67,50,101098,Indoor
22.66,50,101095,Indoor
22.66,50,101100,Indoor
22.66,50,101100,Indoor
22.65,50,101099,Indoor
22.66,50,101100,Indoor
22.65,50,101099,Indoor
22.65,50,101099,Indoor
22.66,50,101100,Indoor
22.65,50,101099,Indoor
22.64,50,101097,Indoor
22.63,50,101095,Indoor
22.63,50,101099,Indoor
22.65,50,101099,Indoor
22.64,50,101101,Indoor
22.64,50,101098,Indoor
22.64,50,101097,Indoor
22.64,50,101103,Indoor
22.64,50,101103,Indoor
22.63,50,101099,Indoor
22.64,50,101103,Indoor
22.64,50,101097,Indoor
22.64,50,101097,Indoor
22.63,50,101095,Indoor
22.64,50,101105,Indoor
22.63,50,101102,Indoor
22.64,50,101103,Indoor
22.64,50,101100,Indoor
22.64,50,101100,Indoor
22.63,50,101096,Indoor
22.64,50,101098,Indoor
22.63,50,101096,Indoor
22.64,50,101097,Indoor
22.63,50,101101,Indoor
22.63,50,101098,Indoor
22.63,50,101098,Indoor
22.64,50,101097,Indoor
22.64,50,101097,Indoor
22.63,50,101095,Indoor
22.64,50,101100,Indoor
22.62,50,101092,Indoor
22.64,50,101103,Indoor
22.63,50,101095,Indoor
22.64,50,101103,Indoor
22.63,50,101095,Indoor
22.63,50,101101,Indoor
22.63,50,101095,Indoor
22.65,50,101107,Indoor
22.63,50,101101,Indoor
22.64,50,101103,Indoor
22.64,50,101097,Indoor
22.64,50,101091,Indoor
22.64,50,101103,Indoor
22.63,50,101096,Indoor
22.63,50,101098,Indoor
22.63,50,101088,Indoor
22.63,50,101096,Indoor
22.64,50,101097,Indoor
22.63,50,101091,Indoor
22.63,50,101101,Indoor
22.64,50,101103,Indoor
22.64,50,101101,Indoor
22.64,50,101091,Indoor
22.64,50,101091,Indoor
22.64,50,101098,Indoor
22.65,50,101099,Indoor
22.66,50,101100,Indoor
22.64,50,101092,Indoor
22.64,50,101098,Indoor
22.65,50,101099,Indoor
22.64,50,101098,Indoor
22.64,50,101100,Indoor
22.64,50,101103,Indoor
22.63,50,101102,Indoor
22.62,50,101100,Indoor
22.64,50,101100,Indoor
22.63,50,101106,Indoor
22.63,50,101099,Indoor
22.63,50,101101,Indoor
22.62,50,101102,Indoor
22.63,50,101095,Indoor
22.63,50,101104,Indoor
22.63,50,101095,Indoor
22.63,50,101106,Indoor
22.62,50,101099,Indoor
22.62,50,101097,Indoor
22.63,50,101098,Indoor
22.62,50,101099,Indoor
22.61,50,101095,Indoor
22.61,50,101097,Indoor
22.62,50,101105,Indoor
22.61,50,101098,Indoor
22.62,50,101099,Indoor
22.63,50,101101,Indoor
22.62,50,101094,Indoor
22.63,50,101098,Indoor
22.62,50,101105,Indoor
22.63,50,101104,Indoor
22.62,50,101094,Indoor
22.62,50,101106,Indoor
22.62,50,101094,Indoor
22.62,50,101096,Indoor
22.61,50,101098,Indoor
22.62,50,101107,Indoor
22.61,50,101101,Indoor
22.63,50,101106,Indoor
22.63,50,101106,Indoor
22.63,50,101101,Indoor
22.63,50,101095,Indoor
22.63,50,101101,Indoor
22.62,50,101105,Indoor
22.63,50,101106,Indoor
22.63,50,101102,Indoor
22.63,50,101106,Indoor
22.63,50,101101,Indoor
22.63,50,101098,Indoor
22.63,50,101099,Indoor
22.64,50,101103,Indoor
22.64,50,101103,Indoor
22.64,50,101097,Indoor
22.64,50,101100,Indoor
22.64,50,101103,Indoor
22.64,50,101103,Indoor
22.64,50,101097,Indoor
22.64,50,101098,Indoor
22.63,50,101096,Indoor
22.65,50,101099,Indoor
22.64,50,101103,Indoor
22.64,50,101103,Indoor
22.64,50,101097,Indoor
22.63,50,101096,Indoor
22.64,50,101097,Indoor
22.64,50,101103,Indoor
22.65,50,101110,Indoor
22.64,50,101103,Indoor
22.66,50,101102,Indoor
22.64,50,101103,Indoor
22.64,50,101103,Indoor
22.66,50,101100,Indoor
22.64,50,101097,Indoor
22.65,50,101104,Indoor
22.66,50,101111,Indoor
22.65,50,101101,Indoor
22.66,50,101103,Indoor
22.66,50,101100,Indoor
22.66,50,101106,Indoor
22.65,50,101099,Indoor
22.65,50,101104,Indoor
22.66,50,101100,Indoor
22.67,50,101101,Indoor
22.67,50,101107,Indoor
22.66,50,101106,Indoor
22.67,50,101105,Indoor
22.67,50,101104,Indoor
22.67,50,101101,Indoor
22.66,50,101103,Indoor
22.65,50,101101,Indoor
22.66,50,101100,Indoor
22.66,50,101102,Indoor
22.65,50,101104,Indoor
22.65,50,101104,Indoor
22.65,50,101104,Indoor
22.64,50,101103,Indoor
22.63,50,101096,Indoor
22.64,50,101101,Indoor
22.65,50,101099,Indoor
22.65,49,101099,Indoor
22.65,50,101104,Indoor
22.66,49,101100,Indoor
22.66,50,101111,Indoor
22.65,50,101099,Indoor
22.66,50,101111,Indoor
22.66,50,101106,Indoor
22.66,50,101106,Indoor
22.66,50,101100,Indoor
22.66,50,101094,Indoor
22.66,50,101095,Indoor
22.65,50,101096,Indoor
22.67,50,101102,Indoor
22.66,50,101100,Indoor
22.66,50,101100,Indoor
22.67,50,101101,Indoor
22.67,50,101101,Indoor
22.65,50,101099,Indoor
22.66,50,101100,Indoor
22.66,50,101100,Indoor
22.66,50,101103,Indoor
22.67,50,101108,Indoor
22.66,50,101103,Indoor
22.66,50,101095,Indoor
22.67,50,101101,Indoor
22.66,50,101100,Indoor
22.67,50,101107,Indoor
22.66,50,101095,Indoor
22.66,50,101103,Indoor
22.66,50,101106,Indoor
22.66,50,101100,Indoor
22.66,50,101100,Indoor
22.67,50,101104,Indoor
22.67,50,101096,Indoor
22.66,50,101100,Indoor
22.66,50,101103,Indoor
22.66,50,101103,Indoor
22.65,50,101099,Indoor
22.65,50,101101,Indoor
22.64,50,101103,Indoor
22.66,50,101106,Indoor
22.66,50,101106,Indoor
22.65,50,101107,Indoor
22.65,50,101093,Indoor
22.66,50,101103,Indoor
22.66,50,101103,Indoor
22.66,50,101102,Indoor
22.66,50,101106,Indoor
22.66,50,101103,Indoor
22.64,50,101098,Indoor
22.66,50,101100,Indoor
22.64,50,101095,Indoor
22.66,50,101100,Indoor
22.66,50,101100,Indoor
22.66,50,101100,Indoor
22.66,50,101100,Indoor
22.65,50,101099,Indoor
22.65,50,101101,Indoor
22.65,50,101107,Indoor
22.65,50,101104,Indoor
22.65,50,101101,Indoor
22.64,50,101097,Indoor
22.64,50,101108,Indoor
22.64,50,101100,Indoor
22.65,50,101104,Indoor
22.64,50,101103,Indoor
22.64,50,101103,Indoor
22.64,50,101094,Indoor
22.65,50,101101,Indoor
22.64,50,101103,Indoor
22.63,50,101102,Indoor
22.64,50,101097,Indoor
22.64,50,101103,Indoor
22.64,50,101105,Indoor
22.64,50,101103,Indoor
22.64,50,101100,Indoor
22.64,50,101097,Indoor
22.64,50,101103,Indoor
22.64,50,101101,Indoor
22.64,50,101100,Indoor
22.63,50,101102,Indoor
22.64,50,101094,Indoor
22.63,50,101101,Indoor
22.64,50,101103,Indoor
22.64,50,101103,Indoor
22.64,50,101097,Indoor
22.63,50,101096,Indoor
22.63,50,101101,Indoor
22.64,50,101103,Indoor
22.64,50,101098,Indoor
22.64,50,101105,Indoor
22.63,50,101107,Indoor
22.63,50,101101,Indoor
22.63,50,101095,Indoor
22.64,50,101103,Indoor
22.64,50,101097,Indoor
22.63,50,101102,Indoor
22.63,50,101102,Indoor
22.63,50,101098,Indoor
22.62,50,101106,Indoor
22.62,50,101100,Indoor
22.62,50,101099,Indoor
22.63,50,101102,Indoor
22.63,50,101098,Indoor
22.63,50,101095,Indoor
22.63,50,101098,Indoor
22.63,50,101101,Indoor
22.62,50,101099,Indoor
22.63,50,101098,Indoor
22.63,50,101102,Indoor
22.62,50,101099,Indoor
22.62,50,101102,Indoor
22.62,50,101100,Indoor
22.62,50,101100,Indoor
22.62,50,101099,Indoor
22.61,50,101098,Indoor
22.61,50,101095,Indoor
22.62,50,101105,Indoor
22.62,50,101100,Indoor
22.62,50,101099,Indoor
22.62,50,101099,Indoor
22.62,50,101099,Indoor
22.63,50,101095,Indoor
22.63,50,101095,Indoor
22.62,50,101094,Indoor
22.63,50,101101,Indoor
22.63,50,101102,Indoor
22.62,50,101106,Indoor
22.62,50,101097,Indoor
22.61,50,101098,Indoor
22.62,50,101102,Indoor
22.62,50,101099,Indoor
22.62,50,101105,Indoor
22.63,50,101101,Indoor
22.63,50,101101,Indoor
22.62,50,101099,Indoor
22.63,50,101104,Indoor
22.63,50,101106,Indoor
22.63,50,101106,Indoor
22.63,50,101099,Indoor
22.62,50,101099,Indoor
22.62,50,101099,Indoor
22.63,50,101101,Indoor
22.62,50,101099,Indoor
22.62,50,101099,Indoor
22.63,50,101106,Indoor
22.62,50,101100,Indoor
22.62,50,101099,Indoor
22.62,50,101099,Indoor
22.62,50,101102,Indoor
22.62,50,101099,Indoor
22.63,50,101101,Indoor
22.62,50,101107,Indoor
22.63,50,101101,Indoor
22.62,50,101100,Indoor
22.62,50,101096,Indoor
22.63,50,101098,Indoor
22.62,50,101099,Indoor
22.62,50,101105,Indoor
22.61,50,101101,Indoor
22.62,50,101096,Indoor
22.62,50,101099,Indoor
22.62,50,101100,Indoor
22.62,50,101102,Indoor
22.61,50,101103,Indoor
22.61,50,101101,Indoor
22.61,50,101104,Indoor
22.6,50,101104,Indoor
22.61,50,101108,Indoor
22.61,50,101097,Indoor
22.61,50,101103,Indoor
22.61,50,101104,Indoor
22.61,50,101104,Indoor
22.61,50,101097,Indoor
22.61,50,101100,Indoor
22.62,50,101105,Indoor
22.61,50,101097,Indoor
22.61,50,101103,Indoor
22.61,50,101103,Indoor
22.6,50,101102,Indoor
22.6,50,101099,Indoor
22.61,50,101097,Indoor
22.61,50,101095,Indoor
22.61,50,101097,Indoor
22.61,50,101098,Indoor
22.61,50,101100,Indoor
22.62,50,101099,Indoor
22.61,50,101097,Indoor
22.61,50,101106,Indoor
22.61,50,101098,Indoor
22.62,50,101102,Indoor
22.61,50,101104,Indoor
22.61,50,101098,Indoor
22.62,50,101100,Indoor
22.61,50,101103,Indoor
22.62,50,101105,Indoor
22.61,50,101103,Indoor
22.62,50,101102,Indoor
22.62,50,101105,Indoor
22.62,50,101105,Indoor
22.61,50,101098,Indoor
22.62,50,101099,Indoor
22.62,50,101102,Indoor
22.61,50,101100,Indoor
22.62,50,101099,Indoor
22.63,50,101098,Indoor
22.62,50,101105,Indoor
22.62,50,101099,Indoor
22.62,50,101102,Indoor
22.62,50,101106,Indoor
22.63,50,101101,Indoor
22.62,50,101106,Indoor
22.62,50,101097,Indoor
22.62,50,101094,Indoor
22.62,50,101103,Indoor
22.62,50,101099,Indoor
22.64,50,101103,Indoor
22.62,50,101107,Indoor
22.63,50,101101,Indoor
22.63,50,101101,Indoor
22.64,50,101097,Indoor
22.63,50,101098,Indoor
22.63,50,101104,Indoor
22.63,50,101102,Indoor
22.64,50,101105,Indoor
22.64,50,101105,Indoor
22.65,50,101104,Indoor
22.64,50,101097,Indoor
22.65,50,101110,Indoor
22.65,50,101099,Indoor
22.65,50,101101,Indoor
22.64,50,101103,Indoor
22.65,50,101104,Indoor
22.64,50,101103,Indoor
22.64,50,101098,Indoor
22.64,50,101103,Indoor
22.64,50,101103,Indoor
22.64,50,101103,Indoor
22.64,50,101103,Indoor
22.65,50,101099,Indoor
22.65,50,101101,Indoor
22.65,50,101104,Indoor
22.65,50,101099,Indoor
22.64,50,101098,Indoor
22.66,50,101105,Indoor
22.66,50,101103,Indoor
22.66,50,101103,Indoor
22.67,50,101102,Indoor
22.67,50,101101,Indoor
22.67,50,101102,Indoor
22.66,50,101097,Indoor
22.66,50,101100,Indoor
22.66,50,101100,Indoor
22.66,50,101100,Indoor
22.66,50,101106,Indoor
22.66,50,101100,Indoor
22.66,50,101098,Indoor
22.66,50,101105,Indoor
22.65,50,101101,Indoor
22.66,50,101100,Indoor
22.67,50,101102,Indoor
22.67,50,101101,Indoor
22.67,50,101101,Indoor
22.67,50,101101,Indoor
22.67,50,101102,Indoor
22.67,49,101102,Indoor
22.67,50,101102,Indoor
22.67,49,101102,Indoor
22.67,50,101099,Indoor
22.67,50,101102,Indoor
22.68,50,101106,Indoor
22.68,49,101104,Indoor
22.68,49,101098,Indoor
22.68,49,101101,Indoor
22.68,49,101098,Indoor
22.67,50,101108,Indoor
22.67,50,101094,Indoor
22.68,50,101097,Indoor
22.68,50,101097,Indoor
22.67,50,101097,Indoor
22.67,49,101102,Indoor
22.68,50,101097,Indoor
22.67,49,101105,Indoor
22.68,50,101104,Indoor
22.69,50,101094,Indoor
22.68,50,101098,Indoor
22.67,50,101102,Indoor
22.67,50,101097,Indoor
22.66,50,101106,Indoor
22.67,50,101096,Indoor
22.67,50,101097,Indoor
22.67,49,101101,Indoor
22.66,50,101103,Indoor
22.66,50,101098,Indoor
22.66,50,101103,Indoor
22.67,50,101102,Indoor
22.66,50,101105,Indoor
22.66,50,101106,Indoor
22.68,50,101107,Indoor
22.66,50,101109,Indoor
22.66,50,101100,Indoor
22.66,50,101100,Indoor
22.66,50,101100,Indoor
22.65,50,101104,Indoor
22.66,50,101100,Indoor
22.65,50,101096,Indoor
22.65,50,101104,Indoor
22.65,50,101101,Indoor
22.66,50,101100,Indoor
22.66,50,101106,Indoor
22.65,50,101099,Indoor
22.65,50,101101,Indoor
22.64,50,101103,Indoor
22.65,50,101104,Indoor
22.64,50,101103,Indoor
22.64,50,101103,Indoor
22.64,50,101103,Indoor
22.66,50,101103,Indoor
22.65,50,101110,Indoor
22.64,50,101103,Indoor
22.65,50,101104,Indoor
22.65,50,101101,Indoor
22.64,50,101092,Indoor
22.64,50,101103,Indoor
22.64,50,101098,Indoor
22.64,50,101103,Indoor
22.64,50,101100,Indoor
22.63,50,101102,Indoor
22.63,50,101104,Indoor
22.64,50,101103,Indoor
22.63,50,101101,Indoor
22.62,50,101100,Indoor
22.63,50,101104,Indoor
22.63,50,101104,Indoor
22.62,50,101106,Indoor
22.63,50,101112,Indoor
22.63,50,101101,Indoor
22.62,50,101108,Indoor
22.62,50,101100,Indoor
22.63,50,101109,Indoor
22.61,50,101098,Indoor
22.62,50,101105,Indoor
22.62,50,101103,Indoor
22.62,50,101105,Indoor
22.61,50,101101,Indoor
22.62,50,101105,Indoor
22.63,50,101106,Indoor
22.62,50,101105,Indoor
22.62,50,101106,Indoor
22.61,50,101104,Indoor
22.62,50,101105,Indoor
22.61,50,101097,Indoor
22.61,50,101103,Indoor
22.61,50,101106,Indoor
22.61,50,101103,Indoor
22.6,50,101102,Indoor
22.61,50,101100,Indoor
22.6,50,101104,Indoor
22.6,50,101107,Indoor
22.6,50,101107,Indoor
22.6,50,101099,Indoor
22.59,50,101100,Indoor
22.59,50,101102,Indoor
22.58,50,101098,Indoor
22.59,50,101105,Indoor
22.6,50,101104,Indoor
22.59,50,101100,Indoor
22.59,50,101100,Indoor
22.59,50,101105,Indoor
22.59,50,101105,Indoor
22.59,50,101094,Indoor
22.58,50,101104,Indoor
22.58,50,101109,Indoor
22.59,50,101102,Indoor
22.59,50,101102,Indoor
22.59,50,101111,Indoor
22.59,50,101102,Indoor
22.59,50,101105,Indoor
22.59,50,101100,Indoor
22.59,50,101105,Indoor
22.58,50,101101,Indoor
22.58,50,101101,Indoor
22.58,50,101103,Indoor
22.59,50,101106,Indoor
22.59,50,101100,Indoor
22.58,50,101106,Indoor
22.59,50,101100,Indoor
22.59,50,101105,Indoor
22.59,50,101097,Indoor
22.59,50,101100,Indoor
22.58,50,101099,Indoor
22.59,50,101102,Indoor
22.59,50,101108,Indoor
22.59,50,101106,Indoor
22.59,50,101100,Indoor
22.6,50,101096,Indoor
22.59,50,101100,Indoor
22.59,50,101106,Indoor
22.59,50,101105,Indoor
22.59,50,101100,Indoor
22.59,50,101100,Indoor
22.59,50,101105,Indoor
22.58,50,101099,Indoor
22.58,50,101103,Indoor
22.58,50,101104,Indoor
22.58,50,101098,Indoor
22.58,50,101101,Indoor
22.58,50,101095,Indoor
22.58,50,101098,Indoor
22.58,50,101104,Indoor
22.58,50,101101,Indoor
22.58,50,101101,Indoor
22.59,50,101100,Indoor
22.57,50,101103,Indoor
22.57,50,101102,Indoor
22.57,50,101099,Indoor
22.57,50,101107,Indoor
22.57,50,101104,Indoor
22.57,50,101103,Indoor
22.58,50,101109,Indoor
22.57,50,101104,Indoor
22.57,50,101102,Indoor
22.56,50,101101,Indoor
22.57,50,101102,Indoor
22.56,50,101106,Indoor
22.56,50,101101,Indoor
22.56,50,101101,Indoor
22.56,50,101098,Indoor
22.57,50,101102,Indoor
22.57,50,101099,Indoor
22.56,50,101095,Indoor
22.56,50,101100,Indoor
22.56,50,101094,Indoor
22.56,50,101103,Indoor
22.55,50,101107,Indoor
22.55,50,101107,Indoor
22.55,50,101098,Indoor
22.54,50,101100,Indoor
22.54,50,101103,Indoor
22.54,50,101097,Indoor
22.55,50,101107,Indoor
22.55,50,101104,Indoor
22.54,50,101097,Indoor
22.53,50,101099,Indoor
22.54,50,101102,Indoor
22.54,50,101102,Indoor
22.53,50,101101,Indoor
22.54,50,101105,Indoor
22.54,50,101102,Indoor
22.53,50,101103,Indoor
22.52,50,101100,Indoor
22.54,50,101108,Indoor
22.53,50,101109,Indoor
22.53,50,101100,Indoor
22.53,50,101100,Indoor
22.52,50,101100,Indoor
22.53,50,101101,Indoor
22.53,50,101101,Indoor
22.54,50,101108,Indoor
22.55,50,101107,Indoor
22.54,50,101102,Indoor
22.55,50,101104,Indoor
22.54,50,101105,Indoor
22.54,50,101102,Indoor
22.54,50,101102,Indoor
22.54,50,101100,Indoor
22.53,50,101100,Indoor
22.55,50,101104,Indoor
22.55,50,101101,Indoor
22.53,50,101096,Indoor
22.55,50,101107,Indoor
22.55,50,101110,Indoor
22.55,50,101107,Indoor
22.55,50,101104,Indoor
22.54,50,101103,Indoor
22.55,50,101104,Indoor
22.54,50,101109,Indoor
22.54,50,101103,Indoor
22.54,50,101097,Indoor
22.54,50,101109,Indoor
22.54,50,101106,Indoor
22.55,50,101101,Indoor
22.54,50,101100,Indoor
22.55,50,101098,Indoor
22.55,50,101104,Indoor
22.55,50,101099,Indoor
22.56,50,101100,Indoor
22.56,50,101100,Indoor
22.55,50,101099,Indoor
22.55,50,101107,Indoor
22.55,50,101102,Indoor
22.56,50,101101,Indoor
22.55,50,101099,Indoor
22.56,50,101103,Indoor
22.56,50,101101,Indoor
22.56,50,101101,Indoor
22.56,50,101106,Indoor
22.56,50,101101,Indoor
22.56,50,101098,Indoor
22.56,50,101101,Indoor
22.57,50,101102,Indoor
22.57,50,101110,Indoor
22.57,50,101103,Indoor
22.57,50,101107,Indoor
22.57,50,101104,Indoor
22.57,50,101102,Indoor
22.57,50,101099,Indoor
22.56,50,101101,Indoor
22.56,50,101100,Indoor
22.56,50,101098,Indoor
22.56,50,101103,Indoor
22.56,50,101101,Indoor
22.56,50,101101,Indoor
22.57,50,101107,Indoor
22.57,50,101102,Indoor
22.56,50,101097,Indoor
22.56,50,101104,Indoor
22.58,50,101103,Indoor
22.57,50,101102,Indoor
22.57,50,101102,Indoor
22.57,50,101107,Indoor
22.57,50,101099,Indoor
22.56,50,101106,Indoor
22.56,50,101104,Indoor
22.56,50,101097,Indoor
22.57,50,101107,Indoor
22.57,50,101102,Indoor
22.57,50,101108,Indoor
22.57,50,101102,Indoor
22.58,50,101101,Indoor
22.58,50,101109,Indoor
22.58,50,101098,Indoor
22.57,50,101100,Indoor
22.57,50,101100,Indoor
22.58,50,101109,Indoor
22.58,50,101104,Indoor
22.59,50,101105,Indoor
22.57,50,101103,Indoor
22.57,50,101097,Indoor
22.58,50,101109,Indoor
22.58,50,101098,Indoor
22.58,50,101104,Indoor
22.58,50,101103,Indoor
22.58,50,101103,Indoor
22.58,50,101107,Indoor
22.58,50,101098,Indoor
22.57,50,101103,Indoor
22.59,50,101105,Indoor
22.58,50,101101,Indoor
22.59,50,101108,Indoor
22.58,50,101103,Indoor
22.59,50,101111,Indoor
22.59,50,101105,Indoor
22.58,50,101109,Indoor
22.58,50,101101,Indoor
22.59,50,101105,Indoor
22.58,50,101106,Indoor
22.58,50,101098,Indoor
22.58,50,101110,Indoor
22.58,50,101098,Indoor
22.57,50,101105,Indoor
22.59,50,101108,Indoor
22.57,50,101100,Indoor
22.57,50,101107,Indoor
22.58,50,101103,Indoor
22.57,50,101103,Indoor
22.58,50,101103,Indoor
22.58,50,101106,Indoor
22.57,50,101102,Indoor
22.58,50,101106,Indoor
22.57,50,101099,Indoor
22.56,50,101111,Indoor
22.57,50,101102,Indoor
22.56,50,101104,Indoor
22.56,50,101103,Indoor
22.56,50,101106,Indoor
22.57,50,101102,Indoor
22.57,50,101107,Indoor
22.57,50,101102,Indoor
22.57,50,101103,Indoor
22.57,50,101102,Indoor
22.57,50,101107,Indoor
22.57,50,101102,Indoor
22.56,50,101111,Indoor
22.56,50,101100,Indoor
22.56,50,101104,Indoor
22.56,50,101106,Indoor
22.56,50,101106,Indoor
22.56,50,101106,Indoor
22.56,50,101106,Indoor
22.56,50,101114,Indoor
22.56,50,101108,Indoor
22.56,50,101108,Indoor
22.57,50,101107,Indoor
22.56,50,101111,Indoor
22.56,50,101114,Indoor
22.55,50,101104,Indoor
22.56,50,101103,Indoor
22.56,50,101106,Indoor
22.54,50,101109,Indoor
22.55,50,101109,Indoor
22.56,50,101106,Indoor
22.55,50,101110,Indoor
22.55,50,101098,Indoor
22.55,50,101104,Indoor
22.55,50,101101,Indoor
22.55,50,101109,Indoor
22.56,50,101106,Indoor
22.55,50,101107,Indoor
22.56,50,101108,Indoor
22.55,50,101098,Indoor
22.55,50,101109,Indoor
22.55,50,101109,Indoor
22.55,50,101104,Indoor
22.54,50,101102,Indoor
22.54,50,101103,Indoor
22.55,50,101105,Indoor
22.55,50,101099,Indoor
22.56,50,101108,Indoor
22.56,50,101103,Indoor
22.55,50,101104,Indoor
22.55,50,101098,Indoor
22.55,50,101104,Indoor
22.55,50,101107,Indoor
22.56,50,101106,Indoor
22.56,50,101108,Indoor
22.54,50,101102,Indoor
22.55,50,101109,Indoor
22.56,50,101106,Indoor
22.55,50,101107,Indoor
22.56,50,101111,Indoor
22.55,50,101107,Indoor
22.57,50,101107,Indoor
22.55,50,101109,Indoor
22.55,50,101109,Indoor
22.55,50,101112,Indoor
22.54,50,101110,Indoor
22.55,50,101105,Indoor
22.54,50,101103,Indoor
22.54,50,101103,Indoor
22.54,50,101109,Indoor
22.54,50,101108,Indoor
22.55,50,101104,Indoor
22.54,50,101111,Indoor
22.54,50,101108,Indoor
22.54,50,101105,Indoor
22.53,50,101100,Indoor
22.53,50,101106,Indoor
22.54,50,101108,Indoor
22.53,50,101107,Indoor
22.54,50,101110,Indoor
22.54,50,101110,Indoor
22.54,50,101110,Indoor
22.54,50,101108,Indoor
22.53,50,101106,Indoor
22.54,50,101109,Indoor
22.54,50,101108,Indoor
22.54,50,101108,Indoor
22.53,50,101109,Indoor
22.53,50,101109,Indoor
22.53,50,101112,Indoor
22.52,50,101105,Indoor
22.53,50,101100,Indoor
22.53,50,101112,Indoor
22.53,50,101110,Indoor
22.53,50,101112,Indoor
22.54,50,101119,Indoor
22.53,50,101110,Indoor
22.53,50,101109,Indoor
22.53,50,101110,Indoor
22.52,50,101110,Indoor
22.53,50,101112,Indoor
22.52,50,101104,Indoor
22.52,50,101107,Indoor
22.52,50,101105,Indoor
22.52,50,101115,Indoor
22.52,50,101115,Indoor
22.52,50,101110,Indoor
22.52,50,101110,Indoor
22.51,50,101108,Indoor
22.52,50,101104,Indoor
22.51,50,101112,Indoor
22.51,50,101103,Indoor
22.52,50,101104,Indoor
22.5,50,101113,Indoor
22.51,50,101108,Indoor
22.51,50,101103,Indoor
22.52,50,101107,Indoor
22.51,50,101114,Indoor
22.52,50,101110,Indoor
22.52,50,101104,Indoor
22.51,50,101103,Indoor
22.51,50,101108,Indoor
22.52,50,101116,Indoor
22.51,50,101109,Indoor
22.51,50,101103,Indoor
22.51,50,101105,Indoor
22.52,50,101105,Indoor
22.51,50,101114,Indoor
22.52,50,101113,Indoor
22.52,50,101110,Indoor
22.51,50,101114,Indoor
22.5,50,101110,Indoor
22.52,50,101107,Indoor
22.51,50,101114,Indoor
22.51,50,101114,Indoor
22.51,50,101114,Indoor
22.51,50,101105,Indoor
22.51,50,101111,Indoor
22.51,50,101112,Indoor
22.51,50,101114,Indoor
22.51,50,101108,Indoor
22.5,50,101112,Indoor
22.5,50,101113,Indoor
22.51,50,101103,Indoor
22.51,50,101108,Indoor
22.5,50,101110,Indoor
22.5,50,101112,Indoor
22.5,50,101112,Indoor
22.5,50,101112,Indoor
22.5,50,101118,Indoor
22.48,50,101109,Indoor
22.5,50,101107,Indoor
22.5,50,101112,Indoor
22.49,50,101116,Indoor
22.49,50,101108,Indoor
22.5,50,101115,Indoor
22.5,50,101112,Indoor
22.5,50,101112,Indoor
22.5,50,101118,Indoor
22.5,50,101112,Indoor
22.49,50,101110,Indoor
22.51,50,101114,Indoor
22.5,50,101106,Indoor
22.49,50,101110,Indoor
22.49,50,101107,Indoor
22.49,50,101116,Indoor
22.48,50,101111,Indoor
22.48,50,101111,Indoor
22.47,50,101108,Indoor
22.48,50,101109,Indoor
22.47,50,101110,Indoor
22.48,50,101111,Indoor
22.48,50,101109,Indoor
22.47,50,101110,Indoor
22.48,50,101106,Indoor
22.48,50,101117,Indoor
22.48,50,101114,Indoor
22.47,50,101108,Indoor
22.47,50,101107,Indoor
22.47,50,101112,Indoor
22.48,50,101114,Indoor
22.48,50,101111,Indoor
22.48,50,101100,Indoor
22.49,50,101113,Indoor
22.48,50,101109,Indoor
22.49,50,101110,Indoor
22.49,50,101111,Indoor
22.48,50,101100,Indoor
22.48,50,101111,Indoor
22.48,50,101114,Indoor
22.48,50,101114,Indoor
22.48,50,101114,Indoor
22.47,50,101113,Indoor
22.48,50,101114,Indoor
22.48,50,101114,Indoor
22.47,50,101108,Indoor
22.48,50,101114,Indoor
22.48,50,101109,Indoor
22.48,50,101109,Indoor
22.48,50,101111,Indoor
22.48,50,101114,Indoor
22.48,50,101111,Indoor
22.48,50,101117,Indoor
22.47,50,101110,Indoor
22.47,50,101110,Indoor
22.48,50,101109,Indoor
22.48,50,101114,Indoor
22.47,50,101113,Indoor
22.48,50,101114,Indoor
22.48,50,101109,Indoor
22.47,50,101107,Indoor
22.48,50,101109,Indoor
22.49,50,101116,Indoor
22.47,50,101113,Indoor
22.47,50,101110,Indoor
22.47,50,101112,Indoor
22.48,50,101114,Indoor
22.47,50,101110,Indoor
22.47,50,101108,Indoor
22.47,50,101112,Indoor
22.46,50,101113,Indoor
22.47,50,101116,Indoor
22.47,50,101110,Indoor
22.48,50,101111,Indoor
22.47,50,101107,Indoor
22.47,50,101107,Indoor
22.47,50,101118,Indoor
22.47,50,101110,Indoor
22.47,50,101115,Indoor
22.47,50,101112,Indoor
22.46,50,101111,Indoor
22.47,50,101112,Indoor
22.47,50,101112,Indoor
22.47,50,101118,Indoor
22.47,50,101115,Indoor
22.47,50,101113,Indoor
22.47,50,101112,Indoor
22.47,50,101108,Indoor
22.47,50,101107,Indoor
22.47,50,101107,Indoor
22.47,50,101110,Indoor
22.47,50,101107,Indoor
22.47,50,101107,Indoor
22.46,49,101105,Indoor
22.46,49,101105,Indoor
22.47,49,101107,Indoor
22.46,49,101098,Indoor
22.47,49,101108,Indoor
22.47,49,101107,Indoor
22.47,49,101108,Indoor
22.47,49,101112,Indoor
22.47,49,101113,Indoor
22.48,49,101109,Indoor
22.48,49,101104,Indoor
22.47,49,101104,Indoor
22.46,49,101105,Indoor
22.45,49,101106,Indoor
22.45,49,101103,Indoor
22.44,49,101110,Indoor
22.43,48,101115,Indoor
22.3,46,101112,Indoor
22.22,44,101110,Indoor
22.26,43,101107,Indoor
22.24,43,101112,Indoor
22.13,43,101123,Indoor
22.06,43,101121,Indoor
21.98,43,101119,Indoor
21.94,42,101118,Indoor
21.95,43,101120,Indoor
21.89,43,101118,Indoor
21.83,43,101116,Indoor
21.79,43,101115,Indoor
21.76,43,101123,Indoor
21.68,43,101125,Indoor
21.63,43,101123,Indoor
21.6,43,101127,Indoor
21.55,43,101124,Indoor
21.51,43,101120,Indoor
21.48,44,101112,Indoor
21.42,44,101119,Indoor
21.4,44,101120,Indoor
21.38,44,101117,Indoor
21.36,44,101120,Indoor
21.33,44,101119,Indoor
21.28,44,101117,Indoor
21.28,44,101116,Indoor
21.25,44,101118,Indoor
21.24,44,101120,Indoor
21.25,44,101124,Indoor
21.22,44,101119,Indoor
21.19,44,101119,Indoor
21.14,44,101122,Indoor
21.1,44,101121,Indoor
21.07,43,101123,Indoor
21.03,43,101128,Indoor
20.96,42,101126,Indoor
20.87,42,101125,Indoor
20.85,42,101128,Indoor
20.82,42,101125,Indoor
20.79,43,101123,Indoor
20.78,43,101122,Indoor
20.79,43,101124,Indoor
20.77,43,101125,Indoor
20.75,43,101127,Indoor
20.73,43,101129,Indoor
20.73,43,101124,Indoor
20.72,43,101122,Indoor
20.7,43,101124,Indoor
20.69,43,101134,Indoor
20.69,43,101128,Indoor
20.64,43,101122,Indoor
20.6,43,101127,Indoor
20.56,43,101117,Indoor
20.56,43,101120,Indoor
20.54,43,101120,Indoor
20.54,43,101122,Indoor
20.53,43,101124,Indoor
20.48,43,101131,Indoor
20.46,43,101128,Indoor
20.43,43,101120,Indoor
20.39,43,101127,Indoor
20.37,43,101121,Indoor
20.37,43,101129,Indoor
20.39,43,101127,Indoor
20.38,43,101120,Indoor
20.37,44,101127,Indoor
20.36,45,101127,Indoor
20.32,45,101128,Indoor
20.29,44,101122,Indoor
20.28,44,101124,Indoor
20.26,44,101126,Indoor
20.27,44,101129,Indoor
20.23,44,101123,Indoor
20.17,44,101121,Indoor
20.18,44,101129,Indoor
20.19,44,101121,Indoor
20.17,45,101119,Indoor
20.18,45,101131,Indoor
20.2,45,101123,Indoor
20.2,45,101129,Indoor
20.21,45,101130,Indoor
20.2,45,101123,Indoor
20.18,45,101125,Indoor
20.17,45,101127,Indoor
20.15,45,101126,Indoor
20.13,45,101126,Indoor
20.12,46,101126,Indoor
20.08,46,101128,Indoor
20.05,46,101131,Indoor
20.01,46,101130,Indoor
20.0,46,101128,Indoor
19.97,46,101131,Indoor
19.95,46,101128,Indoor
19.94,46,101123,Indoor
19.93,46,101127,Indoor
19.9,46,101130,Indoor
19.86,46,101127,Indoor
19.85,46,101136,Indoor
19.81,47,101133,Indoor
19.79,47,101131,Indoor
19.76,47,101137,Indoor
19.74,47,101134,Indoor
19.7,47,101141,Indoor
19.65,48,101133,Indoor
19.62,48,101141,Indoor
19.55,47,101135,Indoor
19.52,47,101141,Indoor
19.45,47,101134,Indoor
19.41,47,101134,Indoor
19.38,46,101135,Indoor
19.34,46,101133,Indoor
19.3,46,101126,Indoor
19.27,46,101127,Indoor
19.2,46,101131,Indoor
19.15,46,101128,Indoor
19.16,46,101133,Indoor
19.13,46,101135,Indoor
19.09,46,101135,Indoor
19.09,46,101140,Indoor
19.05,46,101139,Indoor
19.05,46,101139,Indoor
19.01,46,101140,Indoor
18.96,46,101135,Indoor
18.95,46,101138,Indoor
18.89,46,101131,Indoor
18.85,46,101132,Indoor
18.84,46,101133,Indoor
18.78,46,101124,Indoor
18.76,46,101136,Indoor
18.78,46,101131,Indoor
18.74,46,101128,Indoor
18.69,46,101139,Indoor
18.7,46,101134,Indoor
18.71,46,101136,Indoor
18.68,46,101132,Indoor
18.67,46,101129,Indoor
18.65,46,101128,Indoor
18.61,47,101127,Indoor
18.56,47,101138,Indoor
18.53,47,101141,Indoor
18.51,47,101133,Indoor
18.49,47,101130,Indoor
18.49,47,101132,Indoor
18.48,48,101131,Indoor
18.47,48,101138,Indoor
18.49,48,101130,Indoor
18.49,48,101128,Indoor
18.47,48,101129,Indoor
18.45,48,101121,Indoor
18.47,48,101124,Indoor
18.46,48,101122,Indoor
18.48,48,101131,Indoor
18.45,48,101120,Indoor
18.45,49,101131,Indoor
18.44,49,101126,Indoor
18.45,49,101129,Indoor
18.45,49,101126,Indoor
18.46,49,101138,Indoor
18.42,48,101135,Indoor
18.41,48,101136,Indoor
18.41,48,101141,Indoor
18.41,48,101133,Indoor
18.4,48,101133,Indoor
18.38,49,101134,Indoor
18.38,49,101131,Indoor
18.38,49,101133,Indoor
18.36,49,101138,Indoor
18.33,49,101132,Indoor
18.32,49,101125,Indoor
18.29,49,101132,Indoor
18.28,49,101130,Indoor
18.26,49,101135,Indoor
18.26,49,101134,Indoor
18.28,49,101129,Indoor
18.26,49,101132,Indoor
18.26,49,101126,Indoor
18.26,49,101137,Indoor
18.24,49,101131,Indoor
18.24,49,101134,Indoor
18.24,49,101126,Indoor
18.24,49,101132,Indoor
18.22,49,101134,Indoor
18.21,49,101135,Indoor
18.2,49,101133,Indoor
18.19,49,101125,Indoor
18.17,49,101134,Indoor
18.14,48,101131,Indoor
18.14,48,101134,Indoor
18.12,48,101128,Indoor
18.11,48,101126,Indoor
18.1,48,101127,Indoor
18.09,48,101119,Indoor
18.08,48,101128,Indoor
18.06,48,101131,Indoor
18.06,48,101126,Indoor
18.05,48,101130,Indoor
18.02,48,101131,Indoor
18.02,49,101133,Indoor
18.01,49,101131,Indoor
18.87,55,101152,Outdoor
18.88,55,101154,Outdoor
18.87,55,101144,Outdoor
18.88,55,101147,Outdoor
18.89,55,101145,Outdoor
18.9,55,101153,Outdoor
18.92,55,101148,Outdoor
18.93,55,101146,Outdoor
18.93,55,101151,Outdoor
18.94,55,101153,Outdoor
18.94,55,101148,Outdoor
18.95,55,101149,Outdoor
18.96,55,101146,Outdoor
18.96,55,101148,Outdoor
18.97,55,101147,Outdoor
18.98,55,101149,Outdoor
18.98,55,101155,Outdoor
19.0,55,101157,Outdoor
19.0,55,101150,Outdoor
19.01,55,101153,Outdoor
19.01,55,101154,Outdoor
19.03,55,101157,Outdoor
19.03,55,101155,Outdoor
19.03,55,101152,Outdoor
19.05,55,101155,Outdoor
19.05,55,101150,Outdoor
19.06,55,101152,Outdoor
19.06,55,101152,Outdoor
19.07,55,101156,Outdoor
19.07,55,101148,Outdoor
19.09,55,101150,Outdoor
19.11,55,101144,Outdoor
19.14,55,101149,Outdoor
19.15,55,101150,Outdoor
19.17,55,101140,Outdoor
19.18,55,101145,Outdoor
19.2,55,101140,Outdoor
19.21,55,101139,Outdoor
19.26,57,101142,Outdoor
19.76,66,101134,Outdoor
21.69,76,101118,Outdoor
21.23,76,101137,Outdoor
20.63,75,101135,Outdoor
20.46,72,101133,Outdoor
20.34,68,101134,Outdoor
20.27,65,101141,Outdoor
20.26,64,101139,Outdoor
20.27,63,101138,Outdoor
20.3,60,101141,Outdoor
20.33,58,101140,Outdoor
20.36,58,101136,Outdoor
20.38,57,101142,Outdoor
20.36,56,101131,Outdoor
20.38,55,101142,Outdoor
20.36,54,101133,Outdoor
20.36,54,101133,Outdoor
20.36,54,101124,Outdoor
20.36,54,101122,Outdoor
20.36,53,101122,Outdoor
20.37,54,101123,Outdoor
20.36,54,101117,Outdoor
20.36,53,101116,Outdoor
20.36,53,101111,Outdoor
20.34,53,101109,Outdoor
20.34,53,101103,Outdoor
20.34,53,101103,Outdoor
20.36,53,101094,Outdoor
20.34,53,101098,Outdoor
20.36,53,101100,Outdoor
20.35,52,101101,Outdoor
20.35,52,101099,Outdoor
20.36,52,101094,Outdoor
20.37,53,101096,Outdoor
20.38,53,101097,Outdoor
20.38,53,101108,Outdoor
20.38,53,101095,Outdoor
20.4,54,101095,Outdoor
20.39,54,101110,Outdoor
20.39,54,101110,Outdoor
20.4,54,101112,Outdoor
20.39,54,101107,Outdoor
20.4,54,101106,Outdoor
20.39,54,101113,Outdoor
20.39,54,101108,Outdoor
20.4,54,101112,Outdoor
20.4,54,101106,Outdoor
20.39,54,101105,Outdoor
20.38,54,101108,Outdoor
20.37,54,101112,Outdoor
20.39,54,101116,Outdoor
20.38,54,101108,Outdoor
20.38,54,101108,Outdoor
20.37,54,101107,Outdoor
20.37,54,101108,Outdoor
20.38,54,101100,Outdoor
20.37,54,101110,Outdoor
20.37,54,101112,Outdoor
20.36,54,101106,Outdoor
20.36,54,101113,Outdoor
20.36,54,101108,Outdoor
20.35,54,101110,Outdoor
20.36,54,101111,Outdoor
20.36,54,101108,Outdoor
20.36,54,101111,Outdoor
20.34,54,101103,Outdoor
20.35,54,101104,Outdoor
20.36,54,101111,Outdoor
20.34,54,101108,Outdoor
20.34,54,101105,Outdoor
20.33,54,101107,Outdoor
20.33,54,101101,Outdoor
20.34,54,101109,Outdoor
20.33,54,101107,Outdoor
20.34,54,101108,Outdoor
20.34,54,101103,Outdoor
20.34,54,101111,Outdoor
20.33,54,101109,Outdoor
20.33,54,101113,Outdoor
20.33,54,101107,Outdoor
20.33,54,101106,Outdoor
20.33,54,101102,Outdoor
20.32,54,101108,Outdoor
20.32,54,101108,Outdoor
20.32,54,101111,Outdoor
20.33,54,101110,Outdoor
20.33,54,101110,Outdoor
20.31,54,101109,Outdoor
20.33,54,101106,Outdoor
20.32,54,101111,Outdoor
20.33,54,101113,Outdoor
20.32,54,101111,Outdoor
20.32,54,101107,Outdoor
20.32,54,101114,Outdoor
20.32,54,101111,Outdoor
20.32,54,101110,Outdoor
20.33,54,101112,Outdoor
20.32,54,101110,Outdoor
20.31,54,101107,Outdoor
20.32,54,101105,Outdoor
20.31,54,101104,Outdoor
20.31,54,101101,Outdoor
20.32,54,101111,Outdoor
20.32,54,101105,Outdoor
20.31,54,101109,Outdoor
20.31,54,101112,Outdoor
20.31,54,101112,Outdoor
20.31,55,101109,Outdoor
20.31,55,101104,Outdoor
20.31,55,101103,Outdoor
20.32,55,101107,Outdoor
20.31,55,101109,Outdoor
20.3,55,101105,Outdoor
20.31,55,101108,Outdoor
20.32,55,101117,Outdoor
20.31,55,101104,Outdoor
20.31,55,101111,Outdoor
20.31,55,101108,Outdoor
20.31,55,101108,Outdoor
20.31,55,101109,Outdoor
20.31,55,101108,Outdoor
20.31,55,101109,Outdoor
20.31,55,101109,Outdoor
20.31,55,101109,Outdoor
20.31,55,101118,Outdoor
20.31,55,101112,Outdoor
20.31,54,101109,Outdoor
20.31,55,101109,Outdoor
20.31,55,101109,Outdoor
20.31,54,101109,Outdoor
22.18,49,101070,Outdoor
22.18,49,101070,Outdoor
22.18,49,101069,Outdoor
22.18,49,101070,Outdoor
22.18,49,101070,Outdoor
22.18,49,101070,Outdoor
22.19,49,101066,Outdoor
22.19,49,101074,Outdoor
22.19,49,101071,Outdoor
22.18,49,101065,Outdoor
22.2,49,101072,Outdoor
22.2,49,101061,Outdoor
22.2,49,101069,Outdoor
22.2,49,101066,Outdoor
22.2,49,101069,Outdoor
22.19,49,101068,Outdoor
22.19,49,101071,Outdoor
22.2,49,101066,Outdoor
22.2,49,101078,Outdoor
22.19,49,101066,Outdoor
22.21,49,101068,Outdoor
22.22,49,101073,Outdoor
22.22,49,101073,Outdoor
22.22,49,101070,Outdoor
22.22,49,101070,Outdoor
22.22,49,101075,Outdoor
22.22,49,101070,Outdoor
22.23,49,101072,Outdoor
22.22,49,101076,Outdoor
22.23,49,101072,Outdoor
22.22,49,101070,Outdoor
22.22,49,101075,Outdoor
22.23,49,101072,Outdoor
22.22,49,101071,Outdoor
22.22,49,101075,Outdoor
22.22,49,101073,Outdoor
22.23,49,101077,Outdoor
22.23,49,101072,Outdoor
22.23,49,101072,Outdoor
22.23,49,101072,Outdoor
22.23,49,101072,Outdoor
22.24,49,101073,Outdoor
22.24,49,101073,Outdoor
22.24,49,101073,Outdoor
22.24,49,101073,Outdoor
22.24,49,101073,Outdoor
22.24,49,101074,Outdoor
22.24,49,101079,Outdoor
22.24,49,101062,Outdoor
22.24,49,101073,Outdoor
22.27,49,101067,Indoor
22.27,49,101076,Indoor
22.26,49,101071,Indoor
22.27,49,101074,Indoor
22.27,49,101076,Indoor
22.27,49,101078,Indoor
22.26,49,101072,Indoor
22.26,49,101068,Indoor
22.26,49,101066,Indoor
22.26,49,101077,Indoor
22.26,49,101075,Indoor
22.27,49,101084,Indoor
22.27,49,101076,Indoor
22.26,49,101072,Indoor
22.27,49,101078,Indoor
22.27,49,101067,Indoor
22.26,49,101077,Indoor
22.26,49,101077,Indoor
22.28,49,101075,Indoor
22.27,49,101073,Indoor
22.27,49,101076,Indoor
22.27,49,101076,Indoor
22.27,49,101078,Indoor
22.26,49,101075,Indoor
22.27,49,101071,Indoor
22.27,49,101074,Indoor
22.27,49,101079,Indoor
22.27,49,101074,Indoor
22.27,49,101073,Indoor
22.28,49,101066,Indoor
22.27,49,101068,Indoor
22.28,49,101075,Indoor
22.27,49,101073,Indoor
22.28,49,101075,Indoor
22.28,49,101075,Indoor
22.28,49,101075,Indoor
22.27,49,101079,Indoor
22.27,49,101073,Indoor
22.28,49,101075,Indoor
22.27,49,101074,Indoor
22.27,49,101081,Indoor
22.28,49,101063,Indoor
22.28,49,101075,Indoor
22.27,49,101065,Indoor
22.27,49,101073,Indoor
22.28,49,101075,Indoor
22.27,49,101078,Indoor
22.27,49,101078,Indoor
22.27,49,101067,Indoor
22.26,49,101072,Indoor
22.27,49,101067,Indoor
22.27,49,101078,Indoor
22.26,49,101075,Indoor
22.26,49,101071,Indoor
22.26,49,101079,Indoor
22.26,49,101077,Indoor
22.26,49,101077,Indoor
22.25,49,101076,Indoor
22.26,49,101071,Indoor
22.26,49,101079,Indoor
22.25,49,101076,Indoor
22.25,49,101072,Indoor
22.25,49,101076,Indoor
22.25,49,101068,Indoor
22.26,49,101074,Indoor
22.25,49,101075,Indoor
22.26,49,101071,Indoor
22.26,49,101071,Indoor
22.26,49,101077,Indoor
22.26,49,101077,Indoor
22.26,49,101077,Indoor
22.26,49,101074,Indoor
22.27,49,101078,Indoor
22.26,49,101071,Indoor
22.27,49,101074,Indoor
22.27,49,101078,Indoor
22.27,49,101076,Indoor
22.27,49,101073,Indoor
22.27,49,101076,Indoor
22.27,49,101076,Indoor
22.28,49,101075,Indoor
22.27,49,101074,Indoor
22.28,49,101075,Indoor
22.27,49,101068,Indoor
22.28,49,101072,Indoor
22.27,49,101063,Indoor
22.27,49,101079,Indoor
22.28,49,101069,Indoor
22.28,49,101077,Indoor
22.27,49,101071,Indoor
22.28,49,101075,Indoor
22.28,49,101075,Indoor
22.28,49,101072,Indoor
22.28,49,101075,Indoor
22.29,49,101076,Indoor
22.28,49,101075,Indoor
22.28,49,101075,Indoor
22.28,49,101069,Indoor
22.28,49,101078,Indoor
22.29,49,101065,Indoor
22.29,49,101068,Indoor
22.28,49,101075,Indoor
22.29,49,101076,Indoor
22.28,49,101072,Indoor
22.28,49,101073,Indoor
22.28,49,101077,Indoor
22.28,49,101075,Indoor
22.29,49,101076,Indoor
22.28,49,101070,Indoor
22.28,49,101066,Indoor
22.29,49,101068,Indoor
22.28,49,101075,Indoor
22.3,49,101072,Indoor
22.29,49,101071,Indoor
22.3,49,101067,Indoor
22.29,49,101073,Indoor
22.29,49,101074,Indoor
22.29,49,101076,Indoor
22.29,49,101080,Indoor
22.29,49,101077,Indoor
22.29,49,101077,Indoor
22.29,49,101079,Indoor
22.29,49,101076,Indoor
22.3,49,101081,Indoor
22.28,49,101075,Indoor
22.29,49,101072,Indoor
22.3,49,101075,Indoor
22.3,49,101076,Indoor
22.29,49,101073,Indoor
22.3,49,101079,Indoor
22.3,49,101081,Indoor
22.29,49,101066,Indoor
22.3,49,101072,Indoor
22.3,49,101067,Indoor
22.3,49,101078,Indoor
22.3,49,101072,Indoor
22.31,49,101080,Indoor
22.3,49,101067,Indoor
22.3,49,101075,Indoor
22.29,49,101076,Indoor
22.3,49,101078,Indoor
22.29,49,101077,Indoor
22.29,49,101077,Indoor
22.29,49,101076,Indoor
22.3,49,101078,Indoor
22.3,49,101067,Indoor
22.3,49,101073,Indoor
22.3,49,101070,Indoor
22.3,49,101078,Indoor
22.3,49,101072,Indoor
22.3,49,101078,Indoor
22.3,49,101067,Indoor
22.29,49,101077,Indoor
22.29,49,101077,Indoor
22.3,49,101078,Indoor
22.3,49,101070,Indoor
22.3,49,101070,Indoor
22.3,49,101083,Indoor
22.3,49,101070,Indoor
22.31,49,101074,Indoor
22.3,49,101083,Indoor
22.31,49,101074,Indoor
22.3,49,101079,Indoor
22.3,49,101070,Indoor
22.3,49,101073,Indoor
22.3,49,101070,Indoor
22.3,49,101076,Indoor
22.3,49,101079,Indoor
22.3,49,101068,Indoor
22.3,49,101072,Indoor
22.3,49,101070,Indoor
22.3,49,101070,Indoor
22.31,49,101080,Indoor
22.31,49,101080,Indoor
22.3,49,101073,Indoor
22.3,49,101072,Indoor
22.29,49,101077,Indoor
22.3,49,101079,Indoor
22.29,49,101077,Indoor
22.3,49,101073,Indoor
22.3,49,101079,Indoor
22.3,49,101072,Indoor
22.3,49,101078,Indoor
22.31,49,101063,Indoor
22.3,49,101073,Indoor
22.31,49,101069,Indoor
22.31,49,101064,Indoor
22.32,49,101076,Indoor
22.32,49,101070,Indoor
22.31,49,101075,Indoor
22.31,49,101075,Indoor
22.31,49,101072,Indoor
22.32,49,101071,Indoor
22.31,49,101078,Indoor
22.32,49,101070,Indoor
22.32,49,101070,Indoor
22.32,49,101070,Indoor
22.33,49,101072,Indoor
22.33,49,101078,Indoor
22.33,49,101075,Indoor
22.33,49,101072,Indoor
22.32,49,101077,Indoor
22.33,49,101072,Indoor
22.32,49,101073,Indoor
22.32,49,101070,Indoor
22.32,49,101070,Indoor
22.32,49,101070,Indoor
22.31,49,101072,Indoor
22.32,49,101073,Indoor
22.31,49,101074,Indoor
22.32,49,101081,Indoor
22.32,49,101076,Indoor
22.32,49,101077,Indoor
22.31,49,101069,Indoor
22.31,49,101071,Indoor
22.31,49,101077,Indoor
22.31,49,101069,Indoor
22.31,49,101072,Indoor
22.31,49,101071,Indoor
22.31,49,101080,Indoor
22.31,49,101071,Indoor
22.31,49,101080,Indoor
22.3,49,101072,Indoor
22.31,49,101080,Indoor
22.3,49,101070,Indoor
22.3,49,101073,Indoor
22.31,49,101071,Indoor
22.31,49,101080,Indoor
22.31,49,101080,Indoor
22.3,49,101075,Indoor
22.3,49,101078,Indoor
22.3,49,101079,Indoor
22.3,49,101079,Indoor
22.3,49,101075,Indoor
22.3,49,101079,Indoor
22.31,49,101080,Indoor
22.3,49,101079,Indoor
22.31,49,101080,Indoor
22.31,49,101071,Indoor
22.31,49,101077,Indoor
22.3,49,101067,Indoor
22.3,49,101072,Indoor
22.29,49,101076,Indoor
22.29,49,101077,Indoor
22.29,49,101073,Indoor
22.3,49,101070,Indoor
22.29,49,101080,Indoor
22.3,49,101078,Indoor
22.29,49,101072,Indoor
22.3,49,101070,Indoor
22.29,49,101072,Indoor
22.29,49,101071,Indoor
22.29,49,101074,Indoor
22.3,49,101078,Indoor
22.29,49,101065,Indoor
22.29,49,101073,Indoor
22.29,49,101068,Indoor
22.29,49,101079,Indoor
22.28,49,101075,Indoor
22.28,49,101075,Indoor
22.27,49,101073,Indoor
22.27,49,101082,Indoor
22.27,49,101076,Indoor
22.27,49,101073,Indoor
22.26,49,101072,Indoor
22.27,49,101078,Indoor
22.27,49,101074,Indoor
22.27,49,101079,Indoor
22.26,49,101071,Indoor
22.27,49,101073,Indoor
22.26,49,101077,Indoor
22.26,49,101079,Indoor
22.26,49,101072,Indoor
22.26,49,101072,Indoor
22.27,49,101078,Indoor
22.26,49,101078,Indoor
22.26,49,101077,Indoor
22.26,49,101078,Indoor
22.26,49,101074,Indoor
22.27,49,101081,Indoor
22.27,49,101076,Indoor
22.27,49,101082,Indoor
22.27,49,101079,Indoor
22.27,49,101079,Indoor
22.27,49,101082,Indoor
22.27,49,101079,Indoor
22.27,49,101078,Indoor
22.27,49,101076,Indoor
22.27,49,101079,Indoor
22.27,49,101074,Indoor
22.28,49,101066,Indoor
22.28,49,101072,Indoor
22.27,49,101074,Indoor
22.28,49,101069,Indoor
22.28,49,101069,Indoor
22.28,49,101075,Indoor
22.28,49,101075,Indoor
22.27,49,101071,Indoor
22.28,49,101080,Indoor
22.28,49,101081,Indoor
22.29,49,101082,Indoor
22.28,49,101075,Indoor
22.29,49,101076,Indoor
22.29,49,101076,Indoor
22.29,49,101077,Indoor
22.3,49,101081,Indoor
22.29,49,101074,Indoor
22.29,49,101071,Indoor
22.3,49,101081,Indoor
22.3,49,101070,Indoor
22.29,49,101072,Indoor
22.3,49,101078,Indoor
22.3,49,101078,Indoor
22.3,49,101078,Indoor
22.3,49,101072,Indoor
22.3,49,101076,Indoor
22.29,49,101077,Indoor
22.3,49,101078,Indoor
22.3,49,101078,Indoor
22.3,49,101081,Indoor
22.29,49,101076,Indoor
22.29,49,101076,Indoor
22.29,49,101074,Indoor
22.3,49,101070,Indoor
22.3,49,101072,Indoor
22.29,49,101080,Indoor
22.29,49,101079,Indoor
22.29,49,101065,Indoor
22.3,49,101078,Indoor
22.3,49,101072,Indoor
22.29,49,101073,Indoor
22.29,49,101072,Indoor
22.3,49,101070,Indoor
22.29,49,101076,Indoor
22.3,49,101078,Indoor
22.3,49,101070,Indoor
22.3,49,101075,Indoor
22.3,49,101075,Indoor
22.3,49,101081,Indoor
22.3,49,101082,Indoor
22.3,49,101078,Indoor
22.3,49,101072,Indoor
22.31,49,101080,Indoor
22.31,49,101080,Indoor
22.3,49,101070,Indoor
22.3,49,101079,Indoor
22.3,49,101072,Indoor
22.31,49,101074,Indoor
22.3,49,101078,Indoor
22.31,49,101074,Indoor
22.3,49,101067,Indoor
22.31,49,101071,Indoor
22.31,49,101072,Indoor
22.31,49,101069,Indoor
22.31,49,101069,Indoor
22.31,49,101074,Indoor
22.32,49,101081,Indoor
22.31,49,101074,Indoor
22.31,49,101069,Indoor
22.32,49,101073,Indoor
22.31,49,101069,Indoor
22.31,49,101083,Indoor
22.31,49,101069,Indoor
22.32,49,101067,Indoor
22.29,49,101071,Indoor
22.28,49,101070,Indoor
22.27,49,101063,Indoor
22.3,49,101067,Indoor
22.27,48,101067,Indoor
22.25,48,101069,Indoor
22.23,48,101070,Indoor
22.21,47,101068,Indoor
22.2,47,101069,Indoor
22.23,48,101069,Indoor
22.22,48,101071,Indoor
22.12,47,101068,Indoor
21.98,46,101071,Indoor
21.99,46,101066,Indoor
21.98,46,101064,Indoor
21.96,46,101076,Indoor
21.93,47,101072,Indoor
21.91,46,101073,Indoor
21.88,46,101077,Indoor
21.82,46,101069,Indoor
21.8,47,101072,Indoor
21.8,47,101078,Indoor
21.77,47,101078,Indoor
21.73,47,101073,Indoor
21.69,47,101084,Indoor
21.65,47,101080,Indoor
21.6,47,101075,Indoor
21.55,47,101082,Indoor
21.5,48,101074,Indoor
21.4,47,101076,Indoor
21.38,47,101075,Indoor
21.36,47,101077,Indoor
21.32,47,101076,Indoor
21.29,47,101079,Indoor
21.23,47,101076,Indoor
21.2,47,101081,Indoor
21.16,47,101077,Indoor
21.12,47,101074,Indoor
21.09,47,101075,Indoor
21.01,47,101078,Indoor
20.92,47,101068,Indoor
20.87,47,101087,Indoor
20.82,48,101078,Indoor
20.81,48,101080,Indoor
20.77,48,101087,Indoor
20.68,48,101082,Indoor
20.61,48,101076,Indoor
20.56,48,101076,Indoor
20.52,48,101083,Indoor
20.5,48,101080,Indoor
20.47,48,101080,Indoor
20.41,48,101080,Indoor
20.38,48,101073,Indoor
20.32,47,101078,Indoor
20.28,48,101074,Indoor
20.29,48,101078,Indoor
20.27,48,101074,Indoor
20.25,48,101073,Indoor
20.23,48,101085,Indoor
20.22,49,101077,Indoor
20.19,49,101077,Indoor
20.17,49,101076,Indoor
20.13,49,101079,Outdoor
20.1,49,101079,Outdoor
20.07,49,101074,Outdoor
20.05,49,101076,Outdoor
20.02,49,101081,Outdoor
19.98,49,101078,Outdoor
19.96,49,101074,Outdoor
19.95,50,101075,Outdoor
19.93,50,101083,Outdoor
19.92,50,101081,Outdoor
19.91,50,101080,Outdoor
19.87,50,101078,Outdoor
19.83,50,101078,Outdoor
19.8,50,101080,Outdoor
19.74,50,101085,Outdoor
19.71,50,101073,Outdoor
19.68,50,101083,Outdoor
19.67,50,101083,Outdoor
19.65,50,101086,Outdoor
19.66,50,101082,Outdoor
19.65,50,101075,Outdoor
19.66,51,101087,Outdoor
19.62,51,101081,Outdoor
19.62,51,101086,Outdoor
19.61,51,101084,Outdoor
19.61,51,101084,Outdoor
19.6,51,101085,Outdoor
19.58,51,101084,Outdoor
19.57,51,101086,Outdoor
19.56,51,101078,Outdoor
19.54,52,101087,Outdoor
19.52,52,101085,Outdoor
19.52,52,101079,Outdoor
19.49,52,101080,Outdoor
19.48,52,101087,Outdoor
19.45,51,101082,Outdoor
19.41,51,101084,Outdoor
19.38,51,101079,Outdoor
19.37,51,101083,Outdoor
19.37,51,101083,Outdoor
19.36,51,101081,Outdoor
19.36,52,101081,Outdoor
19.37,52,101078,Outdoor
19.38,52,101085,Outdoor
19.39,52,101080,Outdoor
19.41,52,101089,Outdoor
19.41,52,101084,Outdoor
19.42,52,101091,Outdoor
19.42,52,101085,Outdoor
19.43,52,101090,Outdoor
19.41,52,101086,Outdoor
19.39,53,101084,Outdoor
19.38,53,101085,Outdoor
19.39,53,101091,Outdoor
19.37,53,101083,Outdoor
19.35,53,101083,Outdoor
19.32,53,101088,Outdoor
19.33,53,101087,Outdoor
19.32,53,101086,Outdoor
19.31,53,101084,Outdoor
19.28,53,101084,Outdoor
19.24,53,101086,Outdoor
19.27,53,101085,Outdoor
19.28,53,101087,Outdoor
19.26,53,101081,Outdoor
19.26,53,101086,Outdoor
19.27,54,101093,Outdoor
19.26,54,101094,Outdoor
19.23,53,101080,Outdoor
19.23,53,101081,Outdoor
19.23,53,101083,Outdoor
19.21,53,101085,Outdoor
19.19,53,101086,Outdoor
19.2,53,101087,Outdoor
19.2,54,101082,Outdoor
19.2,54,101085,Outdoor
19.18,53,101089,Outdoor
19.15,53,101079,Outdoor
19.13,53,101084,Outdoor
19.13,53,101089,Outdoor
19.11,53,101088,Outdoor
19.1,53,101086,Outdoor
19.1,52,101090,Outdoor
19.1,52,101081,Outdoor
19.1,53,101089,Outdoor
19.08,53,101089,Outdoor
19.05,53,101088,Outdoor
19.05,53,101088,Outdoor
19.07,53,101090,Outdoor
19.07,53,101081,Outdoor
19.07,53,101082,Outdoor
19.07,53,101087,Outdoor
19.09,53,101088,Outdoor
19.1,53,101087,Outdoor
19.08,53,101083,Outdoor
19.09,53,101087,Outdoor
19.09,53,101087,Outdoor
19.08,54,101086,Outdoor
19.07,54,101090,Outdoor
19.03,54,101086,Outdoor
19.03,54,101089,Outdoor
19.02,54,101083,Outdoor
19.01,54,101082,Outdoor
19.0,54,101092,Outdoor
18.97,54,101084,Outdoor
18.95,54,101089,Outdoor
18.93,54,101086,Outdoor
18.91,54,101087,Outdoor
18.89,55,101090,Outdoor
18.89,55,101084,Outdoor
18.89,55,101087,Outdoor
18.88,55,101083,Outdoor
18.88,55,101082,Outdoor
18.88,55,101088,Outdoor
18.86,55,101084,Outdoor
18.84,55,101086,Outdoor
18.84,55,101092,Outdoor
18.83,55,101080,Outdoor
18.81,56,101092,Outdoor
18.79,55,101094,Outdoor
18.79,55,101078,Outdoor
18.8,55,101092,Outdoor
18.81,55,101095,Outdoor
18.79,55,101087,Outdoor
18.8,55,101092,Outdoor
18.82,55,101083,Outdoor
18.83,55,101085,Outdoor
18.84,55,101092,Outdoor
18.85,55,101094,Outdoor
18.84,55,101098,Outdoor
18.84,55,101086,Outdoor
18.84,56,101086,Outdoor
18.85,56,101083,Outdoor
18.84,56,101084,Outdoor
18.84,56,101085,Outdoor
18.84,56,101086,Outdoor
18.83,56,101085,Outdoor
18.81,56,101082,Outdoor
18.82,56,101083,Outdoor
18.81,56,101092,Outdoor
18.81,56,101098,Outdoor
18.8,56,101085,Outdoor
18.79,55,101083,Outdoor
18.79,55,101090,Outdoor
18.8,55,101080,Outdoor
18.79,55,101089,Outdoor
18.79,55,101089,Outdoor
18.8,55,101082,Outdoor
18.79,55,101087,Outdoor
18.8,56,101089,Outdoor
18.79,56,101084,Outdoor
18.79,56,101094,Outdoor
18.76,56,101090,Outdoor
18.76,56,101095,Outdoor
18.75,56,101096,Outdoor
18.74,56,101089,Outdoor
18.72,56,101094,Outdoor
18.72,56,101088,Outdoor
18.7,56,101090,Outdoor
18.69,56,101088,Outdoor
18.67,56,101094,Outdoor
18.68,56,101089,Outdoor
18.66,56,101094,Outdoor
18.63,56,101090,Outdoor
18.6,56,101090,Outdoor
18.61,56,101091,Outdoor
18.61,56,101091,Outdoor
18.6,56,101090,Outdoor
18.59,57,101088,Outdoor
18.56,57,101089,Outdoor
18.55,57,101095,Outdoor
18.48,57,101087,Outdoor
18.46,57,101092,Outdoor
18.46,57,101089,Outdoor
18.45,57,101093,Outdoor
18.44,57,101092,Outdoor
18.43,57,101090,Outdoor
18.41,57,101092,Outdoor
18.41,57,101086,Outdoor
18.38,57,101092,Outdoor
18.35,57,101095,Outdoor
18.33,57,101094,Outdoor
18.3,57,101092,Outdoor
18.29,57,101099,Outdoor
18.28,57,101091,Outdoor
18.26,57,101091,Outdoor
18.26,57,101091,Outdoor
18.26,57,101087,Outdoor
18.24,57,101090,Outdoor
18.21,56,101095,Outdoor
18.18,56,101094,Outdoor
18.16,56,101091,Outdoor
18.16,56,101093,Outdoor
18.17,56,101091,Outdoor
18.15,56,101092,Outdoor
18.15,56,101092,Outdoor
18.13,56,101096,Outdoor
18.11,56,101090,Outdoor
18.11,57,101090,Outdoor
18.1,57,101091,Outdoor
18.09,57,101092,Outdoor
18.09,57,101091,Outdoor
18.08,57,101091,Outdoor
18.07,57,101094,Outdoor
18.05,56,101095,Outdoor
18.03,56,101093,Outdoor
18.02,56,101097,Outdoor
18.0,56,101093,Outdoor
17.94,55,101089,Outdoor
17.92,55,101085,Outdoor
17.93,55,101093,Outdoor
17.89,55,101100,Outdoor
17.88,55,101092,Outdoor
17.86,56,101094,Outdoor
17.84,56,101099,Outdoor
17.83,56,101092,Outdoor
17.82,55,101088,Outdoor
17.81,55,101091,Outdoor
17.8,55,101084,Outdoor
17.76,55,101086,Outdoor
17.78,55,101094,Outdoor
17.78,55,101090,Outdoor
17.79,55,101091,Outdoor
17.78,55,101094,Outdoor
17.79,55,101088,Outdoor
17.77,56,101094,Outdoor
17.77,56,101090,Outdoor
17.79,56,101099,Outdoor
17.78,56,101087,Outdoor
17.79,56,101096,Outdoor
17.78,57,101094,Outdoor
17.78,57,101089,Outdoor
17.78,57,101086,Outdoor
17.77,56,101094,Outdoor
17.78,56,101090,Outdoor
17.76,56,101089,Outdoor
17.76,56,101091,Outdoor
17.75,55,101084,Outdoor
17.74,55,101082,Outdoor
17.76,55,101086,Outdoor
17.76,55,101086,Outdoor
17.78,55,101089,Outdoor
17.77,55,101085,Outdoor
17.76,55,101077,Outdoor
17.77,55,101082,Outdoor
17.77,55,101084,Outdoor
17.77,55,101087,Outdoor
17.77,55,101090,Outdoor
17.76,56,101086,Outdoor
17.76,56,101084,Outdoor
17.75,56,101084,Outdoor
17.74,56,101085,Outdoor
17.75,56,101095,Outdoor
17.74,56,101090,Outdoor
17.72,56,101082,Outdoor
17.73,56,101087,Outdoor
17.74,56,101088,Outdoor
17.75,56,101084,Outdoor
17.74,56,101085,Outdoor
17.73,56,101086,Outdoor
17.75,56,101084,Outdoor
17.75,57,101084,Outdoor
17.75,57,101092,Outdoor
17.75,58,101089,Outdoor
17.75,58,101096,Outdoor
17.74,58,101085,Outdoor
17.75,58,101084,Outdoor
17.75,59,101089,Outdoor
17.75,59,101084,Outdoor
17.75,59,101090,Outdoor
17.76,58,101086,Outdoor
17.75,59,101085,Outdoor
17.76,59,101091,Outdoor
17.75,58,101087,Outdoor
17.76,58,101091,Outdoor
17.76,58,101086,Outdoor
17.75,57,101087,Outdoor
17.72,57,101084,Outdoor
17.74,57,101082,Outdoor
17.75,56,101084,Outdoor
17.74,56,101088,Outdoor
17.74,56,101082,Outdoor
17.75,56,101089,Outdoor
17.75,57,101092,Outdoor
17.73,57,101089,Outdoor
17.72,57,101095,Outdoor
17.71,57,101088,Outdoor
17.7,57,101089,Outdoor
17.67,57,101089,Outdoor
17.65,57,101083,Outdoor
17.66,57,101090,Outdoor
17.67,57,101087,Outdoor
17.67,57,101087,Outdoor
17.68,57,101086,Outdoor
17.68,57,101089,Outdoor
17.67,56,101087,Outdoor
17.66,56,101083,Outdoor
17.63,56,101088,Outdoor
17.62,56,101084,Outdoor
17.61,57,101085,Outdoor
17.61,57,101082,Outdoor
17.6,57,101081,Outdoor
17.61,57,101085,Outdoor
17.62,57,101084,Outdoor
17.64,57,101093,Outdoor
17.64,57,101088,Outdoor
17.64,57,101093,Outdoor
17.63,58,101086,Outdoor
17.63,58,101089,Outdoor
17.62,58,101084,Outdoor
17.61,58,101090,Outdoor
17.61,58,101087,Outdoor
17.61,58,101087,Outdoor
17.61,58,101083,Outdoor
17.61,59,101093,Outdoor
17.59,59,101088,Outdoor
17.61,59,101098,Outdoor
17.62,59,101089,Outdoor
17.62,58,101090,Outdoor
17.62,58,101095,Outdoor
17.62,58,101095,Outdoor
17.62,58,101095,Outdoor
17.62,58,101095,Outdoor
17.61,58,101093,Outdoor
17.61,58,101093,Outdoor
17.61,58,101085,Outdoor
17.62,58,101089,Outdoor
17.62,58,101084,Outdoor
17.61,58,101087,Outdoor
17.62,59,101084,Outdoor
17.61,59,101086,Outdoor
17.59,58,101083,Outdoor
17.55,58,101090,Outdoor
17.55,57,101095,Outdoor
17.55,57,101083,Outdoor
17.54,58,101088,Outdoor
17.54,58,101094,Outdoor
17.54,58,101088,Outdoor
17.51,58,101080,Outdoor
17.51,58,101085,Outdoor
17.49,58,101085,Outdoor
17.49,58,101084,Outdoor
17.5,58,101078,Outdoor
17.48,58,101081,Outdoor
17.47,57,101084,Outdoor
17.45,57,101084,Outdoor
17.45,57,101084,Outdoor
17.42,58,101090,Outdoor
17.42,58,101091,Outdoor
17.41,58,101091,Outdoor
17.4,58,101091,Outdoor
17.41,58,101090,Outdoor
17.41,58,101090,Outdoor
17.41,58,101080,Outdoor
17.4,58,101092,Outdoor
17.41,58,101093,Outdoor
17.42,58,101090,Outdoor
17.41,58,101082,Outdoor
17.4,57,101086,Outdoor
17.43,57,101091,Outdoor
17.41,58,101082,Outdoor
17.42,58,101081,Outdoor
17.44,58,101090,Outdoor
17.43,58,101086,Outdoor
17.44,58,101093,Outdoor
17.44,58,101093,Outdoor
17.43,58,101083,Outdoor
17.42,58,101087,Outdoor
17.44,59,101096,Outdoor
17.42,58,101084,Outdoor
17.42,58,101090,Outdoor
17.41,58,101093,Outdoor
17.42,58,101090,Outdoor
17.41,58,101091,Outdoor
17.41,58,101088,Outdoor
17.41,58,101085,Outdoor
17.41,58,101088,Outdoor
17.4,58,101086,Outdoor
17.41,59,101093,Outdoor
17.41,59,101087,Outdoor
17.4,59,101086,Outdoor
17.4,60,101086,Outdoor
17.41,60,101088,Outdoor
17.4,60,101089,Outdoor
17.39,60,101089,Outdoor
17.39,60,101095,Outdoor
17.39,60,101090,Outdoor
17.39,59,101090,Outdoor
17.38,59,101087,Outdoor
17.38,59,101086,Outdoor
17.38,59,101091,Outdoor
17.37,59,101089,Outdoor
17.38,59,101093,Outdoor
17.37,59,101092,Outdoor
17.36,59,101085,Outdoor
17.35,59,101083,Outdoor
17.35,59,101086,Outdoor
17.35,59,101089,Outdoor
17.38,59,101087,Outdoor
17.38,59,101082,Outdoor
17.39,59,101089,Outdoor
17.39,59,101089,Outdoor
17.39,59,101090,Outdoor
17.4,59,101086,Outdoor
17.41,60,101087,Outdoor
17.41,60,101088,Outdoor
17.41,60,101088,Outdoor
17.43,60,101080,Outdoor
17.41,60,101082,Outdoor
17.42,61,101087,Outdoor
17.43,61,101089,Outdoor
17.43,61,101086,Outdoor
17.42,61,101087,Outdoor
17.43,61,101083,Outdoor
17.44,61,101085,Outdoor
17.45,60,101086,Outdoor
17.44,60,101088,Outdoor
17.46,60,101085,Outdoor
17.47,60,101087,Outdoor
17.46,60,101090,Outdoor
17.45,60,101089,Outdoor
17.46,59,101088,Outdoor
17.48,59,101081,Outdoor
17.48,59,101089,Outdoor
17.5,59,101087,Outdoor
17.5,59,101091,Outdoor
17.49,59,101091,Outdoor
17.49,59,101087,Outdoor
17.49,59,101091,Outdoor
17.49,59,101091,Outdoor
17.5,59,101092,Outdoor
17.49,60,101091,Outdoor
17.5,60,101087,Outdoor
17.5,60,101092,Outdoor
17.51,60,101088,Outdoor
17.52,60,101087,Outdoor
17.51,60,101091,Outdoor
17.53,60,101089,Outdoor
17.53,60,101092,Outdoor
17.54,60,101093,Outdoor
17.53,60,101092,Outdoor
17.54,60,101088,Outdoor
17.54,60,101088,Outdoor
17.55,60,101087,Outdoor
17.56,60,101089,Outdoor
17.56,60,101091,Outdoor
17.56,59,101091,Outdoor
17.54,59,101088,Outdoor
17.52,59,101092,Outdoor
17.49,58,101091,Outdoor
17.49,58,101091,Outdoor
17.47,58,101087,Outdoor
17.47,58,101081,Outdoor
17.43,58,101086,Outdoor
17.42,58,101084,Outdoor
17.4,58,101086,Outdoor
17.39,58,101087,Outdoor
17.38,58,101087,Outdoor
17.37,57,101086,Outdoor
17.36,58,101079,Outdoor
17.38,58,101087,Outdoor
17.38,58,101093,Outdoor
17.39,58,101084,Outdoor
17.38,58,101088,Outdoor
17.4,58,101081,Outdoor
17.39,58,101090,Outdoor
17.41,58,101087,Outdoor
17.41,58,101088,Outdoor
17.42,58,101090,Outdoor
17.43,58,101089,Outdoor
17.43,58,101086,Outdoor
17.44,58,101088,Outdoor
17.45,58,101086,Outdoor
17.44,58,101088,Outdoor
17.46,58,101088,Outdoor
17.46,58,101085,Outdoor
17.46,58,101083,Outdoor
17.46,58,101085,Outdoor
17.48,58,101083,Outdoor
17.48,58,101083,Outdoor
17.49,58,101090,Outdoor
17.49,58,101088,Outdoor
17.49,58,101082,Outdoor
17.51,58,101082,Outdoor
17.5,59,101087,Outdoor
17.5,59,101081,Outdoor
17.49,59,101088,Outdoor
17.51,59,101094,Outdoor
17.52,59,101090,Outdoor
17.52,59,101090,Outdoor
17.52,59,101082,Outdoor
17.52,59,101089,Outdoor
17.51,58,101086,Outdoor
17.52,58,101089,Outdoor
17.52,58,101079,Outdoor
17.53,58,101092,Outdoor
17.52,58,101085,Outdoor
17.53,58,101097,Outdoor
17.53,58,101089,Outdoor
17.51,58,101088,Outdoor
17.52,58,101089,Outdoor
17.52,58,101087,Outdoor
17.52,58,101090,Outdoor
17.53,58,101086,Outdoor
17.52,58,101090,Outdoor
17.53,58,101086,Outdoor
17.53,58,101086,Outdoor
17.53,58,101086,Outdoor
17.53,58,101086,Outdoor
17.54,58,101094,Outdoor
17.53,58,101084,Outdoor
17.54,58,101087,Outdoor
17.53,58,101089,Outdoor
17.54,58,101093,Outdoor
17.54,59,101094,Outdoor
17.53,59,101100,Outdoor
17.54,59,101094,Outdoor
17.52,59,101090,Outdoor
17.53,59,101091,Outdoor
17.54,60,101093,Outdoor
17.53,60,101092,Outdoor
17.54,60,101099,Outdoor
17.54,60,101099,Outdoor
17.53,60,101095,Outdoor
17.54,60,101101,Outdoor
17.53,59,101095,Outdoor
17.53,59,101091,Outdoor
17.52,58,101092,Outdoor
17.5,58,101092,Outdoor
17.5,58,101087,Outdoor
17.5,58,101092,Outdoor
17.49,58,101091,Outdoor
17.49,58,101095,Outdoor
17.48,58,101094,Outdoor
17.47,58,101092,Outdoor
17.44,58,101093,Outdoor
17.44,58,101096,Outdoor
17.43,58,101094,Outdoor
17.42,58,101092,Outdoor
17.41,58,101091,Outdoor
17.4,58,101086,Outdoor
17.4,57,101094,Outdoor
17.38,57,101094,Outdoor
17.37,58,101098,Outdoor
17.37,58,101094,Outdoor
17.36,58,101096,Outdoor
17.36,58,101093,Outdoor
17.35,58,101091,Outdoor
17.35,58,101094,Outdoor
17.35,58,101089,Outdoor
17.36,58,101090,Outdoor
17.37,58,101089,Outdoor
17.38,58,101088,Outdoor
17.39,58,101090,Outdoor
17.39,58,101095,Outdoor
17.4,58,101092,Outdoor
17.41,58,101093,Outdoor
17.41,58,101096,Outdoor
17.41,58,101095,Outdoor
17.4,58,101092,Outdoor
17.4,58,101092,Outdoor
17.41,58,101091,Outdoor
17.4,59,101092,Outdoor
17.42,58,101092,Outdoor
17.39,58,101093,Outdoor
17.38,58,101097,Outdoor
17.35,58,101094,Outdoor
17.35,58,101094,Outdoor
17.34,58,101089,Outdoor
17.34,58,101092,Outdoor
17.36,58,101095,Outdoor
17.36,58,101096,Outdoor
17.37,58,101092,Outdoor
17.38,58,101088,Outdoor
17.38,59,101094,Outdoor
17.39,59,101092,Outdoor
17.4,59,101092,Outdoor
17.4,59,101092,Outdoor
17.4,58,101086,Outdoor
17.4,58,101089,Outdoor
17.4,58,101092,Outdoor
17.4,58,101092,Outdoor
17.4,58,101092,Outdoor
17.42,58,101092,Outdoor
17.42,58,101090,Outdoor
17.42,58,101084,Outdoor
17.45,58,101095,Outdoor
17.45,58,101089,Outdoor
17.44,58,101093,Outdoor
17.44,58,101085,Outdoor
17.43,58,101100,Outdoor
17.43,58,101097,Outdoor
17.44,58,101093,Outdoor
17.46,58,101096,Outdoor
17.44,58,101088,Outdoor
17.45,58,101095,Outdoor
17.46,58,101090,Outdoor
17.48,58,101094,Outdoor
17.47,58,101092,Outdoor
17.47,58,101095,Outdoor
17.45,58,101095,Outdoor
17.44,58,101090,Outdoor
17.45,58,101100,Outdoor
17.46,59,101096,Outdoor
17.46,59,101091,Outdoor
17.47,60,101087,Outdoor
17.47,60,101098,Outdoor
17.47,60,101093,Outdoor
17.47,60,101093,Outdoor
17.47,60,101092,Outdoor
17.46,59,101083,Outdoor
17.47,59,101092,Outdoor
17.47,59,101090,Outdoor
17.47,59,101090,Outdoor
17.46,58,101093,Outdoor
17.45,58,101094,Outdoor
17.45,58,101095,Outdoor
17.45,58,101088,Outdoor
17.44,58,101098,Outdoor
17.43,58,101090,Outdoor
17.44,59,101101,Outdoor
17.43,59,101090,Outdoor
17.43,60,101085,Outdoor
17.42,60,101098,Outdoor
17.44,60,101099,Outdoor
17.44,60,101096,Outdoor
17.45,60,101099,Outdoor
17.46,60,101102,Outdoor
17.46,60,101096,Outdoor
17.46,60,101099,Outdoor
17.46,60,101096,Outdoor
17.47,60,101093,Outdoor
17.46,60,101088,Outdoor
17.44,59,101095,Outdoor
17.43,59,101100,Outdoor
17.43,59,101089,Outdoor
17.43,59,101100,Outdoor
17.43,59,101091,Outdoor
17.43,59,101090,Outdoor
17.42,60,101095,Outdoor
17.43,60,101102,Outdoor
17.42,59,101089,Outdoor
17.41,59,101093,Outdoor
17.41,59,101093,Outdoor
17.41,59,101093,Outdoor
17.4,59,101091,Outdoor
17.4,59,101097,Outdoor
17.4,59,101097,Outdoor
17.41,60,101099,Outdoor
17.41,60,101101,Outdoor
17.41,60,101093,Outdoor
17.41,60,101096,Outdoor
17.41,60,101093,Outdoor
17.4,60,101097,Outdoor
17.41,60,101091,Outdoor
17.41,60,101099,Outdoor
17.41,60,101101,Outdoor
17.42,60,101097,Outdoor
17.41,60,101093,Outdoor
17.43,60,101097,Outdoor
17.43,60,101097,Outdoor
17.43,60,101100,Outdoor
17.44,60,101099,Outdoor
17.45,60,101094,Outdoor
17.46,60,101096,Outdoor
17.45,60,101095,Outdoor
17.45,60,101094,Outdoor
17.45,60,101089,Outdoor
17.45,60,101089,Outdoor
17.47,60,101098,Outdoor
17.47,60,101093,Outdoor
17.47,60,101087,Outdoor
17.47,60,101093,Outdoor
17.48,60,101094,Outdoor
17.48,60,101083,Outdoor
17.48,60,101094,Outdoor
17.48,60,101089,Outdoor
17.49,60,101091,Outdoor
17.49,60,101090,Outdoor
17.49,60,101092,Outdoor
17.5,60,101091,Outdoor
17.5,60,101092,Outdoor
17.52,60,101090,Outdoor
17.51,60,101094,Outdoor
17.52,60,101087,Outdoor
17.5,60,101092,Outdoor
17.5,59,101097,Outdoor
17.48,59,101097,Outdoor
17.45,58,101089,Outdoor
17.46,58,101096,Outdoor
17.43,58,101091,Outdoor
17.42,58,101095,Outdoor
17.43,58,101091,Outdoor
17.4,58,101097,Outdoor
17.4,58,101096,Outdoor
17.38,58,101094,Outdoor
17.38,58,101087,Outdoor
17.38,58,101099,Outdoor
17.36,58,101093,Outdoor
17.37,58,101092,Outdoor
17.37,58,101098,Outdoor
17.38,59,101101,Outdoor
17.37,59,101092,Outdoor
17.36,59,101090,Outdoor
17.36,59,101104,Outdoor
17.36,59,101100,Outdoor
17.38,59,101099,Outdoor
17.38,59,101098,Outdoor
17.38,59,101094,Outdoor
17.38,59,101097,Outdoor
17.37,58,101091,Outdoor
17.36,58,101093,Outdoor
17.35,58,101094,Outdoor
17.36,58,101095,Outdoor
17.36,58,101096,Outdoor
17.36,58,101093,Outdoor
17.36,58,101096,Outdoor
17.37,58,101095,Outdoor
17.37,58,101098,Outdoor
17.36,59,101096,Outdoor
17.38,59,101096,Outdoor
17.37,59,101092,Outdoor
17.38,60,101097,Outdoor
17.39,60,101097,Outdoor
17.38,59,101099,Outdoor
17.38,59,101093,Outdoor
17.37,59,101098,Outdoor
17.37,59,101095,Outdoor
17.38,60,101094,Outdoor
17.39,60,101095,Outdoor
17.39,60,101095,Outdoor
17.38,60,101096,Outdoor
17.38,60,101091,Outdoor
17.4,60,101100,Outdoor
17.4,60,101100,Outdoor
17.4,60,101103,Outdoor
17.41,60,101104,Outdoor
17.41,60,101096,Outdoor
17.41,59,101099,Outdoor
17.4,59,101092,Outdoor
17.41,59,101102,Outdoor
17.41,59,101096,Outdoor
17.39,59,101093,Outdoor
17.4,59,101092,Outdoor
17.41,59,101088,Outdoor
17.4,59,101089,Outdoor
17.36,58,101090,Outdoor
17.37,58,101089,Outdoor
17.39,58,101095,Outdoor
17.44,59,101087,Outdoor
17.46,59,101085,Outdoor
17.47,59,101084,Outdoor
17.52,60,101085,Outdoor
17.57,60,101088,Outdoor
17.63,60,101083,Outdoor
17.68,61,101094,Outdoor
17.72,61,101090,Outdoor
17.75,61,101089,Outdoor
17.78,61,101094,Outdoor
17.8,61,101092,Outdoor
17.81,61,101089,Outdoor
17.84,61,101088,Outdoor
17.85,61,101093,Outdoor
17.85,61,101095,Outdoor
17.88,61,101089,Outdoor
17.89,61,101092,Outdoor
17.91,61,101089,Outdoor
17.92,61,101094,Outdoor
17.93,61,101093,Outdoor
17.94,61,101091,Outdoor
17.94,61,101084,Outdoor
17.96,61,101098,Outdoor
17.97,61,101099,Outdoor
17.97,61,101089,Outdoor
17.97,61,101095,Outdoor
17.99,61,101093,Outdoor
18.0,61,101093,Outdoor
18.01,61,101090,Outdoor
18.02,61,101092,Outdoor
18.03,61,101093,Outdoor
18.04,61,101096,Outdoor
18.06,61,101090,Outdoor
18.07,60,101094,Outdoor
18.06,60,101093,Outdoor
18.07,60,101091,Outdoor
18.08,60,101096,Outdoor
18.09,60,101098,Outdoor
18.1,60,101097,Outdoor
18.12,60,101091,Outdoor
18.13,60,101099,Outdoor
18.14,60,101095,Outdoor
18.13,60,101091,Outdoor
18.15,60,101092,Outdoor
18.16,60,101091,Outdoor
18.18,60,101091,Outdoor
18.19,60,101093,Outdoor
18.18,60,101091,Outdoor
18.2,60,101094,Outdoor
18.21,60,101085,Outdoor
18.21,60,101085,Outdoor
18.23,60,101083,Outdoor
18.24,60,101093,Outdoor
18.25,60,101091,Outdoor
18.25,60,101095,Outdoor
18.26,60,101087,Outdoor
18.28,60,101086,Outdoor
18.28,60,101092,Outdoor
18.28,60,101092,Outdoor
18.3,60,101095,Outdoor
18.31,60,101089,Outdoor
18.32,60,101093,Outdoor
18.32,60,101088,Outdoor
18.34,60,101085,Outdoor
18.35,60,101093,Outdoor
18.36,60,101092,Outdoor
18.36,59,101089,Outdoor
18.38,59,101092,Outdoor
18.39,59,101088,Outdoor
18.38,59,101081,Outdoor
18.39,59,101086,Outdoor
18.42,59,101093,Outdoor
18.43,59,101090,Outdoor
18.44,59,101086,Outdoor
18.45,59,101090,Outdoor
18.46,59,101094,Outdoor
18.46,59,101095,Outdoor
18.48,59,101087,Outdoor
18.48,59,101090,Outdoor
18.5,59,101093,Outdoor
18.5,59,101090,Outdoor
18.51,59,101092,Outdoor
18.53,59,101094,Outdoor
18.53,59,101094,Outdoor
18.53,59,101091,Outdoor
18.54,59,101090,Outdoor
18.55,59,101087,Outdoor
18.57,59,101096,Outdoor
18.56,58,101092,Outdoor
18.58,58,101097,Outdoor
18.58,58,101087,Outdoor
18.6,58,101090,Outdoor
18.6,58,101085,Outdoor
18.61,58,101098,Outdoor
18.62,58,101097,Outdoor
18.63,58,101089,Outdoor
18.65,58,101095,Outdoor
18.64,58,101092,Outdoor
18.65,58,101096,Outdoor
18.66,58,101092,Outdoor
18.66,58,101097,Outdoor
18.68,58,101092,Outdoor
18.69,58,101091,Outdoor
18.69,58,101092,Outdoor
18.7,58,101090,Outdoor
18.7,58,101090,Outdoor
18.71,58,101097,Outdoor
18.73,58,101095,Outdoor
18.74,58,101097,Outdoor
18.74,58,101091,Outdoor
18.74,58,101092,Outdoor
18.74,58,101095,Outdoor
18.77,58,101094,Outdoor
18.77,58,101097,Outdoor
18.77,58,101097,Outdoor
18.79,58,101103,Outdoor
18.79,58,101100,Outdoor
18.8,58,101096,Outdoor
18.81,58,101098,Outdoor
18.81,58,101099,Outdoor
18.83,57,101096,Outdoor
18.83,57,101093,Outdoor
18.83,57,101093,Outdoor
18.83,57,101086,Outdoor
18.84,57,101087,Outdoor
18.86,57,101085,Outdoor
18.87,57,101089,Outdoor
18.87,57,101092,Outdoor
18.88,57,101091,Outdoor
18.89,57,101090,Outdoor
18.9,57,101088,Outdoor
18.9,57,101087,Outdoor
18.92,57,101089,Outdoor
18.92,57,101089,Outdoor
18.93,57,101088,Outdoor
18.94,57,101087,Outdoor
18.94,57,101087,Outdoor
18.95,57,101083,Outdoor
18.96,57,101091,Outdoor
18.97,57,101084,Outdoor
18.98,57,101094,Outdoor
19.0,57,101085,Outdoor
18.99,57,101087,Outdoor
19.01,57,101093,Outdoor
19.01,57,101087,Outdoor
19.01,57,101091,Outdoor
19.02,57,101090,Outdoor
19.03,57,101086,Outdoor
19.04,56,101087,Outdoor
19.04,56,101079,Outdoor
19.04,56,101088,Outdoor
19.05,56,101083,Outdoor
19.06,56,101087,Outdoor
19.06,56,101085,Outdoor
19.08,56,101092,Outdoor
19.08,56,101089,Outdoor
19.08,56,101086,Outdoor
19.09,56,101085,Outdoor
19.09,56,101087,Outdoor
19.09,56,101088,Outdoor
19.1,56,101087,Outdoor
19.1,55,101081,Outdoor
19.12,55,101092,Outdoor
19.12,55,101084,Outdoor
19.13,55,101095,Outdoor
19.13,56,101092,Outdoor
19.13,55,101084,Outdoor
19.15,56,101083,Outdoor
19.15,55,101089,Outdoor
19.15,55,101090,Outdoor
19.17,55,101093,Outdoor
19.17,56,101092,Outdoor
19.16,56,101086,Outdoor
19.17,56,101082,Outdoor
19.18,56,101089,Outdoor
19.19,56,101087,Outdoor
19.19,56,101091,Outdoor
19.19,56,101083,Outdoor
19.2,55,101082,Outdoor
19.21,55,101088,Outdoor
19.21,55,101088,Outdoor
19.21,55,101083,Outdoor
19.22,55,101088,Outdoor
19.22,55,101085,Outdoor
19.23,55,101087,Outdoor
19.24,55,101089,Outdoor
19.25,55,101085,Outdoor
19.26,55,101081,Outdoor
19.27,55,101090,Outdoor
19.27,55,101088,Outdoor
19.27,55,101083,Outdoor
19.28,55,101084,Outdoor
19.28,55,101084,Outdoor
19.29,55,101082,Outdoor
19.29,55,101092,Outdoor
19.3,55,101081,Outdoor
19.3,55,101088,Outdoor
19.31,55,101083,Outdoor
19.31,55,101084,Outdoor
19.31,55,101087,Outdoor
19.32,55,101086,Outdoor
19.33,55,101092,Outdoor
19.34,55,101095,Outdoor
19.34,55,101089,Outdoor
19.35,55,101085,Outdoor
19.35,55,101080,Outdoor
19.36,55,101087,Outdoor
19.36,55,101084,Outdoor
19.37,55,101083,Outdoor
19.38,55,101096,Outdoor
19.38,55,101084,Outdoor
19.39,55,101083,Outdoor
19.39,55,101084,Outdoor
19.4,55,101087,Outdoor
19.4,55,101091,Outdoor
19.4,55,101088,Outdoor
19.4,55,101086,Outdoor
19.42,55,101088,Outdoor
19.43,55,101080,Outdoor
19.45,55,101079,Outdoor
19.43,55,101088,Outdoor
19.45,55,101087,Outdoor
19.45,55,101081,Outdoor
19.46,55,101080,Outdoor
19.47,55,101088,Outdoor
19.47,55,101085,Outdoor
19.47,55,101083,Outdoor
19.48,55,101092,Outdoor
19.49,55,101085,Outdoor
19.49,55,101086,Outdoor
19.49,55,101080,Outdoor
19.5,55,101087,Outdoor
19.5,55,101077,Outdoor
19.51,55,101083,Outdoor
19.51,55,101087,Outdoor
19.52,55,101077,Outdoor
19.52,55,101079,Outdoor
19.53,55,101087,Outdoor
19.53,55,101087,Outdoor
19.54,55,101088,Outdoor
19.54,55,101089,Outdoor
19.55,55,101085,Outdoor
19.56,55,101084,Outdoor
19.56,55,101084,Outdoor
19.56,55,101078,Outdoor
19.56,55,101082,Outdoor
19.58,55,101084,Outdoor
19.57,55,101083,Outdoor
19.59,55,101080,Outdoor
19.59,55,101080,Outdoor
19.6,55,101090,Outdoor
19.6,55,101082,Outdoor
19.61,55,101084,Outdoor
19.61,55,101087,Outdoor
19.61,55,101085,Outdoor
19.62,55,101092,Outdoor
19.62,55,101083,Outdoor
19.62,55,101080,Outdoor
19.63,55,101082,Outdoor
19.63,55,101088,Outdoor
19.64,54,101089,Outdoor
19.64,54,101089,Outdoor
19.65,54,101085,Outdoor
19.65,54,101085,Outdoor
19.66,54,101082,Outdoor
19.66,54,101081,Outdoor
19.66,54,101087,Outdoor
19.67,54,101084,Outdoor
19.67,54,101086,Outdoor
19.68,54,101085,Outdoor
19.69,54,101084,Outdoor
19.68,54,101086,Outdoor
19.69,54,101087,Outdoor
19.69,54,101086,Outdoor
19.7,54,101083,Outdoor
19.71,54,101079,Outdoor
19.71,54,101087,Outdoor
19.71,54,101084,Outdoor
19.71,54,101085,Outdoor
19.72,54,101083,Outdoor
19.73,54,101088,Outdoor
19.73,54,101090,Outdoor
19.73,54,101083,Outdoor
19.73,54,101082,Outdoor
19.74,54,101078,Outdoor
19.73,54,101078,Outdoor
19.74,54,101079,Outdoor
19.75,54,101081,Outdoor
19.75,54,101080,Outdoor
19.76,54,101076,Outdoor
19.76,54,101082,Outdoor
19.77,54,101081,Outdoor
19.77,54,101079,Outdoor
19.77,54,101075,Outdoor
19.78,54,101081,Outdoor
19.78,54,101082,Outdoor
19.79,54,101081,Outdoor
19.79,54,101076,Outdoor
19.79,54,101076,Outdoor
19.8,54,101080,Outdoor
19.8,54,101078,Outdoor
19.8,54,101080,Outdoor
19.81,54,101079,Outdoor
19.81,54,101079,Outdoor
19.82,54,101081,Outdoor
19.83,54,101083,Outdoor
19.82,54,101082,Outdoor
19.83,54,101088,Outdoor
19.84,54,101082,Outdoor
19.84,54,101084,Outdoor
19.84,54,101082,Outdoor
19.85,54,101086,Outdoor
19.86,54,101082,Outdoor
19.85,54,101078,Outdoor
19.87,54,101084,Outdoor
19.87,54,101078,Outdoor
19.87,54,101078,Outdoor
19.87,54,101084,Outdoor
19.87,54,101078,Outdoor
19.88,54,101075,Outdoor
19.88,54,101080,Outdoor
19.89,54,101076,Outdoor
19.89,54,101076,Outdoor
19.88,54,101075,Outdoor
19.89,54,101082,Outdoor
19.91,54,101082,Outdoor
19.91,54,101085,Outdoor
19.91,54,101080,Outdoor
19.92,54,101075,Outdoor
19.92,54,101081,Outdoor
19.92,54,101081,Outdoor
19.92,54,101081,Outdoor
19.93,54,101078,Outdoor
19.93,54,101083,Outdoor
19.93,54,101075,Outdoor
19.95,54,101081,Outdoor
19.94,54,101077,Outdoor
19.95,54,101081,Outdoor
19.95,54,101080,Outdoor
19.96,54,101076,Outdoor
19.95,54,101078,Outdoor
19.96,54,101077,Outdoor
19.96,54,101083,Outdoor
19.96,54,101074,Outdoor
19.97,54,101082,Outdoor
19.98,54,101078,Outdoor
19.97,54,101079,Outdoor
19.98,54,101080,Outdoor
19.98,54,101081,Outdoor
19.99,54,101079,Outdoor
20.0,54,101078,Outdoor
20.0,54,101075,Outdoor
20.0,54,101079,Outdoor
20.01,54,101074,Outdoor
20.01,54,101080,Outdoor
20.01,54,101077,Outdoor
20.02,54,101070,Outdoor
20.02,54,101079,Outdoor
20.03,53,101083,Outdoor
20.02,53,101082,Outdoor
20.03,53,101081,Outdoor
20.03,53,101078,Outdoor
20.03,53,101073,Outdoor
20.04,53,101080,Outdoor
20.04,53,101085,Outdoor
20.04,53,101083,Outdoor
20.05,53,101075,Outdoor
20.05,53,101078,Outdoor
20.05,53,101076,Outdoor
20.06,53,101075,Outdoor
20.06,53,101080,Outdoor
20.06,53,101083,Outdoor
20.07,53,101079,Outdoor
20.07,53,101074,Outdoor
20.07,53,101074,Outdoor
20.08,53,101076,Outdoor
20.08,53,101072,Outdoor
20.08,53,101076,Outdoor
20.09,53,101077,Outdoor
20.09,53,101075,Outdoor
20.09,53,101077,Outdoor
20.1,53,101078,Outdoor
20.09,53,101077,Outdoor
20.1,53,101076,Outdoor
20.1,53,101079,Outdoor
20.11,53,101080,Outdoor
20.11,53,101078,Outdoor
20.12,53,101082,Outdoor
20.12,53,101077,Outdoor
20.12,53,101074,Outdoor
20.13,53,101078,Outdoor
20.13,53,101079,Outdoor
20.14,53,101079,Outdoor
20.13,53,101076,Outdoor
20.13,53,101075,Outdoor
20.15,53,101076,Outdoor
20.14,53,101075,Outdoor
20.15,53,101081,Outdoor
20.15,53,101078,Outdoor
20.16,53,101073,Outdoor
20.16,53,101078,Outdoor
20.17,53,101074,Outdoor
20.17,53,101082,Outdoor
20.17,53,101069,Outdoor
20.17,53,101074,Outdoor
20.19,53,101071,Outdoor
20.18,53,101078,Outdoor
20.18,53,101084,Outdoor
20.19,53,101080,Outdoor
20.18,53,101075,Outdoor
20.2,53,101085,Outdoor
20.19,53,101069,Outdoor
20.2,53,101068,Outdoor
20.2,53,101079,Outdoor
20.21,53,101073,Outdoor
20.22,53,101075,Outdoor
20.21,53,101080,Outdoor
20.22,53,101083,Outdoor
20.22,53,101072,Outdoor
20.23,53,101076,Outdoor
20.23,53,101076,Outdoor
20.24,53,101074,Outdoor
20.23,53,101071,Outdoor
20.23,53,101079,Outdoor
20.23,53,101074,Outdoor
20.25,53,101082,Outdoor
20.25,53,101069,Outdoor
20.25,53,101074,Outdoor
20.26,53,101072,Outdoor
20.25,53,101066,Outdoor
20.26,53,101072,Outdoor
20.26,53,101070,Outdoor
20.26,53,101073,Outdoor
20.26,53,101068,Outdoor
20.27,53,101075,Outdoor
20.27,53,101066,Outdoor
20.28,53,101070,Outdoor
20.28,53,101074,Outdoor
20.28,53,101078,Outdoor
20.29,53,101078,Outdoor
20.29,53,101076,Outdoor
20.29,53,101077,Outdoor
20.3,53,101077,Outdoor
20.3,53,101072,Outdoor
20.3,53,101074,Outdoor
20.29,53,101076,Outdoor
20.31,53,101084,Outdoor
20.31,53,101070,Outdoor
20.32,53,101078,Outdoor
20.32,53,101072,Outdoor
20.32,53,101078,Outdoor
20.33,53,101073,Outdoor
20.33,53,101074,Outdoor
20.33,53,101077,Outdoor
20.33,53,101080,Outdoor
20.33,53,101074,Outdoor
20.34,53,101075,Outdoor
20.34,53,101081,Outdoor
20.36,53,101083,Outdoor
20.34,53,101076,Outdoor
20.35,53,101077,Outdoor
20.36,53,101077,Outdoor
20.36,53,101072,Outdoor
20.36,53,101078,Outdoor
20.37,53,101082,Outdoor
20.37,53,101074,Outdoor
20.37,53,101075,Outdoor
20.38,53,101081,Outdoor
20.38,53,101076,Outdoor
20.38,53,101070,Outdoor
20.38,53,101075,Outdoor
20.39,53,101072,Outdoor
20.39,53,101083,Outdoor
20.39,53,101072,Outdoor
20.4,53,101079,Outdoor
20.39,53,101083,Outdoor
20.4,53,101079,Outdoor
20.4,53,101074,Outdoor
20.4,53,101073,Outdoor
20.41,53,101080,Outdoor
20.42,53,101077,Outdoor
20.41,53,101075,Outdoor
20.42,53,101077,Outdoor
20.41,53,101069,Outdoor
20.42,53,101077,Outdoor
20.42,53,101083,Outdoor
20.42,53,101071,Outdoor
20.43,53,101084,Outdoor
20.43,53,101076,Outdoor
20.43,53,101076,Outdoor
20.44,53,101080,Outdoor
20.45,53,101076,Outdoor
20.44,53,101075,Outdoor
20.45,53,101076,Outdoor
20.45,53,101076,Outdoor
20.46,53,101078,Outdoor
20.46,53,101078,Outdoor
20.46,53,101075,Outdoor
20.47,53,101080,Outdoor
20.46,53,101075,Outdoor
20.46,53,101078,Outdoor
20.46,53,101076,Outdoor
20.47,53,101078,Outdoor
20.47,53,101078,Outdoor
20.48,53,101082,Outdoor
20.47,53,101080,Outdoor
20.48,53,101070,Outdoor
20.48,52,101070,Indoor
20.48,53,101071,Outdoor
20.49,52,101078,Indoor
20.49,52,101080,Indoor
20.49,52,101072,Indoor
20.49,52,101072,Indoor
20.5,52,101074,Indoor
20.49,52,101078,Indoor
20.5,52,101074,Indoor
20.5,52,101075,Indoor
20.5,52,101080,Indoor
20.51,52,101075,Indoor
20.51,52,101078,Indoor
20.51,52,101078,Indoor
20.51,52,101071,Indoor
20.51,52,101082,Indoor
20.52,52,101086,Indoor
20.52,52,101075,Indoor
20.52,52,101077,Indoor
20.53,52,101076,Indoor
20.53,52,101073,Indoor
20.53,52,101084,Indoor
20.53,52,101077,Indoor
20.53,52,101073,Indoor
20.54,52,101081,Indoor
20.54,52,101078,Indoor
20.53,52,101074,Indoor
20.55,52,101077,Indoor
20.55,52,101083,Indoor
20.55,52,101078,Indoor
20.55,52,101083,Indoor
20.57,52,101075,Indoor
20.57,52,101080,Indoor
20.57,52,101075,Indoor
20.57,52,101080,Indoor
20.56,52,101078,Indoor
20.57,52,101077,Indoor
20.57,52,101075,Indoor
20.57,52,101080,Indoor
20.57,52,101081,Indoor
20.58,52,101083,Indoor
20.58,52,101079,Indoor
20.59,52,101068,Indoor
20.59,52,101072,Indoor
20.59,52,101078,Indoor
20.59,52,101078,Indoor
20.59,52,101071,Indoor
20.6,52,101074,Indoor
20.59,52,101072,Indoor
20.6,52,101072,Indoor
20.6,52,101074,Indoor
20.6,52,101077,Indoor
20.61,52,101070,Indoor
20.61,52,101079,Indoor
20.61,52,101073,Indoor
20.61,52,101076,Indoor
20.62,52,101075,Indoor
20.62,52,101072,Indoor
20.62,52,101078,Indoor
20.62,52,101078,Indoor
20.63,52,101079,Indoor
20.62,52,101076,Indoor
20.63,52,101074,Indoor
20.63,52,101074,Indoor
20.64,52,101075,Indoor
20.63,52,101080,Indoor
20.64,52,101078,Indoor
20.64,52,101075,Indoor
20.64,52,101076,Indoor
20.64,52,101071,Indoor
20.65,52,101072,Indoor
20.65,52,101072,Indoor
20.66,52,101079,Indoor
20.66,52,101079,Indoor
20.66,52,101079,Indoor
20.66,52,101073,Indoor
20.67,52,101078,Indoor
20.66,52,101071,Indoor
20.67,52,101069,Indoor
20.67,52,101081,Indoor
20.67,52,101076,Indoor
20.67,52,101075,Indoor
20.68,52,101071,Indoor
20.68,52,101078,Indoor
20.68,52,101075,Indoor
20.68,52,101080,Indoor
20.69,52,101074,Indoor
20.69,52,101074,Indoor
20.69,52,101076,Indoor
20.69,52,101071,Indoor
20.7,52,101078,Indoor
20.71,52,101079,Indoor
20.7,52,101073,Indoor
20.72,52,101084,Indoor
20.71,52,101071,Indoor
20.72,52,101081,Indoor
20.72,52,101075,Indoor
20.72,52,101073,Indoor
20.72,52,101079,Indoor
20.73,52,101080,Indoor
20.73,52,101080,Indoor
20.73,52,101075,Indoor
20.74,52,101076,Indoor
20.74,52,101070,Indoor
20.75,52,101083,Indoor
20.75,52,101072,Indoor
20.75,52,101078,Indoor
20.75,52,101078,Indoor
20.76,52,101074,Indoor
20.76,52,101079,Indoor
20.76,52,101080,Indoor
20.76,52,101079,Indoor
20.76,52,101079,Indoor
20.78,52,101083,Indoor
20.77,52,101081,Indoor
20.76,52,101075,Indoor
20.78,52,101077,Indoor
20.77,52,101076,Indoor
20.78,52,101080,Indoor
20.78,52,101074,Indoor
20.79,52,101079,Indoor
20.79,52,101077,Indoor
20.79,52,101073,Indoor
20.79,52,101073,Indoor
20.79,52,101079,Indoor
20.79,52,101077,Indoor
20.8,52,101075,Indoor
20.8,52,101070,Indoor
20.81,52,101082,Indoor
20.8,52,101075,Indoor
20.81,52,101082,Indoor
20.81,52,101077,Indoor
20.81,52,101085,Indoor
20.81,52,101080,Indoor
20.81,52,101080,Indoor
20.82,52,101078,Indoor
20.83,52,101077,Indoor
20.83,52,101075,Indoor
20.83,52,101077,Indoor
20.84,52,101076,Indoor
20.85,52,101088,Indoor
20.84,52,101079,Indoor
20.85,52,101077,Indoor
20.84,52,101071,Indoor
20.84,52,101070,Indoor
20.84,52,101071,Indoor
20.85,52,101078,Indoor
20.85,52,101073,Indoor
20.87,52,101081,Indoor
20.86,52,101080,Indoor
20.86,52,101074,Indoor
20.86,52,101071,Indoor
20.86,52,101073,Indoor
20.87,52,101065,Indoor
20.87,52,101076,Indoor
20.88,52,101071,Indoor
20.88,52,101072,Indoor
20.88,52,101066,Indoor
20.89,52,101078,Indoor
20.89,52,101078,Indoor
20.89,52,101079,Indoor
20.89,52,101073,Indoor
20.9,52,101075,Indoor
20.9,52,101075,Indoor
20.9,52,101075,Indoor
20.9,52,101078,Indoor
20.9,52,101075,Indoor
20.9,52,101070,Indoor
20.91,52,101071,Indoor
20.91,52,101074,Indoor
20.92,52,101073,Indoor
20.92,52,101067,Indoor
20.92,52,101073,Indoor
20.92,52,101073,Indoor
20.92,52,101075,Indoor
20.93,52,101077,Indoor
20.93,52,101070,Indoor
20.93,52,101075,Indoor
20.93,52,101075,Indoor
20.93,52,101075,Indoor
20.94,52,101071,Indoor
20.94,52,101077,Indoor
20.94,52,101071,Indoor
20.94,52,101071,Indoor
20.95,52,101073,Indoor
20.95,52,101078,Indoor
20.95,52,101072,Indoor
20.95,52,101075,Indoor
20.95,52,101070,Indoor
20.95,52,101073,Indoor
20.96,52,101069,Indoor
20.96,52,101079,Indoor
20.95,52,101070,Indoor
20.96,52,101069,Indoor
20.97,52,101075,Indoor
20.97,51,101075,Indoor
20.96,52,101075,Indoor
20.97,51,101070,Indoor
20.97,51,101070,Indoor
20.96,51,101069,Indoor
20.98,51,101073,Indoor
20.98,51,101073,Indoor
20.98,51,101078,Indoor
20.98,51,101078,Indoor
20.98,51,101075,Indoor
20.99,51,101073,Indoor
20.99,51,101074,Indoor
20.99,51,101077,Indoor
21.0,51,101079,Indoor
21.0,51,101076,Indoor
20.99,51,101077,Indoor
20.99,51,101074,Indoor
21.0,51,101076,Indoor
21.0,51,101076,Indoor
21.01,51,101068,Indoor
21.01,51,101072,Indoor
21.01,51,101072,Indoor
21.01,51,101071,Indoor
21.01,51,101078,Indoor
21.01,51,101072,Indoor
21.01,51,101069,Indoor
21.02,51,101074,Indoor
21.02,51,101068,Indoor
21.01,51,101067,Indoor
21.01,51,101069,Indoor
21.03,51,101072,Indoor
21.02,51,101074,Indoor
21.04,51,101077,Indoor
21.03,51,101073,Indoor
21.03,51,101073,Indoor
21.03,51,101070,Indoor
21.02,51,101068,Indoor
21.04,51,101072,Indoor
21.04,51,101072,Indoor
21.05,51,101073,Indoor
21.04,51,101074,Indoor
21.04,51,101072,Indoor
21.06,51,101074,Indoor
21.05,51,101070,Indoor
21.06,51,101074,Indoor
21.06,51,101071,Indoor
21.06,51,101074,Indoor
21.06,51,101075,Indoor
21.06,51,101069,Indoor
21.06,51,101069,Indoor
21.06,51,101075,Indoor
21.07,51,101076,Indoor
21.06,51,101072,Indoor
21.06,51,101075,Indoor
21.07,51,101070,Indoor
21.08,51,101070,Indoor
21.08,51,101078,Indoor
21.09,51,101079,Indoor
21.08,51,101070,Indoor
21.08,51,101072,Indoor
21.08,51,101078,Indoor
21.08,51,101070,Indoor
21.08,51,101076,Indoor
21.09,51,101075,Indoor
21.09,51,101074,Indoor
21.08,51,101073,Indoor
21.08,51,101078,Indoor
21.09,51,101072,Indoor
21.1,51,101076,Indoor
21.1,51,101076,Indoor
21.09,51,101069,Indoor
21.1,51,101071,Indoor
21.1,51,101074,Indoor
21.1,51,101076,Indoor
21.1,51,101071,Indoor
21.1,51,101076,Indoor
21.1,51,101071,Indoor
21.11,51,101075,Indoor
21.12,51,101073,Indoor
21.12,51,101077,Indoor
21.12,51,101077,Indoor
21.12,51,101074,Indoor
21.11,51,101078,Indoor
21.11,51,101073,Indoor
21.13,51,101072,Indoor
21.12,51,101074,Indoor
21.12,51,101074,Indoor
21.13,51,101076,Indoor
21.13,51,101076,Indoor
21.13,51,101073,Indoor
21.14,51,101071,Indoor
21.13,51,101073,Indoor
21.13,51,101075,Indoor
21.14,51,101071,Indoor
21.14,51,101080,Indoor
21.14,51,101074,Indoor
21.15,51,101079,Indoor
21.14,51,101078,Indoor
21.15,51,101073,Indoor
21.14,51,101072,Indoor
21.15,51,101074,Indoor
21.14,51,101075,Indoor
21.15,51,101079,Indoor
21.15,51,101077,Indoor
21.16,51,101073,Indoor
21.17,51,101076,Indoor
21.17,51,101076,Indoor
21.16,51,101075,Indoor
21.17,51,101072,Indoor
21.17,51,101072,Indoor
21.17,51,101072,Indoor
21.17,51,101072,Indoor
21.17,51,101077,Indoor
21.17,51,101072,Indoor
21.17,51,101074,Indoor
21.17,51,101066,Indoor
21.17,51,101074,Indoor
21.18,51,101078,Indoor
21.18,51,101084,Indoor
21.18,51,101073,Indoor
21.18,51,101073,Indoor
21.2,51,101074,Indoor
21.19,51,101075,Indoor
21.2,51,101077,Indoor
21.2,51,101076,Indoor
21.2,51,101082,Indoor
21.2,51,101077,Indoor
21.2,51,101077,Indoor
21.2,51,101077,Indoor
21.2,51,101076,Indoor
21.21,51,101073,Indoor
21.2,51,101074,Indoor
21.21,51,101079,Indoor
21.21,51,101079,Indoor
21.21,51,101079,Indoor
21.21,51,101079,Indoor
21.21,51,101075,Indoor
21.22,51,101079,Indoor
21.21,51,101073,Indoor
21.22,51,101075,Indoor
21.22,51,101077,Indoor
21.22,51,101080,Indoor
21.23,51,101078,Indoor
21.23,51,101078,Indoor
21.23,51,101078,Indoor
21.22,51,101071,Indoor
21.22,51,101069,Indoor
21.22,51,101072,Indoor
21.22,51,101075,Indoor
21.22,51,101075,Indoor
21.23,51,101073,Indoor
21.23,51,101076,Indoor
21.23,51,101076,Indoor
21.24,51,101075,Indoor
21.24,51,101080,Indoor
21.23,51,101076,Indoor
21.25,51,101079,Indoor
21.24,51,101077,Indoor
21.24,51,101078,Indoor
21.24,51,101075,Indoor
21.24,51,101075,Indoor
21.25,51,101079,Indoor
21.25,51,101076,Indoor
21.24,51,101078,Indoor
21.24,51,101081,Indoor
21.25,51,101072,Indoor
21.25,51,101077,Indoor
21.27,51,101076,Indoor
21.25,51,101069,Indoor
21.26,51,101078,Indoor
21.25,51,101074,Indoor
21.27,51,101070,Indoor
21.28,51,101078,Indoor
21.26,51,101075,Indoor
21.27,51,101073,Indoor
21.27,51,101076,Indoor
21.27,51,101070,Indoor
21.27,51,101073,Indoor
21.27,51,101077,Indoor
21.27,51,101076,Indoor
21.28,51,101078,Indoor
21.28,51,101078,Indoor
21.28,51,101072,Indoor
21.27,51,101077,Indoor
21.28,51,101069,Indoor
21.29,51,101068,Indoor
21.29,51,101079,Indoor
21.3,51,101073,Indoor
21.29,51,101074,Indoor
21.28,51,101079,Indoor
21.29,51,101074,Indoor
21.28,51,101079,Indoor
21.3,51,101076,Indoor
21.3,51,101082,Indoor
21.3,51,101074,Indoor
21.3,51,101076,Indoor
21.31,51,101072,Indoor
21.31,51,101077,Indoor
21.3,51,101071,Indoor
21.31,51,101072,Indoor
21.31,51,101073,Indoor
21.3,51,101071,Indoor
21.31,51,101077,Indoor
21.31,51,101078,Indoor
21.31,51,101074,Indoor
21.32,51,101079,Indoor
21.31,51,101075,Indoor
21.32,51,101073,Indoor
21.32,51,101079,Indoor
21.31,51,101070,Indoor
21.32,51,101068,Indoor
21.33,51,101075,Indoor
21.33,51,101072,Indoor
21.32,51,101071,Indoor
21.32,51,101071,Indoor
21.33,51,101075,Indoor
21.34,51,101071,Indoor
21.33,51,101070,Indoor
21.33,51,101073,Indoor
21.33,51,101070,Indoor
21.33,51,101076,Indoor
21.34,51,101071,Indoor
21.34,51,101074,Indoor
21.34,51,101071,Indoor
21.34,51,101074,Indoor
21.33,51,101065,Indoor
21.34,51,101072,Indoor
21.34,51,101071,Indoor
21.34,51,101072,Indoor
21.34,51,101074,Indoor
21.35,51,101073,Indoor
21.34,51,101077,Indoor
21.35,51,101079,Indoor
21.35,50,101067,Indoor
21.35,51,101067,Indoor
21.35,51,101073,Indoor
21.35,51,101077,Indoor
21.35,51,101079,Indoor
21.36,51,101075,Indoor
21.35,51,101070,Indoor
21.36,51,101069,Indoor
21.37,51,101076,Indoor
21.36,51,101075,Indoor
21.35,51,101074,Indoor
21.36,50,101073,Indoor
21.37,51,101076,Indoor
21.37,51,101074,Indoor
21.36,51,101072,Indoor
21.37,51,101076,Indoor
21.38,51,101073,Indoor
21.37,51,101076,Indoor
21.38,51,101075,Indoor
21.38,51,101073,Indoor
21.38,51,101070,Indoor
21.37,51,101066,Indoor
21.37,51,101072,Indoor
21.38,51,101073,Indoor
21.38,51,101078,Indoor
21.38,51,101073,Indoor
21.38,51,101075,Indoor
21.39,51,101074,Indoor
21.38,51,101070,Indoor
21.38,51,101073,Indoor
21.38,51,101073,Indoor
21.39,50,101074,Indoor
21.39,50,101074,Indoor
21.39,50,101069,Indoor
21.39,50,101074,Indoor
21.39,50,101075,Indoor
21.4,50,101068,Indoor
21.4,50,101076,Indoor
21.39,50,101064,Indoor
21.39,50,101070,Indoor
21.39,50,101074,Indoor
21.39,50,101075,Indoor
21.4,50,101076,Indoor
21.4,50,101076,Indoor
21.41,50,101072,Indoor
21.4,50,101070,Indoor
21.4,50,101070,Indoor
21.4,50,101071,Indoor
21.41,50,101078,Indoor
21.4,50,101071,Indoor
21.41,50,101069,Indoor
21.41,50,101072,Indoor
21.41,50,101075,Indoor
21.41,50,101078,Indoor
21.41,50,101075,Indoor
21.42,50,101071,Indoor
21.41,50,101070,Indoor
21.42,50,101071,Indoor
21.41,50,101069,Indoor
21.42,50,101075,Indoor
21.42,50,101074,Indoor
21.42,50,101071,Indoor
21.42,50,101068,Indoor
21.42,50,101075,Indoor
21.44,50,101074,Indoor
21.43,50,101070,Indoor
21.42,50,101071,Indoor
21.42,50,101064,Indoor
21.43,50,101070,Indoor
21.44,50,101077,Indoor
21.44,50,101069,Indoor
21.44,50,101072,Indoor
21.43,50,101073,Indoor
21.44,50,101069,Indoor
21.45,50,101084,Indoor
21.44,50,101067,Indoor
21.45,50,101073,Indoor
21.44,50,101073,Indoor
21.45,50,101079,Indoor
21.45,50,101073,Indoor
21.45,50,101074,Indoor
21.46,50,101064,Indoor
21.45,50,101073,Indoor
21.45,50,101073,Indoor
21.46,50,101072,Indoor
21.45,50,101076,Indoor
21.45,50,101068,Indoor
21.45,50,101073,Indoor
21.46,50,101067,Indoor
21.45,50,101069,Indoor
21.46,50,101075,Indoor
21.46,50,101070,Indoor
21.47,50,101080,Indoor
21.47,50,101074,Indoor
21.47,50,101078,Indoor
21.46,50,101070,Indoor
21.47,50,101069,Indoor
21.47,50,101077,Indoor
21.47,50,101069,Indoor
21.48,50,101079,Indoor
21.47,50,101072,Indoor
21.48,50,101081,Indoor
21.48,50,101068,Indoor
21.48,50,101070,Indoor
21.48,50,101071,Indoor
21.48,50,101070,Indoor
21.48,50,101066,Indoor
21.48,50,101073,Indoor
21.48,50,101067,Indoor
21.47,50,101067,Indoor
21.49,50,101069,Indoor
21.48,50,101065,Indoor
21.48,50,101073,Indoor
21.49,50,101072,Indoor
21.48,50,101068,Indoor
21.48,50,101074,Indoor
21.48,50,101067,Indoor
21.48,50,101071,Indoor
21.49,50,101075,Indoor
21.49,50,101077,Indoor
21.49,50,101069,Indoor
21.49,50,101061,Indoor
21.49,50,101070,Indoor
21.5,50,101068,Indoor
21.5,50,101071,Indoor
21.51,50,101073,Indoor
21.5,50,101071,Indoor
21.5,50,101071,Indoor
21.5,50,101074,Indoor
21.5,50,101076,Indoor
21.49,50,101070,Indoor
21.5,50,101068,Indoor
21.51,50,101070,Indoor
21.5,50,101071,Indoor
21.5,50,101063,Indoor
21.5,50,101071,Indoor
21.5,50,101072,Indoor
21.5,50,101071,Indoor
21.5,50,101066,Indoor
21.51,50,101067,Indoor
21.52,50,101074,Indoor
21.5,50,101071,Indoor
21.52,50,101074,Indoor
21.52,50,101069,Indoor
21.52,50,101078,Indoor
21.52,50,101074,Indoor
21.51,50,101067,Indoor
21.52,50,101069,Indoor
21.52,50,101075,Indoor
21.52,50,101072,Indoor
21.52,50,101074,Indoor
21.53,50,101076,Indoor
21.53,50,101076,Indoor
21.53,50,101070,Indoor
21.53,50,101070,Indoor
21.52,50,101069,Indoor
21.52,50,101074,Indoor
21.53,50,101073,Indoor
21.53,50,101073,Indoor
21.53,50,101070,Indoor
21.54,50,101069,Indoor
21.53,50,101071,Indoor
21.54,50,101072,Indoor
21.53,50,101071,Indoor
21.54,50,101072,Indoor
21.54,50,101069,Indoor
21.53,50,101071,Indoor
21.54,50,101073,Indoor
21.56,50,101076,Indoor
21.55,50,101069,Indoor
21.55,50,101079,Indoor
21.55,50,101071,Indoor
21.55,50,101071,Indoor
21.54,50,101067,Indoor
21.56,50,101070,Indoor
21.56,50,101073,Indoor
21.55,50,101068,Indoor
21.55,50,101064,Indoor
21.56,50,101076,Indoor
21.55,50,101072,Indoor
21.56,50,101064,Indoor
21.56,50,101070,Indoor
21.56,50,101073,Indoor
21.56,50,101070,Indoor
21.56,50,101070,Indoor
21.56,50,101073,Indoor
21.56,50,101070,Indoor
21.57,50,101072,Indoor
21.56,50,101071,Indoor
21.56,50,101071,Indoor
21.56,50,101070,Indoor
21.57,50,101073,Indoor
21.57,50,101066,Indoor
21.56,50,101071,Indoor
21.56,50,101070,Indoor
21.57,50,101072,Indoor
21.57,50,101066,Indoor
21.57,50,101070,Indoor
21.57,50,101061,Indoor
21.58,50,101076,Indoor
21.58,50,101068,Indoor
21.58,50,101071,Indoor
21.58,50,101073,Indoor
21.58,50,101071,Indoor
21.57,50,101069,Indoor
21.58,50,101073,Indoor
21.58,50,101069,Indoor
21.58,50,101068,Indoor
21.59,50,101081,Indoor
21.58,50,101069,Indoor
21.59,50,101075,Indoor
21.58,50,101074,Indoor
21.59,50,101070,Indoor
21.59,50,101067,Indoor
21.59,50,101067,Indoor
21.59,50,101070,Indoor
21.6,50,101071,Indoor
21.59,50,101070,Indoor
21.59,50,101070,Indoor
21.59,50,101064,Indoor
21.6,50,101077,Indoor
21.6,50,101066,Indoor
21.59,50,101070,Indoor
21.6,50,101071,Indoor
21.59,50,101065,Indoor
21.6,50,101069,Indoor
21.6,50,101071,Indoor
21.6,50,101072,Indoor
21.6,50,101067,Indoor
21.61,50,101070,Indoor
21.6,50,101067,Indoor
21.6,50,101067,Indoor
21.61,50,101070,Indoor
21.62,50,101066,Indoor
21.61,50,101067,Indoor
21.61,50,101074,Indoor
21.6,50,101066,Indoor
21.61,50,101073,Indoor
21.61,50,101073,Indoor
21.61,50,101073,Indoor
21.61,50,101074,Indoor
21.62,50,101069,Indoor
21.62,50,101072,Indoor
21.62,50,101072,Indoor
21.62,50,101067,Indoor
21.62,50,101072,Indoor
21.62,50,101064,Indoor
21.61,50,101068,Indoor
21.62,50,101067,Indoor
21.63,50,101071,Indoor
21.62,50,101072,Indoor
21.63,50,101065,Indoor
21.63,50,101065,Indoor
21.62,50,101070,Indoor
21.63,50,101068,Indoor
21.63,50,101074,Indoor
21.64,50,101070,Indoor
21.63,50,101071,Indoor
21.63,50,101076,Indoor
21.64,50,101067,Indoor
21.63,50,101072,Indoor
21.64,50,101073,Indoor
21.64,50,101070,Indoor
21.64,50,101073,Indoor
21.64,50,101073,Indoor
21.64,50,101070,Indoor
21.65,50,101069,Indoor
21.65,50,101071,Indoor
21.64,50,101067,Indoor
21.65,50,101069,Indoor
21.64,50,101070,Indoor
21.65,50,101075,Indoor
21.65,50,101074,Indoor
21.65,50,101074,Indoor
21.65,50,101074,Indoor
21.66,50,101076,Indoor
21.65,50,101075,Indoor
21.65,50,101072,Indoor
21.66,50,101070,Indoor
21.65,50,101078,Indoor
21.65,50,101071,Indoor
21.66,50,101070,Indoor
21.66,50,101076,Indoor
21.66,50,101068,Indoor
21.67,50,101067,Indoor
21.66,50,101070,Indoor
21.66,50,101073,Indoor
21.66,50,101070,Indoor
21.67,50,101072,Indoor
21.67,50,101067,Indoor
21.66,50,101074,Indoor
21.67,50,101072,Indoor
21.67,50,101075,Indoor
21.67,50,101075,Indoor
21.67,50,101072,Indoor
21.66,50,101070,Indoor
21.67,50,101078,Indoor
21.66,50,101066,Indoor
21.67,50,101075,Indoor
21.67,50,101072,Indoor
21.67,50,101067,Indoor
21.67,50,101073,Indoor
21.68,50,101071,Indoor
21.67,50,101070,Indoor
21.67,50,101072,Indoor
21.68,50,101075,Indoor
21.68,50,101068,Indoor
21.68,50,101068,Indoor
21.68,50,101074,Indoor
21.68,50,101074,Indoor
21.68,50,101074,Indoor
21.68,50,101079,Indoor
21.68,50,101074,Indoor
21.68,50,101074,Indoor
21.69,50,101070,Indoor
21.68,50,101071,Indoor
21.69,50,101071,Indoor
21.69,50,101067,Indoor
21.7,50,101069,Indoor
21.69,50,101067,Indoor
21.69,50,101068,Indoor
21.7,50,101072,Indoor
21.7,50,101067,Indoor
21.71,50,101076,Indoor
21.7,50,101070,Indoor
21.7,50,101072,Indoor
21.7,50,101074,Indoor
21.7,50,101072,Indoor
21.7,50,101072,Indoor
21.7,50,101072,Indoor
21.71,50,101074,Indoor
21.7,50,101066,Indoor
21.71,50,101071,Indoor
21.72,50,101070,Indoor
21.71,50,101068,Indoor
21.71,50,101079,Indoor
21.71,50,101069,Indoor
21.71,50,101073,Indoor
21.72,50,101075,Indoor
21.71,50,101074,Indoor
21.73,50,101070,Indoor
21.72,50,101072,Indoor
21.73,50,101069,Indoor
21.73,50,101077,Indoor
21.73,50,101070,Indoor
21.73,50,101069,Indoor
21.72,50,101070,Indoor
21.73,50,101071,Indoor
21.73,50,101074,Indoor
21.73,50,101071,Indoor
21.73,50,101076,Indoor
21.73,50,101075,Indoor
21.73,50,101071,Indoor
21.73,50,101071,Indoor
21.73,50,101067,Indoor
21.73,50,101068,Indoor
21.73,50,101069,Indoor
21.73,50,101074,Indoor
21.73,50,101077,Indoor
21.74,50,101070,Indoor
21.74,50,101073,Indoor
21.73,50,101071,Indoor
21.75,50,101075,Indoor
21.74,50,101073,Indoor
21.75,50,101074,Indoor
21.76,50,101081,Indoor
21.75,50,101074,Indoor
21.75,50,101079,Indoor
21.73,50,101078,Indoor
21.75,50,101072,Indoor
21.76,50,101073,Indoor
21.76,50,101070,Indoor
21.76,50,101076,Indoor
21.75,50,101069,Indoor
21.76,50,101076,Indoor
21.76,50,101070,Indoor
21.75,50,101069,Indoor
21.76,50,101068,Indoor
21.75,50,101072,Indoor
21.76,50,101067,Indoor
21.76,50,101064,Indoor
21.76,50,101071,Indoor
21.76,50,101071,Indoor
21.76,50,101074,Indoor
21.76,50,101065,Indoor
21.77,50,101073,Indoor
21.77,50,101073,Indoor
21.77,50,101066,Indoor
21.78,50,101073,Indoor
21.77,50,101073,Indoor
21.78,50,101073,Indoor
21.76,50,101060,Indoor
21.77,50,101073,Indoor
21.77,50,101067,Indoor
21.77,50,101067,Indoor
21.78,50,101069,Indoor
21.77,50,101072,Indoor
21.77,50,101067,Indoor
21.77,50,101073,Indoor
21.77,50,101067,Indoor
21.77,50,101064,Indoor
21.77,50,101070,Indoor
21.78,50,101069,Indoor
21.77,50,101073,Indoor
21.78,50,101068,Indoor
21.77,50,101067,Indoor
21.78,50,101071,Indoor
21.78,50,101074,Indoor
21.78,50,101079,Indoor
21.77,50,101061,Indoor
21.78,50,101069,Indoor
21.78,50,101074,Indoor
21.78,50,101074,Indoor
21.78,50,101074,Indoor
21.79,50,101075,Indoor
21.78,50,101074,Indoor
21.78,50,101074,Indoor
21.78,50,101066,Indoor
21.79,50,101070,Indoor
21.79,50,101076,Indoor
21.79,50,101068,Indoor
21.79,50,101068,Indoor
21.8,50,101068,Indoor
21.8,50,101068,Indoor
21.8,50,101066,Indoor
21.8,50,101072,Indoor
21.79,50,101065,Indoor
21.79,50,101070,Indoor
21.79,49,101068,Indoor
21.8,50,101072,Indoor
21.8,50,101066,Indoor
21.79,50,101068,Indoor
21.79,50,101064,Indoor
21.8,50,101067,Indoor
21.8,49,101074,Indoor
21.81,49,101074,Indoor
21.8,49,101071,Indoor
21.81,49,101073,Indoor
21.8,49,101066,Indoor
21.81,50,101067,Indoor
21.8,50,101067,Indoor
21.81,50,101074,Indoor
21.81,50,101066,Indoor
21.81,50,101068,Indoor
21.82,50,101072,Indoor
21.81,50,101068,Indoor
21.81,49,101074,Indoor
21.82,50,101069,Indoor
21.82,50,101075,Indoor
21.82,50,101075,Indoor
21.81,50,101071,Indoor
21.81,50,101068,Indoor
21.82,50,101072,Indoor
21.82,50,101069,Indoor
21.82,50,101072,Indoor
21.82,50,101064,Indoor
21.82,49,101070,Indoor
21.82,50,101066,Indoor
21.82,50,101067,Indoor
21.81,50,101068,Indoor
21.82,50,101070,Indoor
21.82,49,101070,Indoor
21.82,49,101067,Indoor
21.82,49,101070,Indoor
21.82,49,101064,Indoor
21.82,49,101067,Indoor
21.83,49,101066,Indoor
21.83,49,101069,Indoor
21.83,49,101066,Indoor
21.82,49,101070,Indoor
21.84,49,101073,Indoor
21.83,49,101071,Indoor
21.82,49,101059,Indoor
21.84,49,101065,Indoor
21.82,49,101070,Indoor
21.83,50,101072,Indoor
21.83,49,101068,Indoor
21.84,49,101068,Indoor
21.84,50,101071,Indoor
21.84,49,101065,Indoor
21.83,49,101063,Indoor
21.83,49,101066,Indoor
21.85,49,101069,Indoor
21.85,49,101069,Indoor
21.84,49,101056,Indoor
21.85,49,101067,Indoor
21.85,49,101064,Indoor
21.85,49,101064,Indoor
21.84,49,101068,Indoor
21.83,49,101063,Indoor
21.84,49,101067,Indoor
21.85,49,101069,Indoor
21.84,49,101068,Indoor
21.84,49,101065,Indoor
21.85,49,101061,Indoor
21.85,49,101064,Indoor
21.85,49,101070,Indoor
21.85,49,101070,Indoor
21.84,49,101062,Indoor
21.85,49,101064,Indoor
21.85,49,101067,Indoor
21.85,49,101070,Indoor
21.86,49,101077,Indoor
21.86,49,101071,Indoor
21.86,49,101066,Indoor
21.86,49,101066,Indoor
21.87,49,101073,Indoor
21.86,49,101071,Indoor
21.87,49,101073,Indoor
21.87,49,101067,Indoor
21.86,49,101066,Indoor
21.87,49,101067,Indoor
21.87,49,101073,Indoor
21.86,49,101068,Indoor
21.87,49,101061,Indoor
21.87,49,101061,Indoor
21.87,49,101059,Indoor
21.87,49,101067,Indoor
21.87,49,101061,Indoor
21.88,49,101069,Indoor
21.87,49,101062,Indoor
21.88,49,101068,Indoor
21.88,49,101069,Indoor
21.87,49,101067,Indoor
21.88,49,101064,Indoor
21.87,49,101067,Indoor
21.87,49,101062,Indoor
21.88,49,101057,Indoor
21.87,49,101070,Indoor
21.87,49,101065,Indoor
21.87,49,101067,Indoor
21.89,49,101073,Indoor
21.87,49,101059,Indoor
21.88,49,101068,Indoor
21.88,49,101063,Indoor
21.89,49,101070,Indoor
21.88,49,101069,Indoor
21.88,49,101069,Indoor
21.88,49,101068,Indoor
21.88,49,101069,Indoor
21.89,49,101067,Indoor
21.89,49,101064,Indoor
21.88,49,101064,Indoor
21.89,49,101071,Indoor
21.89,49,101070,Indoor
21.88,49,101069,Indoor
21.88,49,101072,Indoor
21.89,49,101070,Indoor
21.89,49,101067,Indoor
21.88,49,101069,Indoor
21.89,49,101065,Indoor
21.88,49,101069,Indoor
21.89,49,101071,Indoor
21.89,49,101065,Indoor
21.9,49,101066,Indoor
21.89,49,101068,Indoor
21.89,49,101076,Indoor
21.9,49,101067,Indoor
21.89,49,101065,Indoor
21.9,49,101067,Indoor
21.9,49,101064,Indoor
21.9,49,101061,Indoor
21.9,49,101078,Indoor
21.91,49,101068,Indoor
21.91,49,101066,Indoor
21.9,49,101072,Indoor
21.91,49,101063,Indoor
21.91,49,101074,Indoor
21.92,49,101064,Indoor
21.91,49,101063,Indoor
21.91,49,101074,Indoor
21.91,49,101069,Indoor
21.93,49,101066,Indoor
21.92,49,101070,Indoor
21.92,49,101065,Indoor
21.92,49,101065,Indoor
21.91,49,101063,Indoor
21.91,49,101063,Indoor
21.92,49,101067,Indoor
21.92,49,101062,Indoor
21.91,49,101060,Indoor
21.92,49,101065,Indoor
21.92,49,101065,Indoor
21.91,49,101058,Indoor
21.93,49,101068,Indoor
21.93,49,101063,Indoor
21.92,49,101059,Indoor
21.93,49,101066,Indoor
21.92,49,101067,Indoor
21.93,49,101067,Indoor
21.93,49,101067,Indoor
21.93,49,101063,Indoor
21.93,49,101066,Indoor
21.93,49,101067,Indoor
21.93,49,101067,Indoor
21.92,49,101065,Indoor
21.93,49,101063,Indoor
21.93,49,101067,Indoor
21.93,49,101061,Indoor
21.94,49,101063,Indoor
21.93,49,101067,Indoor
21.93,49,101061,Indoor
21.94,49,101065,Indoor
21.94,49,101063,Indoor
21.93,49,101066,Indoor
21.93,49,101061,Indoor
21.93,49,101061,Indoor
21.93,49,101064,Indoor
21.94,49,101065,Indoor
21.94,49,101062,Indoor
21.93,49,101061,Indoor
21.94,49,101068,Indoor
21.94,49,101068,Indoor
21.94,49,101068,Indoor
21.94,49,101068,Indoor
21.94,49,101063,Indoor
21.94,49,101063,Indoor
21.95,49,101069,Indoor
21.94,49,101068,Indoor
21.95,49,101070,Indoor
21.95,49,101069,Indoor
21.94,49,101068,Indoor
21.95,49,101064,Indoor
21.94,49,101063,Indoor
21.94,49,101063,Indoor
21.95,49,101064,Indoor
21.95,49,101070,Indoor
21.95,49,101069,Indoor
21.96,49,101074,Indoor
21.95,49,101059,Indoor
21.95,49,101064,Indoor
21.95,49,101067,Indoor
21.96,49,101065,Indoor
21.95,49,101064,Indoor
21.96,49,101071,Indoor
21.95,49,101064,Indoor
21.96,49,101065,Indoor
21.96,49,101061,Indoor
21.96,49,101065,Indoor
21.96,49,101060,Indoor
21.96,49,101063,Indoor
21.96,49,101066,Indoor
21.96,49,101066,Indoor
21.96,49,101071,Indoor
21.96,49,101069,Indoor
21.96,49,101066,Indoor
21.96,49,101066,Indoor
21.96,49,101066,Indoor
21.97,49,101067,Indoor
21.97,49,101070,Indoor
21.97,49,101065,Indoor
21.97,49,101068,Indoor
21.97,49,101067,Indoor
21.96,49,101072,Indoor
21.97,49,101062,Indoor
21.97,49,101071,Indoor
21.98,49,101074,Indoor
21.97,49,101061,Indoor
21.97,49,101062,Indoor
21.97,49,101065,Indoor
21.97,49,101065,Indoor
21.97,49,101068,Indoor
21.97,49,101068,Indoor
21.98,49,101069,Indoor
21.98,49,101063,Indoor
21.99,49,101070,Indoor
21.99,49,101070,Indoor
21.98,49,101064,Indoor
21.99,49,101077,Indoor
21.98,49,101067,Indoor
21.99,49,101070,Indoor
21.99,49,101066,Indoor
21.99,49,101068,Indoor
21.99,49,101068,Indoor
22.0,49,101067,Indoor
21.99,49,101068,Indoor
21.99,49,101066,Indoor
22.0,49,101067,Indoor
21.99,49,101066,Indoor
21.99,49,101068,Indoor
22.0,49,101059,Indoor
21.99,49,101077,Indoor
21.99,49,101065,Indoor
22.0,49,101067,Indoor
21.99,49,101071,Indoor
22.0,49,101065,Indoor
21.99,49,101068,Indoor
22.0,49,101059,Indoor
22.0,49,101062,Indoor
22.0,49,101070,Indoor
22.01,49,101068,Indoor
22.01,49,101064,Indoor
22.0,49,101061,Indoor
22.0,49,101067,Indoor
22.0,49,101070,Indoor
22.0,49,101070,Indoor
22.01,49,101069,Indoor
22.0,49,101065,Indoor
22.01,49,101064,Indoor
22.01,49,101069,Indoor
22.01,49,101068,Indoor
22.01,49,101069,Indoor
22.01,49,101069,Indoor
22.0,49,101062,Indoor
22.0,49,101065,Indoor
22.02,49,101062,Indoor
22.01,49,101064,Indoor
22.02,49,101071,Indoor
22.02,49,101065,Indoor
22.02,49,101065,Indoor
22.02,49,101064,Indoor
22.03,49,101072,Indoor
22.02,49,101071,Indoor
22.02,49,101065,Indoor
22.02,49,101065,Indoor
22.02,49,101070,Indoor
22.02,49,101064,Indoor
22.03,49,101066,Indoor
22.02,49,101068,Indoor
22.03,49,101066,Indoor
22.03,49,101061,Indoor
22.02,49,101065,Indoor
22.03,49,101066,Indoor
22.04,49,101068,Indoor
22.03,49,101070,Indoor
22.04,49,101065,Indoor
22.02,49,101065,Indoor
22.02,49,101065,Indoor
22.03,49,101066,Indoor
22.03,49,101072,Indoor
22.02,49,101060,Indoor
22.04,49,101068,Indoor
22.03,49,101067,Indoor
22.03,49,101061,Indoor
22.04,49,101063,Indoor
22.03,49,101072,Indoor
22.03,49,101064,Indoor
22.03,49,101063,Indoor
22.02,49,101060,Indoor
22.03,49,101067,Indoor
22.03,49,101061,Indoor
22.03,49,101061,Indoor
22.03,49,101056,Indoor
22.04,49,101062,Indoor
22.04,49,101063,Indoor
22.04,49,101060,Indoor
22.04,49,101063,Indoor
22.03,49,101061,Indoor
22.04,49,101063,Indoor
22.03,49,101067,Indoor
22.05,49,101064,Indoor
22.04,49,101069,Indoor
22.04,49,101066,Indoor
22.04,49,101069,Indoor
22.05,49,101064,Indoor
22.04,49,101063,Indoor
22.04,49,101063,Indoor
22.05,49,101064,Indoor
22.04,49,101060,Indoor
22.05,49,101061,Indoor
22.05,49,101064,Indoor
22.05,49,101068,Indoor
22.05,49,101065,Indoor
22.05,49,101064,Indoor
22.05,49,101062,Indoor
22.05,49,101065,Indoor
22.04,49,101063,Indoor
22.06,49,101061,Indoor
22.06,49,101066,Indoor
22.05,49,101062,Indoor
22.06,49,101066,Indoor
22.06,49,101055,Indoor
22.07,49,101062,Indoor
22.06,49,101064,Indoor
22.06,49,101067,Indoor
22.06,49,101057,Indoor
22.06,49,101061,Indoor
22.07,49,101065,Indoor
22.07,49,101062,Indoor
22.06,49,101064,Indoor
22.07,49,101063,Indoor
22.06,49,101064,Indoor
22.06,49,101067,Indoor
22.07,49,101065,Indoor
22.06,49,101066,Indoor
22.06,49,101064,Indoor
22.06,49,101066,Indoor
22.05,49,101065,Indoor
22.08,49,101070,Indoor
22.07,49,101063,Indoor
22.07,49,101067,Indoor
22.08,49,101064,Indoor
22.06,49,101064,Indoor
22.08,49,101073,Indoor
22.08,49,101066,Indoor
22.07,49,101060,Indoor
22.07,49,101063,Indoor
22.07,49,101062,Indoor
22.07,49,101063,Indoor
22.07,49,101063,Indoor
22.07,49,101063,Indoor
22.07,49,101063,Indoor
22.08,49,101064,Indoor
22.09,49,101063,Indoor
22.08,49,101061,Indoor
22.08,49,101058,Indoor
22.09,49,101063,Indoor
22.09,49,101066,Indoor
22.08,49,101064,Indoor
22.08,49,101070,Indoor
22.08,49,101062,Indoor
22.09,49,101060,Indoor
22.08,49,101059,Indoor
22.08,49,101062,Indoor
22.08,49,101062,Indoor
22.08,49,101056,Indoor
22.08,49,101059,Indoor
22.08,49,101064,Indoor
22.08,49,101064,Indoor
22.07,49,101063,Indoor
22.07,49,101063,Indoor
22.08,49,101059,Indoor
22.08,49,101064,Indoor
22.08,49,101064,Indoor
22.09,49,101060,Indoor
22.09,49,101065,Indoor
22.08,49,101055,Indoor
22.08,49,101059,Indoor
22.08,49,101064,Indoor
22.08,49,101059,Indoor
22.09,49,101061,Indoor
22.08,49,101064,Indoor
22.09,49,101065,Indoor
22.09,49,101061,Indoor
22.09,49,101066,Indoor
22.08,49,101062,Indoor
22.09,49,101066,Indoor
22.09,49,101060,Indoor
22.1,49,101061,Indoor
22.09,49,101066,Indoor
22.08,49,101064,Indoor
22.08,49,101064,Indoor
22.08,49,101064,Indoor
22.1,49,101062,Indoor
22.09,49,101061,Indoor
22.09,49,101058,Indoor
22.09,49,101061,Indoor
22.09,49,101055,Indoor
22.09,49,101061,Indoor
22.1,49,101056,Indoor
22.09,49,101051,Indoor
22.1,49,101057,Indoor
22.1,49,101064,Indoor
22.1,49,101059,Indoor
22.1,49,101061,Indoor
22.09,49,101058,Indoor
22.09,49,101061,Indoor
22.09,49,101060,Indoor
22.1,49,101067,Indoor
22.1,49,101057,Indoor
22.09,49,101066,Indoor
22.1,49,101065,Indoor
22.09,49,101061,Indoor
22.1,49,101059,Indoor
22.1,49,101059,Indoor
22.1,49,101059,Indoor
22.09,49,101057,Indoor
22.1,49,101062,Indoor
22.1,49,101057,Indoor
22.11,49,101061,Indoor
22.11,49,101064,Indoor
22.11,49,101056,Indoor
22.11,49,101063,Indoor
22.11,49,101058,Indoor
22.1,49,101065,Indoor
22.12,49,101065,Indoor
22.12,49,101062,Indoor
22.11,49,101064,Indoor
22.1,49,101062,Indoor
22.11,49,101058,Indoor
22.11,49,101064,Indoor
22.11,49,101064,Indoor
22.11,49,101058,Indoor
22.12,49,101071,Indoor
22.12,49,101062,Indoor
22.11,49,101058,Indoor
22.12,49,101063,Indoor
22.13,49,101067,Indoor
22.12,49,101055,Indoor
22.13,49,101059,Indoor
22.12,49,101060,Indoor
22.13,49,101067,Indoor
22.13,49,101067,Indoor
22.13,49,101062,Indoor
22.13,49,101062,Indoor
22.14,49,101065,Indoor
22.13,49,101067,Indoor
22.13,49,101058,Indoor
22.13,49,101062,Indoor
22.14,49,101061,Indoor
22.13,49,101067,Indoor
22.14,49,101060,Indoor
22.13,49,101062,Indoor
22.13,49,101059,Indoor
22.14,49,101066,Indoor
22.14,49,101060,Indoor
22.14,49,101058,Indoor
22.14,49,101057,Indoor
22.14,49,101052,Indoor
22.14,49,101063,Indoor
22.15,49,101065,Indoor
22.14,49,101057,Indoor
22.13,49,101062,Indoor
22.15,49,101062,Indoor
22.15,49,101064,Indoor
22.15,49,101062,Indoor
22.14,49,101063,Indoor
22.14,49,101069,Indoor
22.15,49,101059,Indoor
22.15,49,101064,Indoor
22.15,49,101060,Indoor
22.14,49,101057,Indoor
22.15,49,101070,Indoor
22.14,49,101063,Indoor
22.15,49,101064,Indoor
22.15,49,101054,Indoor
22.13,49,101059,Indoor
22.15,49,101064,Indoor
22.15,49,101062,Indoor
22.15,49,101062,Indoor
22.15,49,101064,Indoor
22.15,49,101057,Indoor
22.16,49,101061,Indoor
22.16,49,101067,Indoor
22.15,49,101060,Indoor
22.15,49,101065,Indoor
22.14,49,101055,Indoor
22.16,49,101067,Indoor
22.15,49,101064,Indoor
22.17,49,101062,Indoor
22.16,49,101064,Indoor
22.16,49,101061,Indoor
22.17,49,101065,Indoor
22.17,49,101062,Indoor
22.15,49,101060,Indoor
22.16,49,101061,Indoor
22.18,49,101058,Indoor
22.18,49,101063,Indoor
22.18,49,101062,Indoor
22.18,49,101065,Indoor
22.18,49,101066,Indoor
22.18,49,101056,Indoor
22.18,49,101065,Indoor
22.18,49,101062,Indoor
22.18,49,101066,Indoor
22.18,49,101063,Indoor
22.18,49,101070,Indoor
22.18,49,101065,Indoor
22.18,49,101065,Indoor
22.2,49,101055,Indoor
22.18,49,101065,Indoor
22.18,49,101065,Indoor
22.18,49,101068,Indoor
22.18,49,101059,Indoor
22.18,49,101062,Indoor
22.2,49,101061,Indoor
22.18,49,101059,Indoor
22.18,49,101056,Indoor
22.2,49,101055,Indoor
22.19,49,101063,Indoor
22.2,49,101064,Indoor
22.2,49,101061,Indoor
22.2,49,101061,Indoor
22.2,49,101066,Indoor
22.2,49,101067,Indoor
22.2,49,101066,Indoor
22.19,49,101063,Indoor
22.2,49,101062,Indoor
22.2,49,101061,Indoor
22.2,49,101053,Indoor
22.21,49,101068,Indoor
22.2,49,101059,Indoor
22.21,49,101063,Indoor
22.21,49,101068,Indoor
22.2,49,101072,Indoor
22.19,49,101055,Indoor
22.21,49,101063,Indoor
22.19,49,101060,Indoor
22.2,49,101062,Indoor
22.2,49,101059,Indoor
22.21,49,101065,Indoor
22.2,49,101061,Indoor
22.2,49,101062,Indoor
22.2,49,101055,Indoor
22.2,49,101055,Indoor
22.2,49,101061,Indoor
22.2,49,101061,Indoor
22.18,49,101051,Indoor
22.2,49,101061,Indoor
22.21,49,101063,Indoor
22.21,49,101063,Indoor
22.2,49,101055,Indoor
22.2,49,101058,Indoor
22.2,49,101055,Indoor
22.2,49,101055,Indoor
22.19,49,101060,Indoor
22.2,49,101067,Indoor
22.2,49,101067,Indoor
22.21,49,101057,Indoor
22.21,49,101063,Indoor
22.21,49,101054,Indoor
22.2,49,101053,Indoor
22.21,49,101063,Indoor
22.2,49,101065,Indoor
22.21,49,101060,Indoor
22.21,49,101054,Indoor
22.22,49,101048,Indoor
22.2,49,101051,Indoor
22.21,49,101054,Indoor
22.2,48,101067,Indoor
22.2,48,101062,Indoor
22.2,49,101064,Indoor
22.2,49,101050,Indoor
22.2,49,101062,Indoor
22.2,49,101056,Indoor
22.2,49,101053,Indoor
22.21,49,101052,Indoor
22.2,49,101050,Indoor
22.21,49,101052,Indoor
22.21,49,101054,Indoor
22.21,49,101057,Indoor
22.21,49,101063,Indoor
22.21,49,101054,Indoor
22.21,49,101063,Indoor
22.21,48,101058,Indoor
22.21,48,101054,Indoor
22.21,48,101063,Indoor
22.2,48,101056,Indoor
22.21,48,101057,Indoor
22.2,48,101062,Indoor
22.21,48,101057,Indoor
22.2,48,101056,Indoor
22.21,48,101060,Indoor
22.2,48,101051,Indoor
22.21,48,101046,Indoor
22.21,48,101058,Indoor
22.21,48,101054,Indoor
22.21,49,101052,Indoor
22.21,48,101058,Indoor
22.2,49,101058,Indoor
22.22,49,101059,Indoor
22.22,48,101048,Indoor
22.22,49,101048,Indoor
22.21,48,101054,Indoor
22.21,48,101052,Indoor
22.21,48,101055,Indoor
22.21,48,101049,Indoor
22.2,48,101056,Indoor
22.21,48,101063,Indoor
22.22,48,101064,Indoor
22.22,48,101062,Indoor
22.21,49,101052,Indoor
22.21,49,101057,Indoor
22.2,48,101051,Indoor
22.21,48,101063,Indoor
22.21,49,101063,Indoor
22.21,49,101057,Indoor
22.2,49,101053,Indoor
22.2,49,101061,Indoor
22.21,49,101055,Indoor
22.21,49,101063,Indoor
22.21,49,101061,Indoor
22.21,48,101060,Indoor
22.21,48,101057,Indoor
22.22,48,101056,Indoor
22.21,48,101058,Indoor
22.21,48,101063,Indoor
22.22,48,101059,Indoor
22.22,48,101056,Indoor
22.22,48,101065,Indoor
22.23,48,101056,Indoor
22.22,48,101059,Indoor
22.23,49,101060,Indoor
22.22,48,101060,Indoor
22.24,49,101059,Indoor
22.22,49,101054,Indoor
22.23,49,101056,Indoor
22.24,49,101057,Indoor
22.23,49,101056,Indoor
22.22,49,101057,Indoor
22.23,49,101067,Indoor
22.24,48,101054,Indoor
22.24,49,101057,Indoor
22.23,49,101059,Indoor
22.23,48,101056,Indoor
22.23,48,101056,Indoor
22.24,48,101058,Indoor
22.24,48,101062,Indoor
22.24,48,101057,Indoor
22.24,48,101059,Indoor
22.24,48,101057,Indoor
22.23,48,101061,Indoor
22.25,48,101056,Indoor
22.24,48,101054,Indoor
22.24,48,101057,Indoor
22.24,48,101057,Indoor
22.24,48,101055,Indoor
22.25,48,101058,Indoor
22.24,48,101052,Indoor
22.24,48,101058,Indoor
22.24,48,101055,Indoor
22.23,48,101059,Indoor
22.26,48,101055,Indoor
22.25,48,101065,Indoor
22.25,48,101059,Indoor
22.24,48,101063,Indoor
22.25,48,101056,Indoor
22.25,48,101053,Indoor
22.25,48,101059,Indoor
22.25,48,101056,Indoor
22.25,48,101056,Indoor
22.26,48,101058,Indoor
22.26,48,101058,Indoor
22.26,48,101055,Indoor
22.26,48,101052,Indoor
22.26,48,101053,Indoor
22.27,48,101059,Indoor
22.26,48,101057,Indoor
22.27,48,101056,Indoor
22.26,48,101060,Indoor
22.27,48,101056,Indoor
22.26,48,101057,Indoor
22.26,48,101060,Indoor
22.26,48,101060,Indoor
22.26,48,101055,Indoor
22.27,48,101056,Indoor
22.26,48,101055,Indoor
22.26,48,101061,Indoor
22.27,48,101056,Indoor
22.26,48,101055,Indoor
22.26,48,101055,Indoor
22.26,48,101057,Indoor
22.27,48,101059,Indoor
22.26,48,101055,Indoor
22.27,48,101062,Indoor
22.27,48,101062,Indoor
22.27,48,101059,Indoor
22.27,48,101059,Indoor
22.26,48,101060,Indoor
22.26,48,101050,Indoor
22.26,48,101055,Indoor
22.26,48,101060,Indoor
22.25,48,101053,Indoor
22.26,48,101055,Indoor
22.26,48,101055,Indoor
22.26,48,101060,Indoor
22.26,48,101057,Indoor
22.25,48,101054,Indoor
22.26,48,101055,Indoor
22.26,48,101053,Indoor
22.26,48,101064,Indoor
22.26,48,101055,Indoor
22.26,48,101055,Indoor
22.26,48,101057,Indoor
22.27,48,101051,Indoor
22.27,48,101056,Indoor
22.26,48,101060,Indoor
22.27,48,101062,Indoor
22.27,48,101059,Indoor
22.27,48,101056,Indoor
22.27,48,101057,Indoor
22.27,48,101056,Indoor
22.28,48,101063,Indoor
22.27,48,101062,Indoor
22.27,48,101059,Indoor
22.27,48,101063,Indoor
22.27,48,101062,Indoor
22.27,48,101057,Indoor
22.27,48,101062,Indoor
22.27,48,101056,Indoor
22.27,48,101059,Indoor
22.27,48,101059,Indoor
22.28,48,101070,Indoor
22.27,48,101063,Indoor
22.28,48,101064,Indoor
22.28,48,101058,Indoor
22.28,48,101063,Indoor
22.28,48,101058,Indoor
22.28,48,101061,Indoor
22.28,48,101059,Indoor
22.28,48,101055,Indoor
22.27,48,101057,Indoor
22.27,48,101056,Indoor
22.28,48,101058,Indoor
22.28,48,101058,Indoor
22.27,48,101063,Indoor
22.28,48,101052,Indoor
22.27,48,101057,Indoor
22.28,48,101063,Indoor
22.27,48,101056,Indoor
22.28,48,101058,Indoor
22.27,48,101060,Indoor
22.27,48,101051,Indoor
22.28,48,101058,Indoor
22.27,48,101059,Indoor
22.27,48,101056,Indoor
22.28,48,101063,Indoor
22.27,48,101062,Indoor
22.29,48,101065,Indoor
22.28,48,101058,Indoor
22.28,48,101059,Indoor
22.28,48,101061,Indoor
22.28,48,101053,Indoor
22.27,48,101056,Indoor
22.28,48,101055,Indoor
22.29,48,101060,Indoor
22.28,48,101059,Indoor
22.28,48,101058,Indoor
22.29,48,101054,Indoor
22.29,48,101055,Indoor
22.29,48,101060,Indoor
22.29,48,101060,Indoor
22.29,48,101057,Indoor
22.29,48,101054,Indoor
22.29,48,101065,Indoor
22.28,48,101059,Indoor
22.28,48,101048,Indoor
22.29,48,101062,Indoor
22.29,48,101060,Indoor
22.29,48,101060,Indoor
22.29,48,101057,Indoor
22.29,48,101068,Indoor
22.29,48,101060,Indoor
22.29,48,101062,Indoor
22.29,48,101058,Indoor
22.29,48,101060,Indoor
22.29,48,101065,Indoor
22.29,48,101062,Indoor
22.28,48,101056,Indoor
22.28,48,101059,Indoor
22.29,48,101060,Indoor
22.29,48,101060,Indoor
22.29,48,101060,Indoor
22.29,48,101057,Indoor
22.29,48,101051,Indoor
22.28,48,101059,Indoor
22.29,48,101060,Indoor
22.29,48,101054,Indoor
22.29,48,101054,Indoor
22.29,48,101054,Indoor
22.29,48,101065,Indoor
22.29,48,101065,Indoor
22.29,48,101054,Indoor
22.29,48,101051,Indoor
22.29,48,101062,Indoor
22.29,48,101060,Indoor
22.29,48,101062,Indoor
22.28,48,101063,Indoor
22.29,48,101052,Indoor
22.29,48,101060,Indoor
22.29,48,101057,Indoor
22.29,48,101058,Indoor
22.29,48,101060,Indoor
22.3,48,101061,Indoor
22.3,48,101059,Indoor
22.3,48,101056,Indoor
22.28,48,101058,Indoor
22.29,48,101062,Indoor
22.3,48,101056,Indoor
22.29,48,101055,Indoor
22.29,48,101060,Indoor
22.3,48,101053,Indoor
22.3,48,101061,Indoor
22.31,48,101060,Indoor
22.3,48,101057,Indoor
22.3,48,101056,Indoor
22.3,48,101059,Indoor
22.31,48,101060,Indoor
22.31,48,101057,Indoor
22.31,48,101057,Indoor
22.31,48,101049,Indoor
22.31,48,101057,Indoor
22.3,48,101057,Indoor
22.31,48,101057,Indoor
22.31,48,101060,Indoor
22.31,48,101057,Indoor
22.31,48,101063,Indoor
22.31,48,101055,Indoor
22.31,48,101057,Indoor
22.31,48,101057,Indoor
22.32,48,101059,Indoor
22.32,48,101051,Indoor
22.32,48,101060,Indoor
22.32,48,101059,Indoor
22.31,48,101056,Indoor
22.31,48,101052,Indoor
22.31,48,101058,Indoor
22.31,48,101053,Indoor
22.32,48,101054,Indoor
22.3,48,101054,Indoor
22.32,48,101054,Indoor
22.31,48,101055,Indoor
22.32,48,101054,Indoor
22.32,48,101051,Indoor
22.31,48,101046,Indoor
22.32,48,101054,Indoor
22.31,48,101057,Indoor
22.32,48,101051,Indoor
22.32,48,101059,Indoor
22.31,48,101049,Indoor
22.32,48,101059,Indoor
22.32,48,101057,Indoor
22.32,48,101054,Indoor
22.32,48,101048,Indoor
22.31,48,101044,Indoor
22.32,48,101054,Indoor
22.32,48,101054,Indoor
22.31,48,101053,Indoor
22.32,48,101054,Indoor
22.33,48,101058,Indoor
22.31,48,101052,Indoor
22.33,48,101055,Indoor
22.32,48,101052,Indoor
22.33,48,101053,Indoor
22.33,48,101055,Indoor
22.33,48,101053,Indoor
22.32,48,101060,Indoor
22.33,48,101051,Indoor
22.33,48,101050,Indoor
22.33,48,101058,Indoor
22.33,48,101051,Indoor
22.34,48,101052,Indoor
22.34,48,101052,Indoor
22.34,48,101052,Indoor
22.34,48,101052,Indoor
22.34,48,101052,Indoor
22.35,48,101053,Indoor
22.34,48,101055,Indoor
22.34,48,101046,Indoor
22.35,48,101048,Indoor
22.34,48,101058,Indoor
22.35,48,101053,Indoor
22.35,48,101053,Indoor
22.34,48,101052,Indoor
22.34,48,101055,Indoor
22.35,48,101053,Indoor
22.35,48,101053,Indoor
22.34,48,101054,Indoor
22.35,48,101053,Indoor
22.34,48,101052,Indoor
22.35,48,101053,Indoor
22.36,48,101049,Indoor
22.35,48,101059,Indoor
22.34,48,101049,Indoor
22.35,48,101048,Indoor
22.35,48,101053,Indoor
22.36,48,101060,Indoor
22.35,48,101059,Indoor
22.35,48,101053,Indoor
22.35,48,101059,Indoor
22.35,48,101053,Indoor
22.35,48,101057,Indoor
22.35,48,101056,Indoor
22.36,48,101055,Indoor
22.36,48,101049,Indoor
22.36,48,101049,Indoor
22.36,48,101052,Indoor
22.36,48,101049,Indoor
22.37,48,101051,Indoor
22.36,48,101049,Indoor
22.36,48,101049,Indoor
22.35,48,101053,Indoor
22.35,48,101059,Indoor
22.35,48,101053,Indoor
22.35,48,101048,Indoor
22.35,48,101053,Indoor
22.36,48,101055,Indoor
22.36,48,101060,Indoor
22.35,48,101059,Indoor
22.35,48,101053,Indoor
22.35,48,101057,Indoor
22.36,48,101055,Indoor
22.35,48,101054,Indoor
22.36,48,101055,Indoor
22.37,48,101054,Indoor
22.35,48,101050,Indoor
22.36,48,101055,Indoor
22.36,48,101055,Indoor
22.35,48,101048,Indoor
22.35,48,101054,Indoor
22.36,48,101055,Indoor
22.36,48,101055,Indoor
22.37,48,101051,Indoor
22.37,48,101051,Indoor
22.36,48,101049,Indoor
22.36,48,101052,Indoor
22.36,48,101056,Indoor
22.36,48,101049,Indoor
22.35,48,101051,Indoor
22.36,48,101056,Indoor
22.36,48,101058,Indoor
22.36,48,101049,Indoor
22.36,48,101049,Indoor
22.36,48,101053,Indoor
22.36,48,101047,Indoor
22.37,48,101051,Indoor
22.37,48,101051,Indoor
22.37,48,101046,Indoor
22.36,48,101049,Indoor
22.37,48,101051,Indoor
22.36,48,101050,Indoor
22.37,48,101057,Indoor
22.37,48,101051,Indoor
22.36,48,101056,Indoor
22.37,48,101051,Indoor
22.37,48,101057,Indoor
22.37,48,101051,Indoor
22.37,48,101051,Indoor
22.36,48,101050,Indoor
22.37,48,101054,Indoor
22.37,48,101051,Indoor
22.36,48,101050,Indoor
22.37,48,101051,Indoor
22.37,48,101057,Indoor
22.38,48,101056,Indoor
22.38,48,101050,Indoor
22.38,48,101047,Indoor
22.38,48,101050,Indoor
22.38,48,101047,Indoor
22.38,48,101056,Indoor
22.38,48,101047,Indoor
22.38,48,101058,Indoor
22.38,48,101048,Indoor
22.38,48,101053,Indoor
22.39,48,101054,Indoor
22.38,48,101053,Indoor
22.38,48,101053,Indoor
22.38,48,101058,Indoor
22.38,48,101056,Indoor
22.37,48,101046,Indoor
22.38,48,101053,Indoor
22.38,48,101050,Indoor
22.39,48,101054,Indoor
22.38,48,101054,Indoor
22.38,48,101056,Indoor
22.38,48,101050,Indoor
22.38,48,101047,Indoor
22.38,48,101048,Indoor
22.38,48,101053,Indoor
22.39,48,101054,Indoor
22.39,48,101054,Indoor
22.39,48,101054,Indoor
22.39,48,101060,Indoor
22.38,48,101054,Indoor
22.38,48,101053,Indoor
22.39,48,101054,Indoor
22.38,48,101045,Indoor
22.39,48,101050,Indoor
22.39,48,101057,Indoor
22.39,48,101050,Indoor
22.38,48,101047,Indoor
22.4,48,101053,Indoor
22.39,48,101049,Indoor
22.4,48,101062,Indoor
22.39,48,101050,Indoor
22.4,48,101046,Indoor
22.4,48,101056,Indoor
22.4,48,101051,Indoor
22.4,48,101048,Indoor
22.39,48,101049,Indoor
22.4,48,101053,Indoor
22.39,48,101053,Indoor
22.4,48,101051,Indoor
22.39,48,101052,Indoor
22.39,48,101054,Indoor
22.4,48,101051,Indoor
22.39,48,101053,Indoor
22.4,48,101051,Indoor
22.41,48,101052,Indoor
22.4,48,101057,Indoor
22.4,48,101057,Indoor
22.39,48,101055,Indoor
22.41,48,101058,Indoor
22.41,48,101058,Indoor
22.41,48,101058,Indoor
22.4,48,101056,Indoor
22.4,48,101051,Indoor
22.4,48,101051,Indoor
22.41,48,101052,Indoor
22.4,48,101051,Indoor
22.41,48,101050,Indoor
22.4,48,101051,Indoor
22.41,48,101052,Indoor
22.41,48,101052,Indoor
22.41,48,101052,Indoor
22.41,48,101052,Indoor
22.41,48,101041,Indoor
22.41,48,101050,Indoor
22.42,48,101057,Indoor
22.41,48,101052,Indoor
22.41,48,101050,Indoor
22.42,48,101060,Indoor
22.41,48,101052,Indoor
22.42,48,101054,Indoor
22.42,48,101048,Indoor
22.41,48,101052,Indoor
22.41,48,101053,Indoor
22.42,48,101054,Indoor
22.42,48,101051,Indoor
22.42,48,101057,Indoor
22.42,48,101054,Indoor
22.42,48,101054,Indoor
22.41,48,101053,Indoor
22.43,48,101053,Indoor
22.42,48,101054,Indoor
22.42,48,101054,Indoor
22.42,48,101057,Indoor
22.42,48,101048,Indoor
22.41,48,101053,Indoor
22.42,48,101054,Indoor
22.41,48,101047,Indoor
22.41,48,101052,Indoor
22.41,48,101052,Indoor
22.41,48,101048,Indoor
22.41,48,101053,Indoor
22.42,48,101051,Indoor
22.42,48,101054,Indoor
22.41,48,101050,Indoor
22.4,48,101051,Indoor
22.42,48,101057,Indoor
22.42,48,101062,Indoor
22.42,48,101051,Indoor
22.42,48,101054,Indoor
22.42,48,101057,Indoor
22.42,48,101051,Indoor
22.42,48,101060,Indoor
22.42,48,101054,Indoor
22.42,48,101048,Indoor
22.42,48,101054,Indoor
22.42,48,101049,Indoor
22.43,48,101045,Indoor
22.42,48,101049,Indoor
22.42,48,101055,Indoor
22.43,48,101056,Indoor
22.43,48,101056,Indoor
22.43,48,101056,Indoor
22.43,48,101056,Indoor
22.43,48,101053,Indoor
22.43,48,101057,Indoor
22.43,48,101048,Indoor
22.44,48,101046,Indoor
22.43,48,101047,Indoor
22.42,48,101044,Indoor
22.42,48,101048,Indoor
22.43,48,101051,Indoor
22.43,48,101050,Indoor
22.43,48,101053,Indoor
22.42,48,101054,Indoor
22.42,48,101052,Indoor
22.42,48,101055,Indoor
22.43,48,101050,Indoor
22.43,48,101056,Indoor
22.43,48,101053,Indoor
22.42,48,101055,Indoor
22.43,48,101056,Indoor
22.43,48,101048,Indoor
22.43,48,101045,Indoor
22.42,48,101055,Indoor
22.43,48,101061,Indoor
22.43,48,101056,Indoor
22.42,48,101048,Indoor
22.42,48,101049,Indoor
22.43,48,101057,Indoor
22.43,48,101050,Indoor
22.42,48,101049,Indoor
22.43,48,101050,Indoor
22.42,48,101049,Indoor
22.43,48,101059,Indoor
22.43,48,101050,Indoor
22.44,48,101052,Indoor
22.43,48,101053,Indoor
22.43,48,101050,Indoor
22.44,48,101052,Indoor
22.43,48,101048,Indoor
22.43,48,101050,Indoor
22.43,48,101050,Indoor
22.43,48,101047,Indoor
22.43,48,101051,Indoor
22.43,48,101054,Indoor
22.42,48,101044,Indoor
22.42,48,101054,Indoor
22.43,48,101051,Indoor
22.42,48,101043,Indoor
22.43,48,101050,Indoor
22.44,48,101052,Indoor
22.44,48,101052,Indoor
22.44,48,101052,Indoor
22.44,48,101049,Indoor
22.44,48,101046,Indoor
22.44,48,101053,Indoor
22.44,48,101046,Indoor
22.44,48,101057,Indoor
22.44,48,101052,Indoor
22.44,48,101052,Indoor
22.43,48,101057,Indoor
22.44,48,101049,Indoor
22.44,48,101052,Indoor
22.44,48,101049,Indoor
22.44,48,101049,Indoor
22.43,48,101047,Indoor
22.45,48,101048,Indoor
22.44,48,101055,Indoor
22.45,48,101054,Indoor
22.44,48,101046,Indoor
22.44,48,101046,Indoor
22.45,48,101049,Indoor
22.45,48,101054,Indoor
22.44,48,101058,Indoor
22.44,48,101053,Indoor
22.45,48,101056,Indoor
22.45,48,101048,Indoor
22.45,48,101052,Indoor
22.44,48,101047,Indoor
22.45,48,101051,Indoor
22.45,48,101054,Indoor
22.44,48,101047,Indoor
22.45,48,101054,Indoor
22.45,48,101052,Indoor
22.45,48,101054,Indoor
22.44,48,101058,Indoor
22.45,48,101042,Indoor
22.44,48,101052,Indoor
22.45,48,101052,Indoor
22.45,48,101048,Indoor
22.46,48,101055,Indoor
22.46,48,101056,Indoor
22.46,48,101053,Indoor
22.45,48,101046,Indoor
22.47,48,101051,Indoor
22.46,48,101045,Indoor
22.46,48,101056,Indoor
22.46,48,101056,Indoor
22.47,48,101052,Indoor
22.47,48,101052,Indoor
22.47,48,101051,Indoor
22.47,48,101051,Indoor
22.47,48,101054,Indoor
22.47,48,101052,Indoor
22.47,48,101049,Indoor
22.48,48,101053,Indoor
22.48,48,101050,Indoor
22.47,48,101052,Indoor
