temperature,pressure,humidity
22.64,100759,59
22.64,100748,59
22.63,100752,59
22.64,100756,59
22.63,100752,59
22.64,100753,59
22.64,100756,59
22.64,100754,59
22.64,100750,59
22.64,100756,58
22.64,100753,58
22.63,100752,58
22.64,100753,58
22.64,100745,58
22.63,100752,58
22.63,100752,58
22.63,100752,58
22.64,100756,58
22.64,100753,58
22.64,100748,58
22.63,100755,58
22.63,100752,58
22.64,100753,58
22.64,100753,58
22.64,100756,59
22.63,100752,59
22.64,100753,58
22.64,100756,58
22.64,100753,58
22.64,100759,58
22.64,100756,58
22.64,100757,58
22.64,100753,58
22.64,100754,58
22.65,100755,58
22.65,100760,58
22.65,100758,58
22.66,100761,59
22.64,100753,58
22.65,100755,58
22.65,100760,58
22.65,100760,58
22.65,100758,58
22.64,100754,58
22.66,100753,58
22.64,100748,58
22.63,100747,58
22.65,100755,58
22.65,100752,58
22.64,100760,58
22.66,100756,58
22.66,100753,58
22.64,100757,58
22.66,100757,58
22.65,100758,58
22.66,100756,58
22.66,100756,58
22.66,100757,58
22.66,100754,58
22.65,100760,58
22.66,100751,58
22.66,100757,58
22.66,100756,58
22.65,100758,58
22.64,100760,58
22.66,100759,58
22.66,100762,58
22.66,100757,58
22.64,100754,58
22.66,100757,58
22.66,100759,58
22.66,100759,58
22.66,100762,58
22.65,100755,58
22.65,100755,58
22.66,100750,58
22.65,100755,58
22.65,100760,58
22.66,100757,58
22.66,100759,58
22.66,100761,58
22.66,100762,58
22.66,100759,58
22.66,100759,58
22.66,100757,58
22.66,100762,58
22.67,100758,58
22.67,100760,58
22.67,100764,58
22.67,100763,58
22.67,100753,58
22.67,100758,58
22.66,100759,58
22.67,100760,58
22.67,100750,58
22.67,100764,58
22.68,100759,58
22.67,100758,58
22.67,100758,58
22.67,100758,58
22.67,100758,58
22.68,100765,58
22.67,100755,59
22.67,100764,58
22.67,100758,58
22.68,100765,58
22.66,100754,58
22.67,100761,59
22.68,100766,58
22.68,100762,59
22.68,100760,59
22.67,100758,59
22.68,100760,59
22.67,100758,59
22.67,100758,59
22.69,100761,59
22.69,100758,59
22.68,100766,59
22.68,100766,58
22.69,100761,58
22.68,100760,58
22.68,100771,59
22.68,100763,59
22.68,100759,59
21.56,100885,52
21.57,100886,52
21.58,100891,52
21.59,100887,52
21.6,100883,52
21.61,100885,52
21.61,100893,52
21.62,100889,52
21.62,100886,52
21.63,100888,52
21.63,100888,52
21.63,100889,52
21.63,100891,52
21.64,100888,52
21.64,100885,52
21.64,100888,52
21.65,100889,52
21.66,100891,52
21.66,100885,52
21.66,100882,52
21.66,100888,52
21.75,100886,52
21.73,100887,52
21.74,100888,52
21.73,100887,52
21.73,100883,52
21.73,100883,52
21.71,100885,52
21.69,100877,52
21.7,100878,52
21.7,100878,52
21.69,100888,52
21.7,100889,52
21.7,100884,52
21.69,100877,52
21.68,100875,52
21.68,100881,52
21.69,100883,52
21.69,100882,52
21.69,100879,52
21.67,100895,52
21.65,100887,52
21.65,100897,52
21.65,100889,52
21.66,100893,52
21.66,100893,52
21.64,100888,52
21.64,100887,52
21.64,100895,52
21.65,100886,52
21.65,100886,52
21.65,100889,52
21.65,100892,52
21.65,100886,52
21.65,100892,52
21.64,100884,52
21.64,100890,52
21.64,100887,52
21.64,100890,52
21.64,100887,52
21.63,100889,52
21.64,100890,52
21.64,100884,52
21.64,100890,52
21.64,100887,52
21.64,100895,52
21.64,100884,52
21.65,100890,52
21.65,100890,52
21.65,100884,52
21.65,100887,52
21.65,100892,52
21.66,100893,52
21.65,100892,52
21.66,100885,52
21.67,100889,52
21.66,100891,52
21.65,100892,52
21.66,100893,52
21.67,100889,52
21.67,100892,52
21.66,100893,52
21.66,100897,52
21.67,100887,52
21.67,100892,52
21.67,100895,52
21.67,100884,52
21.67,100892,52
21.67,100890,52
21.68,100894,52
21.67,100890,52
21.68,100888,52
21.67,100885,52
21.68,100886,52
21.69,100887,52
21.68,100886,52
21.69,100887,52
21.69,100893,52
21.69,100896,52
21.69,100885,52
21.69,100898,52
21.68,100886,52
21.7,100883,52
21.7,100892,52
21.69,100893,52
21.69,100893,52
21.69,100891,52
21.69,100885,52
21.7,100886,52
21.69,100894,52
21.7,100892,52
21.7,100895,52
21.7,100893,52
21.71,100888,52
21.71,100896,52
21.71,100896,52
21.71,100893,52
21.71,100891,52
21.71,100893,52
21.71,100893,52
21.71,100893,52
21.72,100898,52
21.72,100892,52
21.71,100891,52
21.72,100892,52
21.72,100892,52
21.71,100891,52
21.71,100891,51
21.73,100889,52
21.73,100889,52
21.73,100889,52
21.73,100889,52
21.74,100896,52
21.74,100888,52
21.75,100897,52
21.73,100892,52
21.75,100891,52
21.74,100893,52
21.75,100892,51
21.74,100890,52
21.75,100888,52
21.75,100889,52
21.75,100892,51
21.75,100886,51
21.76,100888,51
21.76,100893,51
21.76,100888,51
21.76,100894,51
21.77,100889,51
21.76,100894,51
21.76,100888,51
21.76,100891,51
21.76,100888,51
21.77,100893,51
21.77,100884,51
21.78,100891,51
21.77,100895,51
21.77,100887,51
21.78,100891,51
21.79,100890,51
21.78,100894,51
21.77,100890,51
21.78,100886,51
21.78,100892,51
21.79,100887,51
21.79,100885,51
21.8,100894,51
21.78,100886,51
21.78,100880,51
21.79,100890,51
21.79,100881,51
21.79,100890,51
21.79,100893,51
21.79,100888,51
21.79,100888,51
21.8,100889,51
21.79,100893,51
21.8,100895,51
21.8,100889,51
21.79,100890,51
21.79,100885,51
21.79,100890,51
21.79,100888,51
21.8,100889,51
21.79,100885,51
21.8,100894,51
21.79,100888,51
21.79,100888,51
21.8,100887,51
21.8,100889,51
21.8,100895,51
21.8,100892,51
21.8,100889,51
21.8,100884,51
21.81,100896,51
21.8,100895,51
21.8,100887,51
21.81,100885,51
21.81,100890,51
21.81,100897,51
21.81,100887,51
21.81,100890,51
21.81,100886,51
21.81,100891,51
21.81,100894,51
21.81,100888,51
21.83,100888,51
21.82,100896,51
21.82,100896,51
21.83,100889,51
21.83,100888,51
21.83,100892,51
21.83,100883,51
21.83,100892,51
21.84,100891,51
21.83,100889,51
21.86,100885,51
21.84,100885,51
21.86,100894,51
21.85,100892,51
21.85,100887,51
21.85,100884,51
21.85,100884,51
21.85,100887,51
21.87,100889,51
21.86,100889,51
21.86,100888,51
21.87,100890,51
21.87,100896,51
21.87,100896,51
21.87,100885,51
21.88,100886,51
21.88,100888,51
21.88,100886,51
21.88,100886,51
21.88,100892,51
21.88,100886,51
21.88,100889,51
21.89,100887,51
21.89,100894,51
21.89,100887,51
21.9,100884,51
21.9,100889,51
21.9,100887,51
21.9,100890,51
21.9,100887,51
21.9,100887,51
21.9,100890,51
21.9,100887,51
21.9,100890,51
21.9,100887,51
21.91,100891,51
21.9,100890,51
21.91,100882,51
21.9,100884,51
21.91,100893,51
21.9,100881,51
21.92,100890,51
21.91,100891,51
21.92,100887,51
21.92,100892,51
21.92,100892,51
21.92,100881,51
21.93,100892,51
21.92,100890,51
21.92,100893,51
21.92,100882,51
21.93,100887,51
21.93,100892,51
21.93,100886,51
21.93,100884,51
21.94,100885,51
21.93,100892,51
21.93,100887,51
21.93,100884,51
21.94,100885,51
21.93,100889,51
21.94,100886,51
21.94,100887,51
21.94,100891,51
21.95,100893,51
21.94,100886,51
21.95,100893,51
21.94,100886,51
21.95,100893,51
21.94,100886,51
21.95,100893,51
21.95,100887,51
21.95,100887,51
21.95,100890,51
21.95,100884,51
21.96,100889,51
21.95,100893,51
21.96,100883,51
21.97,100890,51
21.96,100888,51
21.97,100890,51
21.96,100889,51
21.96,100886,51
21.97,100887,51
21.96,100883,51
21.95,100879,51
21.98,100894,51
21.96,100889,51
21.97,100891,51
21.97,100891,51
21.97,100885,51
21.97,100893,51
21.97,100885,51
21.98,100891,51
21.97,100885,51
21.98,100887,51
21.97,100885,51
21.98,100891,51
21.98,100886,51
21.98,100887,51
21.97,100891,51
21.98,100880,51
21.97,100888,51
21.98,100887,51
21.98,100891,51
21.99,100888,51
21.98,100892,51
21.97,100885,51
21.98,100892,51
21.98,100889,51
21.98,100891,51
21.97,100885,51
21.99,100886,51
21.98,100892,51
21.98,100890,51
21.98,100887,51
21.99,100893,51
21.99,100886,51
21.99,100888,51
21.99,100882,51
21.99,100897,51
22,100890,51
22,100896,51
22,100892,51
22,100893,51
22,100889,51
21.99,100888,51
21.99,100883,51
22,100893,51
22,100890,51
22,100887,51
22,100893,51
22,100885,51
22.01,100885,51
22.01,100885,51
22,100892,51
22,100890,51
22,100884,51
22,100884,51
22.01,100895,51
22.01,100891,51
22.01,100885,51
22,100896,51
22,100885,51
22.01,100885,51
22,100885,51
22,100893,51
22,100885,51
22,100896,51
22.01,100885,51
22.02,100896,51
22.02,100894,51
22.02,100887,51
22,100890,51
22.02,100894,51
22.02,100891,51
22.02,100894,51
22.02,100885,51
22.03,100892,51
22.03,100890,51
22.03,100887,51
22.03,100889,51
22.03,100884,51
22.04,100897,51
22.04,100886,51
22.03,100883,51
22.04,100886,51
22.04,100891,50
22.04,100891,50
22.04,100889,50
22.04,100891,50
22.03,100887,50
22.05,100893,50
22.04,100897,50
22.04,100891,50
22.05,100890,50
22.04,100891,50
22.04,100886,50
22.05,100899,50
22.05,100885,50
22.05,100888,50
22.05,100888,50
22.06,100895,50
22.05,100888,50
22.06,100894,50
22.06,100888,50
22.06,100894,50
22.06,100889,50
22.06,100889,50
22.06,100889,50
22.07,100891,50
22.07,100897,50
22.06,100884,50
22.07,100891,50
22.06,100892,50
22.07,100885,50
22.06,100884,50
22.08,100892,50
22.08,100892,50
22.08,100893,50
22.07,100883,50
22.07,100887,50
22.09,100894,50
22.1,100901,50
22.08,100887,50
22.09,100889,50
22.09,100882,50
22.09,100885,50
22.09,100892,50
22.1,100891,50
22.1,100888,50
22.09,100883,50
22.1,100891,50
22.1,100891,50
22.1,100891,50
22.1,100890,50
22.1,100892,50
22.1,100891,50
22.11,100895,50
22.1,100891,50
22.11,100891,50
22.11,100887,50
22.12,100894,50
22.12,100891,50
22.12,100891,50
22.12,100888,50
22.12,100888,50
22.12,100888,50
22.12,100888,50
22.13,100890,50
22.13,100896,50
22.12,100888,50
22.13,100890,50
22.13,100895,50
22.13,100898,50
22.13,100893,50
22.13,100892,50
22.13,100898,50
22.14,100886,50
22.13,100896,50
22.14,100891,50
22.15,100882,50
22.15,100893,50
22.14,100892,50
22.14,100889,50
22.14,100892,50
22.14,100886,50
22.15,100893,50
22.15,100893,50
22.15,100888,50
22.16,100892,50
22.16,100892,50
22.15,100891,50
22.18,100891,50
22.16,100890,50
22.18,100897,50
22.17,100891,50
22.18,100897,50
22.18,100895,50
22.18,100889,50
22.18,100898,50
22.18,100896,50
22.18,100893,50
22.19,100897,50
22.18,100887,50
22.18,100887,50
22.18,100893,50
22.19,100894,50
22.2,100895,50
22.2,100892,50
22.2,100895,50
22.21,100896,50
22.21,100894,50
22.21,100899,50
22.21,100896,50
22.2,100893,50
22.2,100893,50
22.21,100896,50
22.21,100891,50
22.2,100890,50
22.21,100895,50
22.21,100896,50
22.22,100893,50
22.22,100895,50
22.22,100893,50
22.21,100896,50
22.22,100893,50
22.21,100886,50
22.22,100893,50
22.22,100893,50
22.22,100893,50
22.22,100893,50
22.22,100893,50
22.22,100895,50
22.22,100887,50
22.22,100893,50
22.23,100892,50
22.23,100890,50
22.23,100894,50
22.23,100897,50
22.22,100891,50
22.23,100894,50
22.24,100893,50
22.23,100890,50
22.22,100891,50
22.24,100896,50
22.24,100896,50
22.25,100898,50
22.24,100890,50
22.24,100890,50
22.25,100887,50
22.24,100890,50
22.25,100895,50
22.25,100895,50
22.25,100898,50
22.26,100888,50
22.25,100884,50
22.26,100894,50
22.25,100896,50
22.26,100894,50
22.26,100894,50
22.26,100891,50
22.26,100895,50
22.26,100894,50
22.26,100900,50
22.27,100902,50
22.27,100896,50
22.27,100896,50
22.26,100891,50
22.27,100890,50
22.27,100890,50
22.27,100893,50
22.26,100889,50
22.27,100896,50
22.27,100890,50
22.27,100893,50
22.27,100896,50
22.27,100891,50
22.27,100890,50
22.27,100890,50
22.27,100896,50
22.27,100890,50
22.28,100900,50
22.27,100896,50
22.27,100898,50
22.28,100886,50
22.27,100890,50
22.28,100886,50
22.28,100895,50
22.28,100887,50
22.29,100893,50
22.29,100891,50
22.3,100895,50
22.3,100895,50
22.28,100894,50
22.29,100899,50
22.29,100893,50
22.29,100893,50
22.29,100894,50
22.29,100889,50
22.29,100899,50
22.28,100893,50
22.3,100890,50
22.29,100894,50
22.3,100892,50
22.3,100901,50
22.3,100901,50
22.3,100890,50
22.3,100890,50
22.3,100887,50
22.31,100900,50
22.3,100890,50
22.3,100892,50
22.32,100896,50
22.31,100897,50
22.31,100894,50
22.31,100895,50
22.32,100901,50
22.31,100894,50
22.32,100896,50
22.31,100900,50
22.31,100897,50
22.32,100898,50
22.32,100896,50
22.32,100898,50
22.32,100901,50
22.32,100894,50
22.33,100900,50
22.32,100893,50
22.32,100893,50
22.32,100896,50
22.33,100897,50
22.32,100898,50
22.33,100895,50
22.32,100893,50
22.32,100893,50
22.33,100896,50
22.33,100895,50
22.33,100895,50
22.33,100897,50
22.33,100895,50
22.34,100902,50
22.34,100896,50
22.34,100896,50
22.34,100896,50
22.34,100899,50
22.35,100901,50
22.34,100896,50
22.34,100899,50
22.34,100903,50
22.33,100896,50
22.34,100897,50
22.34,100894,50
22.34,100897,50
22.35,100898,50
22.35,100893,50
22.35,100898,50
22.35,100896,50
22.36,100897,50
22.35,100895,50
22.35,100893,50
22.35,100898,50
22.35,100893,50
22.36,100900,50
22.35,100898,50
22.35,100893,50
22.35,100893,50
22.35,100899,50
22.36,100894,50
22.35,100895,50
22.35,100902,50
22.36,100894,50
22.36,100901,50
22.36,100900,50
22.37,100893,50
22.35,100904,50
22.36,100895,50
22.37,100904,50
22.36,100900,50
22.36,100900,50
22.36,100900,50
22.37,100901,50
22.37,100904,50
22.36,100900,50
22.37,100896,50
22.37,100902,50
22.37,100901,50
22.37,100901,50
22.37,100907,50
22.37,100901,50
22.36,100894,50
22.37,100901,50
22.37,100896,50
22.37,100902,50
22.37,100907,50
22.37,100899,50
22.37,100894,50
22.36,100894,50
22.37,100901,50
22.37,100902,50
22.38,100898,50
22.37,100905,50
22.37,100901,50
22.37,100896,50
22.38,100898,50
22.37,100902,50
22.37,100901,50
22.37,100899,50
22.37,100896,50
22.37,100902,50
22.37,100901,50
22.37,100902,50
22.37,100900,50
22.37,100899,50
22.38,100900,50
22.37,100897,50
22.38,100903,50
22.38,100898,50
22.38,100901,50
22.37,100897,50
22.39,100903,50
22.38,100889,50
22.38,100900,50
22.39,100897,50
22.39,100894,50
22.39,100894,49
22.39,100902,49
22.39,100905,49
22.39,100908,49
22.38,100893,49
22.39,100906,49
22.39,100905,49
22.39,100899,49
22.4,100904,49
22.39,100899,49
22.39,100900,49
22.39,100899,49
22.39,100908,49
22.4,100901,49
22.4,100901,49
22.4,100901,49
22.4,100902,49
22.4,100901,49
22.4,100904,49
22.4,100898,49
22.41,100903,49
22.39,100899,49
22.4,100905,49
22.4,100907,49
22.4,100902,49
22.4,100901,49
22.41,100900,49
22.4,100901,49
22.41,100903,49
22.41,100903,49
22.4,100907,49
22.41,100909,49
22.41,100903,49
22.42,100904,49
22.41,100903,49
22.41,100903,49
22.42,100907,49
22.41,100901,49
22.41,100903,49
22.42,100899,49
22.41,100905,49
22.41,100898,49
22.41,100906,49
22.42,100904,49
22.43,100906,49
22.42,100899,49
22.42,100905,49
22.42,100904,49
22.43,100906,49
22.42,100900,49
22.42,100902,49
22.42,100905,49
22.43,100901,49
22.43,100901,49
22.43,100903,49
22.43,100898,49
22.43,100903,49
22.43,100906,49
22.43,100903,49
22.43,100901,49
22.43,100901,49
22.43,100901,49
22.44,100902,49
22.44,100897,49
22.44,100905,49
22.44,100902,49
22.43,100901,49
22.43,100896,49
22.44,100902,49
22.43,100906,49
22.44,100908,49
22.43,100903,49
22.44,100902,49
22.44,100906,49
22.45,100904,49
22.44,100906,49
22.45,100901,49
22.44,100902,49
22.44,100898,49
22.45,100904,49
22.44,100909,49
22.44,100900,49
22.46,100906,49
22.44,100903,49
22.45,100904,49
22.45,100909,49
22.45,100904,49
22.46,100906,49
22.45,100896,49
22.45,100905,49
22.46,100897,49
22.46,100911,49
22.46,100908,49
22.46,100900,49
22.46,100906,49
22.45,100905,49
22.46,100911,49
22.46,100904,49
22.45,100905,49
22.46,100906,49
22.46,100900,49
22.46,100903,49
22.45,100902,49
22.46,100900,49
22.47,100899,49
22.46,100906,49
22.46,100901,49
22.47,100902,49
22.47,100903,49
22.46,100904,49
22.46,100903,49
22.47,100907,49
22.46,100906,49
22.47,100902,49
22.47,100902,49
22.48,100903,49
22.47,100897,49
22.48,100909,49
22.47,100905,49
22.48,100903,49
22.48,100901,49
22.48,100901,49
22.48,100906,49
22.48,100909,49
22.48,100909,49
22.48,100903,49
22.47,100900,49
22.48,100898,49
22.48,100909,49
22.49,100900,49
22.49,100906,49
22.49,100902,49
22.49,100905,49
22.48,100901,49
22.5,100901,49
22.49,100902,49
22.49,100900,49
22.49,100900,49
22.49,100905,49
22.49,100902,49
22.49,100900,49
22.49,100905,49
22.5,100907,49
22.5,100907,49
22.51,100909,49
22.5,100904,49
22.5,100907,49
22.51,100903,49
22.5,100904,49
22.51,100903,49
22.5,100912,49
22.5,100896,49
22.5,100901,49
22.51,100900,49
22.51,100909,49
22.5,100908,49
22.5,100907,49
22.5,100905,49
22.51,100906,49
22.5,100908,49
22.51,100900,49
22.5,100905,49
22.51,100900,49
22.51,100909,49
22.5,100905,49
22.51,100911,49
22.51,100909,49
22.51,100909,49
22.52,100905,49
22.51,100911,49
22.52,100908,49
22.52,100905,49
22.52,100910,49
22.52,100905,49
22.52,100905,49
22.51,100907,49
22.52,100906,49
22.52,100899,49
22.52,100908,49
22.52,100905,49
22.52,100905,49
22.53,100904,49
22.52,100906,49
22.53,100904,49
22.52,100906,49
22.52,100905,49
22.52,100902,49
22.52,100911,49
22.53,100907,49
22.52,100906,49
22.54,100903,49
22.53,100899,49
22.53,100906,49
22.53,100904,49
22.54,100916,49
22.53,100907,49
22.53,100909,49
22.53,100906,49
22.53,100895,49
22.53,100907,49
22.54,100903,49
22.53,100905,49
22.53,100902,49
22.54,100908,49
22.54,100908,49
22.54,100908,49
22.53,100902,49
22.55,100902,49
22.54,100905,49
22.54,100908,49
22.53,100898,49
22.54,100908,49
22.54,100903,49
22.53,100902,49
22.54,100908,49
22.53,100906,49
22.54,100905,49
22.54,100912,49
22.53,100902,49
22.54,100909,49
22.54,100900,49
22.54,100905,49
22.54,100903,49
22.54,100909,49
22.55,100913,49
22.55,100904,49
22.54,100903,49
22.54,100909,49
22.55,100913,49
22.55,100910,49
22.54,100903,49
22.55,100907,49
22.56,100906,49
22.56,100903,49
22.55,100905,49
22.56,100903,49
22.56,100898,49
22.57,100905,49
22.57,100908,49
22.55,100905,49
22.56,100907,49
22.56,100906,49
22.56,100903,49
22.56,100910,49
22.56,100907,49
22.56,100899,49
22.57,100908,49
22.57,100908,49
22.57,100902,49
22.57,100910,49
22.57,100910,49
22.57,100909,49
22.56,100907,49
22.57,100909,49
22.57,100908,49
22.56,100910,49
22.57,100906,49
22.58,100910,49
22.56,100904,49
22.56,100906,49
22.57,100913,49
22.57,100914,49
22.58,100915,49
22.57,100908,49
22.58,100909,49
22.57,100906,49
22.58,100905,49
22.58,100909,49
22.58,100904,49
22.58,100909,49
22.58,100910,49
22.58,100910,49
22.58,100904,49
22.57,100914,49
22.58,100909,49
22.58,100910,49
22.58,100910,49
22.58,100910,49
22.58,100907,49
22.59,100903,49
22.57,100897,49
22.56,100898,49
22.52,100894,49
22.52,100899,49
22.5,100901,48
22.48,100903,48
22.46,100898,48
22.45,100898,48
22.43,100899,48
22.4,100894,48
22.4,100902,49
22.38,100904,49
22.37,100904,49
22.36,100905,49
22.35,100912,49
22.33,100906,49
22.33,100917,49
22.3,100918,49
22.31,100916,50
22.29,100921,50
22.29,100929,50
22.28,100930,49
22.29,100929,50
22.26,100933,50
22.26,100933,50
22.26,100935,50
22.25,100936,50
22.24,100935,50
22.23,100933,50
22.24,100935,50
22.24,100933,50
22.24,100938,50
22.24,100938,50
22.24,100932,50
22.25,100936,50
22.25,100925,50
22.26,100933,50
22.26,100933,50
22.28,100928,50
22.29,100936,51
22.28,100936,51
22.27,100937,51
22.25,100936,51
22.23,100939,51
22.2,100939,50
22.21,100936,50
22.21,100942,50
22.21,100931,50
22.21,100941,50
22.2,100939,50
22.21,100939,50
22.21,100942,50
22.21,100936,50
22.23,100941,50
22.23,100942,50
22.22,100937,50
22.22,100942,50
22.21,100942,50
22.23,100939,50
22.24,100940,50
22.23,100942,50
22.24,100940,50
22.24,100940,50
22.25,100934,50
22.24,100944,50
22.25,100936,50
22.24,100932,50
22.24,100941,50
22.25,100942,50
22.25,100939,50
22.25,100939,50
22.24,100938,50
22.26,100944,50
22.26,100938,50
22.26,100933,50
22.27,100940,50
22.27,100940,50
22.26,100935,50
22.27,100937,50
22.28,100942,50
22.26,100933,50
22.28,100939,50
22.27,100941,50
22.27,100940,50
22.28,100933,50
22.29,100940,50
22.28,100937,50
22.3,100945,50
22.29,100943,50
22.3,100942,50
22.31,100947,50
22.3,100939,50
22.31,100941,50
22.3,100939,50
22.31,100942,50
22.31,100936,50
22.31,100938,50
22.31,100936,50
22.33,100939,50
22.33,100939,50
22.33,100939,49
22.33,100939,49
22.33,100940,49
22.33,100936,49
22.32,100937,49
22.31,100942,49
22.32,100937,49
22.31,100941,49
22.31,100936,49
22.32,100943,49
22.31,100938,49
22.31,100948,49
22.31,100942,49
22.32,100937,49
22.32,100937,49
22.31,100936,49
22.31,100942,49
22.31,100941,49
22.31,100936,49
22.3,100938,49
22.3,100939,49
22.3,100945,49
22.3,100934,49
22.3,100937,49
22.29,100949,49
22.28,100937,49
22.28,100937,49
22.28,100947,49
22.27,100941,49
22.27,100945,50
22.27,100941,49
22.26,100939,49
22.27,100940,49
22.26,100944,49
22.26,100944,49
22.26,100941,50
22.25,100942,50
22.24,100946,50
22.25,100946,50
22.24,100938,50
22.24,100946,50
22.23,100939,50
22.24,100940,50
22.23,100939,50
22.24,100940,50
22.23,100942,50
22.23,100939,50
22.24,100946,50
22.23,100941,50
22.24,100936,50
22.26,100949,50
22.26,100944,50
22.26,100944,50
22.25,100942,50
22.25,100942,50
22.25,100942,50
22.25,100937,50
22.25,100939,50
22.25,100943,50
22.25,100942,50
22.25,100945,50
22.25,100943,50
22.27,100940,50
22.27,100945,50
22.27,100945,50
22.26,100946,50
22.25,100943,50
22.25,100948,50
22.26,100944,50
22.25,100948,50
22.25,100936,50
22.25,100945,50
22.25,100948,50
22.24,100936,50
22.24,100951,50
22.24,100946,50
22.24,100946,50
22.22,100943,50
22.24,100946,50
22.23,100951,50
22.24,100940,50
22.24,100943,50
22.22,100941,50
22.22,100946,50
22.22,100942,50
22.23,100951,50
22.22,100948,50
22.22,100937,50
22.23,100941,50
22.23,100942,50
22.23,100944,50
22.23,100945,50
22.22,100942,50
22.22,100943,50
22.23,100944,50
22.22,100945,50
22.22,100948,50
22.22,100942,50
22.22,100940,50
22.21,100944,50
22.21,100952,50
22.2,100942,50
22.21,100944,50
22.21,100953,50
22.21,100936,50
22.23,100956,50
22.22,100948,50
22.22,100943,50
22.22,100943,50
22.23,100941,50
22.22,100942,50
22.22,100948,50
22.22,100948,50
22.22,100940,50
22.22,100948,50
22.22,100945,50
22.21,100941,50
22.21,100942,50
22.21,100944,50
22.22,100941,50
22.2,100940,50
22.21,100952,50
22.21,100941,50
22.21,100944,50
22.2,100940,50
22.21,100952,50
22.21,100941,50
22.2,100943,50
22.21,100946,50
22.21,100938,50
22.21,100938,50
22.2,100945,50
22.2,100951,50
22.21,100952,50
22.22,100945,50
22.21,100935,50
22.22,100948,50
22.21,100944,50
22.2,100945,50
22.21,100944,50
22.21,100944,50
22.21,100941,50
22.21,100946,50
22.22,100948,50
22.21,100952,50
22.21,100944,50
22.21,100946,50
22.21,100942,50
22.21,100944,50
22.22,100948,50
22.21,100947,50
22.22,100942,50
22.2,100951,50
22.21,100952,50
22.2,100943,50
22.2,100945,50
22.2,100942,50
22.21,100941,50
22.21,100952,50
22.21,100941,50
22.21,100946,50
22.2,100945,50
22.21,100946,50
22.2,100940,50
22.2,100950,50
22.2,100945,50
22.18,100943,50
22.2,100945,50
22.2,100945,50
22.19,100944,50
22.21,100941,50
22.2,100940,50
22.22,100954,50
22.21,100942,50
22.21,100941,50
22.22,100942,50
22.22,100948,50
22.23,100947,50
22.22,100943,50
22.23,100944,50
22.23,100950,50
22.24,100946,50
22.24,100949,50
22.25,100948,50
22.25,100945,50
22.25,100953,50
22.25,100942,50
22.26,100944,50
22.27,100945,50
22.26,100946,50
22.26,100944,50
22.26,100952,50
22.26,100942,50
22.26,100945,50
22.25,100946,50
22.27,100945,50
22.27,100945,50
22.27,100951,50
22.27,100946,50
22.28,100942,50
22.27,100941,50
22.27,100951,50
22.28,100945,50
22.28,100939,50
22.28,100948,50
22.29,100943,50
22.28,100940,50
22.28,100942,50
22.28,100944,50
22.29,100949,50
22.29,100949,50
22.3,100948,50
22.29,100944,50
22.29,100946,50
22.29,100949,50
22.28,100947,50
22.28,100944,50
22.28,100942,50
22.28,100944,50
22.29,100940,50
22.28,100944,50
22.29,100944,50
22.28,100942,50
22.28,100942,50
22.28,100947,50
22.28,100942,50
22.26,100945,50
22.28,100942,50
22.27,100945,50
22.27,100943,50
22.27,100945,50
22.26,100938,50
22.27,100945,50
22.27,100945,50
22.26,100945,50
22.26,100938,50
22.27,100945,50
22.25,100945,50
22.25,100943,50
22.25,100946,50
22.26,100944,50
22.24,100940,50
22.24,100946,50
22.25,100948,50
22.24,100947,50
22.24,100947,50
22.24,100941,50
22.24,100947,50
22.24,100940,50
22.23,100939,50
22.23,100947,50
22.24,100946,50
22.23,100945,50
22.24,100947,50
22.23,100951,50
22.24,100940,50
22.23,100944,50
22.23,100944,50
22.24,100949,50
22.24,100941,50
22.24,100947,50
22.24,100951,50
22.24,100944,50
22.25,100950,50
22.24,100940,50
22.25,100948,50
22.26,100938,50
22.25,100943,50
22.26,100944,50
22.26,100949,50
22.25,100945,50
22.25,100948,50
22.25,100948,50
22.25,100950,50
22.24,100944,50
22.25,100948,50
22.24,100943,50
22.25,100942,50
22.24,100940,50
22.24,100947,50
22.23,100945,50
22.24,100940,50
22.23,100945,50
22.24,100940,50
22.24,100940,50
22.24,100943,50
22.24,100940,50
22.24,100946,50
22.22,100940,50
22.22,100938,50
22.22,100943,50
22.22,100948,50
22.22,100945,50
22.22,100942,50
22.22,100942,50
22.22,100942,50
22.22,100942,50
22.22,100940,50
22.22,100942,50
22.23,100944,50
22.22,100942,50
22.21,100939,50
22.21,100946,50
22.22,100943,50
22.22,100946,50
22.23,100947,50
22.23,100942,50
22.24,100951,50
22.24,100951,50
22.24,100947,50
22.24,100949,50
22.24,100944,50
22.24,100947,50
22.24,100941,50
22.25,100939,50
22.25,100948,50
22.25,100948,50
22.25,100939,50
22.24,100947,50
22.25,100942,50
22.25,100945,50
22.24,100946,50
22.24,100940,50
22.23,100939,50
22.24,100946,50
22.24,100940,50
22.23,100951,50
22.22,100941,50
22.22,100945,50
22.23,100939,50
22.22,100942,50
22.22,100942,50
22.22,100948,50
22.21,100941,50
22.21,100946,50
22.22,100942,50
22.21,100952,50
22.21,100946,50
22.2,100942,50
22.2,100939,50
22.18,100948,50
22.18,100942,50
22.18,100943,50
22.2,100945,50
22.18,100938,50
22.18,100941,50
22.18,100950,50
22.18,100941,50
22.18,100943,50
22.18,100937,50
22.2,100939,50
22.19,100944,50
22.21,100941,50
22.2,100943,50
22.2,100942,50
22.2,100939,50
22.21,100946,50
22.21,100946,50
22.21,100941,50
22.21,100941,50
22.21,100941,50
22.22,100942,50
22.22,100937,50
22.22,100943,50
22.23,100950,50
22.23,100944,50
22.22,100942,50
22.22,100949,50
22.22,100945,50
22.21,100939,50
22.22,100942,50
22.21,100938,50
22.22,100940,50
22.21,100944,50
22.21,100946,50
22.2,100945,50
22.21,100946,50
22.2,100942,50
22.2,100945,50
22.21,100944,50
22.2,100939,50
22.19,100941,50
22.18,100948,50
22.18,100948,50
22.19,100944,50
22.18,100948,50
22.18,100942,50
22.18,100937,50
22.18,100947,50
22.18,100948,50
22.18,100948,50
22.18,100950,50
22.18,100938,50
22.18,100947,50
22.18,100948,50
22.18,100948,50
22.18,100943,50
22.18,100942,50
22.18,100942,50
22.18,100943,50
22.18,100941,50
22.18,100951,50
22.18,100947,50
22.18,100948,50
22.18,100941,50
22.18,100941,50
22.18,100947,50
22.18,100942,50
22.18,100951,50
22.16,100945,50
22.18,100941,50
22.17,100951,50
22.18,100947,50
22.18,100947,50
22.16,100945,50
22.17,100949,50
22.15,100938,50
22.16,100945,50
22.16,100951,50
22.15,100948,50
22.16,100945,50
22.14,100942,50
22.15,100938,50
22.16,100945,50
22.15,100943,50
22.14,100944,50
22.17,100946,50
22.14,100931,50
22.15,100942,50
22.14,100942,50
22.14,100941,50
22.14,100950,50
22.14,100942,50
22.13,100945,50
22.13,100945,50
22.13,100945,50
22.13,100939,50
22.14,100941,50
22.13,100943,50
22.13,100948,50
22.13,100945,50
22.12,100944,50
22.12,100949,50
22.13,100939,50
22.13,100945,50
22.13,100948,50
22.14,100952,50
22.13,100943,50
22.13,100951,50
22.14,100944,50
22.14,100946,50
22.13,100945,50
22.13,100943,50
22.13,100945,50
22.12,100944,50
22.12,100938,50
22.13,100945,50
22.13,100945,50
22.12,100944,50
22.12,100944,50
22.12,100947,50
22.13,100948,50
22.12,100944,50
22.13,100947,50
22.13,100948,50
22.13,100943,50
22.13,100942,50
22.13,100945,50
22.12,100948,50
22.13,100948,50
22.11,100939,50
22.13,100940,50
22.12,100944,50
22.12,100941,50
22.13,100950,50
22.13,100943,50
22.13,100945,50
22.13,100948,50
22.13,100940,50
22.13,100945,50
22.13,100950,50
22.14,100946,50
22.14,100946,50
22.13,100940,50
22.13,100940,50
22.14,100953,50
22.16,100951,50
22.12,100947,50
22.14,100947,50
22.13,100940,50
22.13,100951,50
22.13,100945,50
22.13,100940,50
22.13,100948,50
22.13,100945,50
22.13,100945,50
22.13,100945,50
22.13,100945,50
22.13,100943,50
22.12,100944,50
22.13,100945,50
22.12,100940,50
22.13,100945,50
22.12,100949,50
22.12,100949,50
22.12,100943,50
22.1,100943,50
22.11,100942,50
22.11,100948,50
22.11,100942,50
22.11,100942,50
22.12,100947,50
22.11,100948,50
22.11,100945,50
22.11,100948,50
22.1,100946,50
22.11,100941,50
22.11,100947,50
22.1,100940,50
22.11,100945,50
22.11,100947,50
22.1,100951,50
22.11,100948,50
22.11,100948,50
22.1,100946,50
22.11,100941,50
22.09,100944,50
22.1,100946,50
22.1,100949,50
22.1,100946,50
22.1,100946,50
22.1,100943,50
22.1,100951,50
22.1,100940,50
22.11,100947,50
22.1,100945,50
22.11,100948,50
22.09,100944,50
22.09,100944,50
22.1,100940,50
22.1,100946,50
22.1,100946,50
22.1,100951,50
22.09,100947,50
22.1,100943,50
22.11,100947,50
22.09,100944,50
22.11,100947,50
22.11,100944,50
22.1,100943,50
22.11,100942,50
22.11,100947,50
22.11,100942,50
22.11,100945,50
22.12,100952,50
22.13,100945,50
22.12,100948,50
22.13,100945,50
22.13,100945,50
22.12,100947,50
22.12,100949,50
22.11,100950,50
22.13,100945,50
22.13,100950,50
22.13,100945,50
22.13,100950,50
22.12,100944,50
22.12,100944,50
22.12,100949,50
22.12,100948,50
22.12,100949,50
22.13,100950,50
22.13,100953,50
22.12,100949,50
22.12,100949,50
22.12,100949,50
22.12,100949,50
22.13,100950,50
22.12,100949,50
22.12,100940,50
22.12,100946,50
22.11,100953,50
22.12,100944,50
22.11,100948,50
22.11,100948,50
22.1,100946,50
22.1,100946,50
22.11,100948,50
22.1,100943,50
22.1,100946,50
22.1,100951,50
22.11,100948,50
22.11,100950,50
22.1,100946,50
22.1,100946,50
22.1,100951,50
22.1,100951,50
22.11,100947,50
22.1,100943,50
22.11,100942,50
22.09,100950,50
22.11,100947,50
22.11,100945,50
22.11,100948,50
22.1,100949,50
22.11,100953,50
22.11,100945,50
22.12,100943,50
22.13,100945,50
22.12,100944,50
22.12,100947,50
22.12,100949,50
22.11,100942,50
22.12,100949,50
22.13,100948,50
22.11,100941,50
22.12,100949,50
22.12,100947,50
22.12,100944,50
22.13,100950,50
22.13,100950,50
22.13,100947,50
22.13,100951,50
22.12,100947,50
22.13,100943,50
22.13,100950,50
22.13,100943,50
22.13,100940,50
22.12,100947,50
22.13,100951,50
22.13,100945,50
22.13,100945,50
22.12,100938,50
22.12,100949,50
22.12,100943,50
22.11,100950,50
22.12,100949,50
22.12,100952,50
22.12,100943,50
22.12,100948,50
22.11,100948,50
22.11,100948,50
22.12,100944,50
22.12,100944,50
22.14,100941,50
22.14,100952,50
22.14,100953,50
22.13,100951,50
22.13,100951,50
22.13,100947,50
22.13,100940,50
22.13,100945,50
22.14,100946,50
22.12,100943,50
22.11,100942,50
22.12,100949,50
22.11,100947,50
22.12,100949,50
22.12,100948,50
22.1,100949,50
22.1,100946,50
22.11,100948,50
22.11,100948,50
22.11,100942,50
22.12,100949,50
22.13,100945,50
22.11,100937,50
22.12,100949,50
22.11,100945,50
22.11,100947,50
22.11,100953,50
22.1,100951,50
22.11,100947,50
22.11,100941,50
22.11,100948,50
22.1,100946,50
22.11,100948,50
22.1,100946,50
22.1,100949,50
22.1,100951,50
22.11,100942,50
22.11,100952,50
22.12,100949,50
22.12,100947,50
22.12,100947,50
22.12,100949,50
22.12,100949,50
22.13,100957,50
22.12,100952,50
22.13,100947,50
22.11,100950,50
22.13,100950,50
22.12,100937,50
22.12,100948,50
22.11,100945,50
22.11,100948,50
22.12,100948,50
22.11,100945,50
22.12,100949,50
22.12,100947,50
22.12,100954,50
22.11,100953,50
22.12,100949,50
22.12,100944,50
22.12,100946,50
22.11,100948,50
22.11,100948,50
22.1,100945,50
22.1,100946,50
22.1,100949,50
22.09,100947,50
22.1,100948,50
22.09,100947,50
22.1,100951,50
22.1,100946,50
22.1,100951,50
22.1,100946,50
22.1,100951,50
22.1,100945,50
22.1,100943,50
22.11,100948,50
22.1,100945,50
22.09,100947,50
22.1,100951,50
22.09,100950,50
22.09,100944,50
22.08,100945,50
22.08,100948,50
22.08,100945,50
22.08,100948,50
22.08,100945,50
22.07,100946,50
22.07,100952,50
22.07,100946,50
22.07,100946,50
22.07,100949,50
22.05,100943,50
22.06,100956,50
22.06,100952,50
22.06,100950,50
22.06,100949,50
22.05,100949,50
22.06,100950,50
22.05,100946,50
22.04,100958,50
22.04,100946,50
22.05,100954,50
22.05,100949,50
22.05,100949,50
22.05,100953,50
22.05,100943,50
22.05,100953,50
22.04,100941,50
22.04,100949,50
22.04,100955,50
22.03,100951,50
22.03,100951,50
22.03,100950,50
22.02,100949,50
22.03,100948,50
22.03,100955,50
22.02,100949,50
22.01,100946,50
22.02,100954,50
22.01,100953,50
22.02,100956,50
22.01,100953,50
22.01,100947,50
22.01,100953,50
22.02,100949,50
22.01,100947,50
22.01,100949,50
22.01,100947,50
22,100951,50
22.02,100948,50
22.02,100948,50
22.01,100950,50
22,100946,50
22,100946,50
22,100946,50
22,100951,50
21.99,100944,50
21.99,100949,50
21.99,100952,50
21.99,100949,50
21.99,100944,50
21.99,100949,50
21.99,100952,50
21.99,100944,50
21.99,100954,50
21.99,100957,50
21.99,100955,50
21.99,100947,50
21.99,100949,50
21.99,100949,50
21.99,100960,50
21.99,100954,50
21.99,100949,50
22,100953,50
22,100951,50
21.99,100949,50
22,100948,50
22.01,100952,50
22.01,100952,50
22,100954,50
22.02,100954,50
22,100954,50
22,100951,50
22.02,100949,50
22.02,100948,50
22.03,100950,50
22.02,100954,50
22.03,100950,50
22.03,100958,50
22.03,100951,50
22.02,100954,50
22.03,100951,50
22.04,100955,50
22.04,100952,50
22.04,100952,50
22.04,100955,50
22.05,100948,50
22.05,100948,50
22.06,100956,50
22.05,100948,50
22.05,100949,50
22.05,100949,50
22.05,100954,50
22.06,100950,50
22.06,100950,50
22.06,100950,50
22.06,100956,50
22.07,100951,50
22.06,100950,50
22.07,100952,50
22.07,100957,50
22.07,100946,50
22.06,100956,50
22.06,100950,50
22.05,100951,50
22.06,100956,50
22.06,100950,50
22.06,100949,50
22.06,100956,50
22.05,100951,50
22.05,100946,50
22.05,100951,50
22.05,100950,50
22.05,100951,50
22.05,100948,50
22.04,100947,50
22.05,100953,50
22.04,100955,50
22.05,100956,50
22.04,100958,50
22.03,100951,50
22.04,100958,50
22.04,100958,50
22.04,100955,50
22.04,100957,50
22.04,100961,50
22.03,100951,50
22.04,100957,50
22.02,100946,50
22.03,100953,50
22.03,100956,50
22.02,100949,50
22.04,100955,50
22.03,100951,50
22.03,100956,50
22.03,100953,50
22.03,100955,50
22.02,100949,50
22.03,100955,50
22.02,100954,50
22.02,100952,50
22.02,100954,50
22.01,100956,50
22.02,100954,50
22.02,100952,50
22.02,100952,50
22.02,100951,50
22.02,100960,50
22.02,100954,50
22,100946,50
22.01,100952,50
22.01,100947,50
22.01,100956,50
22.01,100952,50
22.01,100953,50
22.01,100953,50
22.02,100954,50
22,100950,50
22.02,100954,50
21.99,100949,50
22.01,100956,50
22,100948,50
22,100951,50
22,100951,50
22.01,100952,50
22,100954,50
22,100956,50
22,100950,50
22.01,100947,50
21.99,100955,50
22,100953,50
22,100956,50
22,100954,50
21.99,100952,50
22,100954,50
22,100957,50
22,100957,50
21.99,100952,50
22,100956,50
21.99,100955,50
21.99,100955,50
21.99,100952,50
21.99,100955,50
21.98,100953,50
21.98,100950,50
21.99,100952,50
21.99,100952,50
21.98,100950,50
21.98,100953,50
21.98,100953,50
21.98,100956,50
21.98,100959,50
21.98,100952,50
21.97,100954,50
21.98,100959,50
21.99,100960,50
21.99,100955,50
21.97,100949,50
21.97,100954,50
21.98,100958,50
21.98,100956,50
21.97,100952,50
21.97,100954,50
21.97,100957,50
21.96,100947,50
21.97,100956,50
21.97,100952,50
21.96,100950,50
21.98,100948,50
21.97,100959,50
21.96,100950,50
21.97,100956,50
21.97,100954,50
21.97,100952,50
21.97,100951,50
21.96,100950,50
21.97,100943,50
21.97,100949,50
21.98,100953,50
21.97,100952,50
21.97,100957,50
21.97,100948,50
21.97,100952,50
21.97,100946,50
21.97,100956,50
21.97,100951,50
21.97,100956,50
21.97,100952,50
21.97,100952,50
21.96,100955,50
21.96,100950,50
21.96,100955,50
21.95,100954,50
21.96,100955,50
21.95,100954,50
21.96,100955,50
21.95,100954,50
21.96,100955,50
21.96,100957,50
21.95,100954,50
21.95,100953,50
21.95,100956,50
21.94,100957,50
21.95,100959,50
21.95,100953,50
21.95,100959,50
21.94,100957,50
21.94,100957,50
21.94,100957,50
21.94,100952,50
21.95,100956,50
21.94,100955,50
21.94,100960,50
21.94,100957,50
21.94,100957,50
21.93,100950,50
21.93,100949,50
21.94,100951,50
21.93,100953,50
21.93,100961,50
21.94,100957,50
21.93,100953,50
21.93,100955,50
21.93,100955,50
21.93,100959,50
21.93,100950,50
21.92,100951,50
21.92,100957,50
21.93,100956,50
21.93,100950,50
21.93,100956,50
21.93,100956,50
21.93,100953,50
21.93,100956,50
21.93,100953,50
21.94,100951,50
21.94,100957,50
21.93,100956,50
21.92,100951,50
21.94,100957,50
21.93,100953,50
21.93,100953,50
21.93,100956,50
21.94,100957,50
21.93,100955,50
21.93,100959,50
21.92,100954,50
21.92,100949,50
21.93,100944,50
21.93,100952,50
21.94,100952,50
21.93,100950,50
21.94,100951,50
21.94,100952,50
21.93,100950,50
21.93,100950,50
21.93,100956,50
21.93,100949,50
21.93,100953,50
21.93,100949,50
21.92,100954,50
21.93,100953,50
21.93,100950,50
21.92,100960,50
21.92,100951,50
21.92,100951,50
21.93,100956,50
21.93,100952,50
21.92,100953,50
21.93,100950,50
21.92,100951,50
21.91,100950,50
21.92,100954,50
21.93,100952,50
21.93,100950,50
21.92,100951,50
21.92,100957,50
21.92,100954,50
21.91,100952,50
21.92,100954,50
21.93,100959,50
21.93,100949,50
21.92,100951,50
21.92,100954,50
21.92,100951,50
21.92,100959,50
21.92,100953,50
21.92,100954,50
21.92,100953,50
21.92,100951,50
21.93,100953,50
21.92,100960,50
21.92,100960,50
21.92,100949,50
21.92,100959,50
21.91,100955,50
21.91,100958,50
21.91,100950,50
21.92,100957,50
21.93,100956,50
21.93,100949,50
21.92,100957,50
21.92,100959,50
21.92,100953,50
21.93,100955,50
21.93,100961,50
21.91,100950,50
21.91,100947,50
21.92,100954,50
21.91,100952,50
21.93,100952,50
21.91,100952,50
21.91,100952,50
21.92,100953,50
21.92,100959,50
21.91,100952,50
21.91,100952,50
21.91,100952,50
21.92,100954,50
21.91,100952,50
21.92,100953,50
21.92,100954,50
21.92,100950,50
21.91,100957,50
21.92,100957,50
21.92,100953,50
21.91,100952,50
21.91,100947,50
21.91,100952,50
21.92,100954,50
21.93,100956,50
21.91,100952,50
21.93,100956,50
21.93,100961,50
21.93,100950,50
21.92,100954,50
21.91,100952,50
21.92,100951,50
21.93,100955,50
21.92,100949,50
21.92,100954,50
21.92,100954,50
21.92,100954,50
21.93,100956,50
21.91,100955,50
21.92,100953,50
21.92,100954,50
21.93,100955,50
21.91,100955,50
21.92,100954,50
21.92,100954,50
21.92,100951,50
21.92,100951,50
21.92,100954,50
21.92,100946,50
21.92,100954,50
21.92,100954,50
21.92,100957,50
21.91,100952,50
21.91,100958,50
21.91,100950,50
21.91,100947,50
21.92,100957,50
21.91,100947,50
21.91,100952,50
21.92,100953,50
21.9,100956,50
21.91,100958,50
21.91,100952,50
21.91,100958,50
21.91,100955,50
21.91,100952,50
21.91,100952,50
21.91,100952,50
21.92,100949,50
21.92,100949,50
21.92,100949,50
21.92,100954,50
21.92,100954,50
21.92,100953,50
21.91,100958,50
21.92,100953,50
21.91,100958,50
21.91,100952,50
21.91,100950,50
21.91,100958,50
21.91,100952,50
21.92,100959,50
21.91,100952,50
21.9,100945,50
21.91,100952,50
21.91,100958,50
21.92,100948,50
21.92,100951,50
21.91,100947,50
21.92,100950,50
21.91,100952,50
21.91,100950,50
21.91,100952,50
21.92,100954,50
21.92,100948,50
21.93,100949,50
21.92,100951,50
21.91,100952,50
21.92,100951,50
21.92,100949,50
21.92,100953,50
21.92,100954,50
21.91,100952,50
21.92,100949,50
21.92,100954,50
21.92,100951,50
21.92,100953,50
21.91,100952,50
21.91,100952,50
21.91,100952,50
21.91,100952,50
21.92,100954,50
21.91,100952,50
21.92,100953,50
21.91,100952,50
21.91,100949,50
21.9,100956,50
21.91,100958,50
21.91,100950,50
21.91,100952,50
21.91,100949,50
21.91,100949,50
21.92,100960,50
21.91,100946,50
21.9,100945,50
21.91,100950,50
21.91,100952,50
21.91,100950,50
21.92,100950,50
21.92,100956,50
21.91,100958,50
21.92,100959,50
21.91,100952,50
21.91,100952,50
21.9,100951,50
21.9,100953,50
21.9,100951,50
21.9,100950,50
21.9,100953,50
21.9,100953,50
21.9,100947,50
21.91,100958,50
21.9,100951,50
21.89,100955,50
21.9,100956,50
21.89,100949,50
21.9,100953,50
21.9,100956,50
21.89,100949,50
21.89,100952,50
21.89,100949,50
21.88,100950,50
21.89,100952,50
21.88,100953,50
21.88,100950,50
21.88,100958,50
21.89,100955,50
21.89,100949,50
21.88,100953,50
21.88,100956,50
21.88,100947,50
21.87,100940,50
21.88,100952,50
21.88,100955,50
21.87,100948,50
21.87,100946,50
21.88,100952,50
21.88,100953,50
21.87,100948,50
21.87,100951,50
21.88,100946,50
21.88,100955,50
21.88,100950,50
21.88,100955,50
21.87,100957,50
21.88,100947,50
21.87,100946,50
21.87,100951,50
21.89,100951,50
21.87,100950,50
21.88,100946,50
21.88,100947,50
21.88,100955,50
21.87,100951,50
21.88,100947,50
21.88,100946,50
21.89,100948,50
21.88,100945,50
21.89,100955,50
21.88,100947,50
21.88,100953,50
21.88,100956,50
21.88,100956,50
21.88,100953,50
21.89,100955,50
21.89,100949,50
21.89,100949,50
21.9,100947,50
21.89,100955,50
21.89,100946,50
21.91,100946,50
21.9,100950,50
21.9,100951,50
21.91,100952,50
21.9,100951,50
21.9,100956,50
21.9,100945,50
21.91,100952,50
21.91,100954,50
21.91,100952,50
21.9,100951,50
21.91,100954,50
21.91,100950,50
21.91,100950,50
21.92,100950,50
21.92,100957,50
21.92,100951,50
21.92,100953,50
21.93,100953,50
21.94,100949,50
21.94,100952,50
21.95,100954,50
21.95,100953,50
21.95,100953,50
21.95,100954,50
21.94,100952,50
21.94,100946,50
21.94,100952,50
21.95,100951,50
21.95,100954,50
21.95,100951,50
21.95,100948,50
21.96,100955,50
21.95,100954,50
21.96,100955,50
21.96,100949,50
21.96,100955,50
21.96,100953,50
21.96,100950,50
21.96,100943,50
21.96,100950,50
21.96,100950,50
21.96,100947,50
21.96,100950,50
21.96,100955,50
21.96,100950,50
21.96,100950,50
21.96,100955,50
21.96,100952,50
21.97,100951,50
21.97,100948,50
21.97,100954,50
21.96,100947,50
21.96,100944,50
21.97,100952,50
21.97,100952,50
21.97,100946,50
21.96,100950,50
21.97,100948,50
21.98,100950,50
21.97,100952,50
21.97,100946,50
21.97,100946,50
21.96,100950,50
21.96,100944,50
21.97,100952,50
21.97,100945,50
21.96,100950,50
21.97,100952,50
21.97,100952,50
21.97,100951,50
21.97,100953,50
21.97,100948,50
21.98,100959,50
21.98,100950,50
21.99,100949,50
21.98,100945,50
21.98,100950,50
21.97,100946,50
21.98,100955,50
21.98,100950,50
21.98,100953,50
21.98,100950,50
21.98,100956,50
21.97,100949,50
21.98,100950,50
21.97,100943,50
21.98,100956,50
21.99,100954,50
21.97,100949,50
21.98,100952,50
21.97,100952,50
21.97,100954,50
21.97,100943,50
21.97,100957,50
21.97,100954,50
21.97,100946,50
21.97,100952,50
21.97,100951,50
21.97,100952,50
21.96,100950,50
21.96,100950,50
21.97,100952,50
21.97,100951,50
21.97,100954,50
21.96,100955,50
21.97,100952,50
21.97,100951,50
21.97,100952,50
21.96,100953,50
21.97,100954,50
21.97,100948,50
21.96,100950,50
21.97,100952,50
21.97,100957,50
21.97,100951,50
21.96,100953,50
21.97,100953,50
21.96,100955,50
21.97,100963,50
21.96,100950,50
21.96,100955,50
21.96,100953,50
21.96,100950,50
21.95,100943,50
21.95,100947,50
21.95,100948,50
21.96,100955,50
21.96,100955,50
21.96,100950,50
21.95,100954,50
21.95,100954,50
21.96,100949,50
21.94,100952,50
21.95,100954,50
21.96,100952,50
21.96,100944,50
21.96,100955,50
21.96,100950,50
21.97,100956,50
21.96,100950,50
21.96,100955,50
21.97,100952,50
21.97,100956,50
21.98,100955,50
21.97,100952,50
21.98,100953,50
21.98,100947,50
21.98,100953,50
21.99,100954,50
21.99,100946,50
21.99,100955,50
22,100946,50
22,100959,50
22.01,100956,50
22.01,100950,50
22.01,100957,50
22.03,100950,50
22.02,100957,50
22.03,100953,50
22.04,100958,50
22.02,100960,50
22.03,100953,50
22.02,100952,50
22.03,100951,50
22.02,100954,50
22.02,100951,50
22.02,100948,50
22.02,100954,50
22.01,100953,50
22.03,100955,50
22.01,100947,50
22.03,100950,50
22.03,100955,50
22.01,100953,50
22.02,100954,50
22.02,100949,50
22.01,100950,50
22.02,100952,50
22.03,100950,50
22.02,100954,50
22.02,100949,50
22.03,100955,50
22.02,100954,50
22.02,100954,50
22.02,100951,50
22.02,100954,50
22.02,100960,50
22.02,100952,50
22.03,100953,50
22.03,100956,50
22.04,100957,50
22.03,100945,50
22.03,100956,50
22.02,100954,50
22.03,100956,50
22.02,100949,50
22.02,100949,50
22.03,100955,50
22.03,100951,50
22.02,100952,50
22.02,100954,50
22.02,100954,50
22.02,100952,50
22.04,100952,50
22.02,100960,50
22.02,100949,50
22.03,100956,50
22.03,100959,50
22.03,100951,50
22.03,100956,50
22.02,100948,50
22.03,100955,50
22.04,100960,50
22.03,100955,50
22.03,100953,50
22.04,100949,50
22.03,100953,50
22.03,100953,50
22.04,100947,50
22.03,100951,50
22.04,100955,50
22.03,100953,50
22.02,100954,50
22.03,100956,50
22.03,100953,50
22.02,100954,50
22.04,100960,50
22.03,100956,50
22.03,100953,50
22.02,100952,50
22.03,100955,50
22.03,100953,50
22.03,100951,50
22.02,100954,50
22.02,100960,50
22.03,100951,50
22.02,100957,50
22.04,100957,50
22.03,100955,50
22.03,100953,50
22.03,100956,50
22.03,100962,50
22.02,100957,50
22.02,100949,50
22.03,100959,50
22.03,100956,50
22.02,100954,50
22.02,100960,50
22.01,100957,50
22.01,100958,50
22,100951,50
22,100953,50
22,100948,50
22,100951,50
22,100950,50
22,100962,50
21.99,100949,50
21.99,100955,50
22,100959,50
21.99,100952,50
21.99,100949,50
21.99,100949,50
21.99,100955,50
21.99,100951,50
21.98,100953,50
22,100962,50
21.99,100949,50
22,100951,50
21.99,100949,50
21.99,100955,50
22,100950,50
22,100951,50
22,100957,50
22,100957,50
22,100957,50
22,100951,50
22,100951,50
22,100950,50
22.01,100952,50
22,100951,50
22,100957,50
22.01,100956,50
22.01,100955,50
22,100954,50
22,100954,50
22.01,100956,50
22,100962,50
22,100951,50
22,100951,50
22.01,100953,50
22,100954,50
22.01,100952,50
22.01,100961,50
22,100957,50
22.01,100955,50
22,100954,50
22.01,100953,50
22,100948,50
22.01,100955,50
22,100957,50
22.01,100949,50
22.01,100953,50
22.02,100962,50
22.02,100954,50
22.02,100954,50
22.02,100949,50
22.02,100954,50
22.01,100947,50
22.01,100956,50
22.03,100962,50
22.02,100954,50
22.03,100956,50
22.03,100955,50
22.03,100956,50
22.02,100954,50
22.03,100953,50
22.04,100958,50
22.02,100954,50
22.03,100956,50
22.03,100956,50
22.03,100951,50
22.04,100961,50
22.03,100951,50
22.04,100955,50
22.05,100959,50
22.04,100955,50
22.05,100954,50
22.05,100959,50
22.05,100957,50
22.04,100955,50
22.04,100952,50
22.04,100955,50
22.05,100953,50
22.05,100960,50
22.05,100954,50
22.05,100960,50
22.05,100957,50
22.05,100960,50
22.05,100960,50
22.05,100960,50
22.06,100959,50
22.06,100960,50
22.06,100955,50
22.05,100954,50
22.06,100950,50
22.06,100959,50
22.06,100956,50
22.05,100954,50
22.04,100950,50
22.05,100960,50
22.06,100960,50
22.06,100959,50
22.06,100956,50
22.05,100954,50
22.06,100961,50
22.05,100951,50
22.06,100950,50
22.06,100950,50
22.05,100954,50
22.06,100956,50
22.05,100954,50
22.05,100954,50
22.06,100958,50
22.06,100956,50
22.05,100954,50
22.07,100959,50
22.06,100953,50
22.06,100959,50
22.05,100954,50
22.05,100954,50
22.04,100961,50
22.06,100955,50
22.06,100955,50
22.06,100958,50
22.06,100963,50
22.05,100959,50
22.04,100952,50
22.04,100961,50
22.04,100958,50
22.04,100961,50
22.05,100959,50
22.05,100960,50
22.04,100958,50
22.05,100960,50
22.05,100954,50
22.05,100960,50
22.05,100954,50
22.05,100960,50
22.05,100954,50
22.04,100961,50
22.05,100959,50
22.05,100954,50
22.05,100957,50
22.05,100954,50
22.05,100957,50
22.06,100955,50
22.05,100954,50
22.04,100955,50
22.05,100962,50
22.05,100960,50
22.05,100960,50
22.04,100955,50
22.05,100962,50
22.05,100959,50
22.05,100950,50
22.05,100965,50
22.05,100954,50
22.05,100954,50
22.05,100959,50
22.05,100951,50
22.05,100957,50
22.04,100958,50
22.04,100955,50
22.05,100954,50
22.05,100960,50
22.06,100955,50
22.05,100954,50
22.05,100960,50
22.04,100950,50
22.05,100954,50
22.06,100955,50
22.05,100951,50
22.05,100954,50
22.04,100955,50
22.06,100955,50
22.05,100954,50
22.04,100963,50
22.05,100959,50
22.06,100960,50
22.05,100960,50
22.05,100959,50
22.06,100955,50
22.05,100954,50
22.06,100953,50
22.05,100954,50
22.06,100955,50
22.05,100954,50
22.05,100957,50
22.05,100960,50
22.06,100960,50
22.06,100967,50
22.05,100950,50
22.05,100957,50
22.05,100957,50
22.06,100955,50
22.05,100954,50
22.05,100954,50
22.05,100957,50
22.06,100958,50
22.06,100959,50
22.06,100960,50
22.05,100954,50
22.06,100956,50
22.07,100957,50
22.07,100957,50
22.07,100963,50
22.07,100959,50
22.07,100959,50
22.06,100956,50
22.07,100957,50
22.07,100957,50
22.07,100963,50
22.06,100964,50
22.07,100952,50
22.07,100957,50
22.08,100958,50
22.08,100962,50
22.07,100957,50
22.07,100963,50
22.07,100952,50
22.07,100957,50
22.09,100960,50
22.08,100959,50
22.07,100955,50
22.08,100962,50
22.08,100964,50
22.08,100956,50
22.08,100956,50
22.07,100949,50
22.09,100963,50
22.08,100954,50
22.09,100954,50
22.08,100959,50
22.09,100960,50
22.08,100959,50
22.08,100959,50
22.08,100954,50
22.09,100961,50
22.09,100957,50
22.08,100956,50
22.08,100953,50
22.09,100960,50
22.08,100954,50
22.09,100960,50
22.09,100960,50
22.08,100954,50
22.09,100958,50
22.09,100960,50
22.1,100951,50
22.09,100957,50
22.09,100958,50
22.09,100961,50
22.08,100956,50
22.08,100954,50
22.09,100960,50
22.09,100958,50
22.08,100959,50
22.09,100955,50
22.08,100951,50
22.1,100963,50
22.09,100953,50
22.1,100959,50
22.09,100961,50
22.09,100958,50
22.09,100955,50
22.1,100962,50
22.09,100955,50
22.1,100957,50
22.09,100953,50
22.1,100963,50
22.1,100954,50
22.09,100961,50
22.1,100953,50
22.09,100955,50
22.09,100954,50
22.09,100955,50
22.08,100954,50
22.07,100960,50
22.08,100959,50
22.08,100959,50
22.08,100959,50
22.08,100958,50
22.08,100953,50
22.07,100960,50
22.08,100956,50
22.08,100958,50
22.07,100960,50
22.07,100957,50
22.06,100950,50
22.07,100957,50
22.07,100957,50
22.07,100952,50
22.06,100961,50
22.07,100959,50
22.06,100953,50
22.06,100959,50
22.06,100956,50
22.06,100947,50
22.06,100956,50
22.05,100960,50
22.05,100957,50
22.05,100954,50
22.05,100965,50
22.05,100959,50
22.05,100962,50
22.05,100954,50
22.05,100959,50
22.04,100958,50
22.04,100952,50
22.04,100955,50
22.04,100958,50
22.04,100955,50
22.04,100958,50
22.04,100947,50
22.05,100959,50
22.05,100959,50
22.04,100952,50
22.06,100960,50
22.05,100954,50
22.05,100957,50
22.06,100959,50
22.06,100956,50
22.06,100959,50
22.06,100959,50
22.07,100952,50
22.07,100957,50
22.07,100957,50
22.08,100959,50
22.09,100955,50
22.08,100954,50
22.08,100954,50
22.08,100951,50
22.08,100956,50
22.08,100954,50
22.07,100952,50
22.08,100954,50
22.08,100959,50
22.09,100957,50
22.08,100956,50
22.08,100954,50
22.09,100957,50
22.09,100957,50
22.08,100948,50
22.09,100955,50
22.1,100963,50
22.08,100954,50
22.08,100954,50
22.09,100953,50
22.09,100955,50
22.1,100956,50
22.1,100956,50
22.1,100951,50
22.1,100957,50
22.1,100957,50
22.09,100955,50
22.1,100957,50
22.1,100951,50
22.1,100960,50
22.1,100954,50
22.1,100956,50
22.1,100951,50
22.1,100957,50
22.11,100953,50
22.11,100953,50
22.11,100956,50
22.12,100960,50
22.12,100948,50
22.12,100960,50
22.12,100955,50
22.13,100954,50
22.12,100955,50
22.13,100959,50
22.13,100956,50
22.13,100956,50
22.12,100952,50
22.12,100955,50
22.14,100960,50
22.13,100961,50
22.13,100968,50
22.12,100948,50
22.11,100953,50
22.12,100957,50
22.11,100953,50
22.12,100955,50
22.11,100961,50
22.12,100965,50
22.12,100960,50
22.11,100959,50
22.12,100960,50
22.11,100959,50
22.1,100960,50
22.12,100960,50
22.11,100953,50
22.11,100952,50
22.11,100956,50
22.11,100959,50
22.12,100960,50
22.12,100968,50
22.11,100953,50
22.12,100960,50
22.12,100954,50
22.12,100960,50
22.12,100960,50
22.13,100957,50
22.13,100962,50
22.12,100958,50
22.12,100960,50
22.13,100957,50
22.12,100968,50
22.12,100958,50
22.13,100961,50
22.12,100960,50
22.12,100960,50
22.12,100955,50
22.12,100960,50
22.12,100960,50
22.11,100956,50
22.12,100957,50
22.11,100953,50
22.12,100957,50
22.12,100955,50
22.12,100958,50
22.11,100956,50
22.12,100960,50
22.13,100962,50
22.11,100959,50
22.12,100958,50
22.12,100960,50
22.12,100960,50
22.13,100950,50
22.13,100957,50
22.15,100959,50
22.14,100953,50
22.13,100954,50
22.14,100960,50
22.13,100954,50
22.14,100957,50
22.13,100959,50
22.13,100957,50
22.13,100951,50
22.13,100959,50
22.13,100951,50
22.13,100950,50
22.13,100956,50
22.13,100959,50
22.13,100954,50
22.12,100955,50
22.12,100962,50
22.12,100960,50
22.11,100959,50
22.11,100953,50
22.12,100955,50
22.11,100953,50
22.12,100954,50
22.11,100953,50
22.11,100953,50
22.12,100948,50
22.11,100953,50
22.12,100962,50
22.11,100959,50
22.11,100947,50
22.11,100950,50
22.1,100957,50
22.1,100957,50
22.11,100953,50
22.1,100957,50
22.1,100963,50
22.11,100956,50
22.1,100957,50
22.1,100953,50
22.1,100953,50
22.1,100954,50
22.1,100956,50
22.09,100955,50
22.1,100951,50
22.09,100955,50
22.09,100953,50
22.1,100954,50
22.1,100951,50
22.1,100960,50
22.11,100961,50
22.11,100953,50
22.11,100952,50
22.11,100953,50
22.1,100949,50
22.11,100956,50
22.11,100950,50
22.1,100957,50
22.11,100953,50
22.11,100953,50
22.11,100959,50
22.12,100955,50
22.11,100959,50
22.1,100957,50
22.11,100963,50
22.11,100956,50
22.1,100957,50
22.1,100963,50
22.09,100955,50
22.1,100959,50
22.1,100956,50
22.1,100956,50
22.1,100956,50
22.09,100953,50
22.08,100954,50
22.09,100955,50
22.09,100955,50
22.09,100955,50
22.09,100953,50
22.1,100957,50
22.09,100953,50
22.1,100956,50
22.09,100957,50
22.1,100953,50
22.1,100951,50
22.09,100955,50
22.09,100957,50
22.09,100961,50
22.1,100956,50
22.1,100962,50
22.09,100958,50
22.09,100955,50
22.1,100959,50
22.09,100955,50
22.09,100955,50
22.08,100954,50
22.09,100961,50
22.09,100955,50
22.09,100954,50
22.09,100958,50
22.08,100954,50
22.09,100954,50
22.09,100953,50
22.09,100954,50
22.1,100960,50
22.09,100958,50
22.09,100955,50
22.1,100957,50
22.1,100957,50
22.1,100963,50
22.09,100961,50
22.09,100955,50
22.1,100962,50
22.1,100954,50
22.1,100963,50
22.11,100952,50
22.09,100955,50
22.1,100954,50
22.1,100957,50
22.1,100960,50
22.1,100960,50
22.11,100958,50
22.11,100955,50
22.11,100953,50
22.12,100957,50
22.11,100953,50
22.11,100952,50
22.11,100959,50
22.1,100946,50
22.1,100957,50
22.12,100954,50
22.11,100958,50
22.11,100955,50
22.11,100956,50
22.1,100960,50
22.1,100957,50
22.1,100954,50
22.11,100964,50
22.11,100959,50
22.1,100951,50
22.1,100951,50
22.11,100950,50
22.11,100950,50
22.12,100960,50
22.12,100960,50
22.12,100955,50
22.12,100955,50
22.12,100958,50
22.11,100956,50
22.12,100952,50
22.12,100955,50
22.12,100955,50
22.13,100956,50
22.12,100955,50
22.12,100952,50
22.11,100959,50
22.12,100957,50
22.12,100955,50
22.12,100952,50
22.12,100951,50
22.12,100952,50
22.12,100960,50
22.13,100954,50
22.13,100953,50
22.13,100956,50
22.13,100956,50
22.12,100955,50
22.13,100956,50
22.12,100955,50
22.13,100950,50
22.13,100957,50
22.12,100952,50
22.14,100958,50
22.12,100955,50
22.12,100952,50
22.13,100957,50
22.14,100955,50
22.13,100951,50
22.13,100948,50
22.13,100954,50
22.13,100954,50
22.13,100957,50
22.13,100948,50
22.14,100958,50
22.14,100958,50
22.14,100958,50
22.16,100951,50
22.15,100957,50
22.15,100954,50
22.16,100951,50
22.16,100959,50
22.15,100949,50
22.16,100951,50
22.16,100956,50
22.17,100951,50
22.16,100951,50
22.16,100956,50
22.16,100951,50
22.17,100957,50
22.18,100963,50
22.18,100947,50
22.18,100958,50
22.17,100954,50
22.18,100960,50
22.16,100956,50
22.18,100958,50
22.18,100958,50
22.18,100951,50
22.18,100952,50
22.18,100960,50
22.18,100954,50
22.2,100956,50
22.19,100958,50
22.18,100959,50
22.18,100956,50
22.18,100957,50
22.18,100960,50
22.2,100957,50
22.19,100955,50
22.19,100955,50
22.2,100961,50
22.18,100954,50
22.2,100956,50
22.19,100955,50
22.19,100960,50
22.2,100954,50
22.18,100951,50
22.2,100958,50
22.19,100949,50
22.2,100956,50
22.2,100956,50
22.2,100956,50
22.2,100957,50
22.2,100956,50
22.2,100956,50
22.2,100951,50
22.2,100957,50
22.21,100957,50
22.2,100956,50
22.21,100957,50
22.19,100952,50
22.2,100956,50
22.2,100956,50
22.18,100962,50
22.2,100956,50
22.21,100957,50
22.2,100962,50
22.21,100955,50
22.2,100957,50
22.2,100956,50
22.21,100957,50
22.21,100957,50
22.21,100955,50
22.21,100952,50
22.21,100952,50
22.21,100946,50
22.2,100957,50
22.21,100955,50
22.21,100963,50
22.21,100957,50
22.21,100963,50
22.21,100957,50
22.2,100956,50
22.21,100955,50
22.2,100953,50
22.2,100961,50
22.19,100960,50
22.2,100956,50
22.18,100953,50
22.2,100956,50
22.18,100959,50
22.18,100955,50
22.18,100960,50
22.18,100953,50
22.19,100960,50
22.18,100953,50
22.18,100952,50
22.18,100953,50
22.18,100958,50
22.18,100957,50
22.18,100953,50
22.18,100960,50
22.18,100952,50
22.18,100952,50
22.18,100958,50
22.18,100957,50
22.18,100957,50
22.18,100954,50
22.19,100955,50
22.18,100954,50
22.2,100953,50
22.2,100956,50
22.18,100954,50
22.18,100951,50
22.2,100961,50
22.2,100956,50
22.2,100956,50
22.21,100957,50
22.2,100956,50
22.2,100957,50
22.2,100958,50
22.2,100958,50
22.2,100956,50
22.2,100956,50
22.2,100957,50
22.21,100960,50
22.2,100956,50
22.2,100957,50
22.2,100961,50
22.2,100959,50
22.21,100963,50
22.19,100955,50
22.21,100957,50
22.2,100950,50
22.21,100958,50
22.22,100962,50
22.21,100957,50
22.2,100957,50
22.21,100952,50
22.22,100956,50
22.22,100962,50
22.21,100961,50
22.21,100958,50
22.22,100948,50
22.22,100948,50
22.22,100959,50
22.22,100959,50
22.21,100944,50
22.21,100952,50
22.21,100955,50
22.22,100959,50
22.22,100956,50
22.22,100959,50
22.21,100957,50
22.22,100949,50
22.22,100956,50
22.22,100959,50
22.21,100958,50
22.22,100959,50
22.22,100956,50
22.22,100949,50
22.22,100956,50
22.23,100961,50
22.22,100954,50
22.23,100958,50
22.23,100950,50
22.23,100955,50
22.23,100958,50
22.22,100962,50
22.21,100953,50
22.22,100957,50
22.23,100955,50
22.22,100960,50
22.23,100958,50
22.22,100959,50
22.21,100952,50
22.23,100955,50
22.22,100954,50
22.22,100954,50
22.22,100949,50
22.22,100959,50
22.22,100948,50
22.22,100959,50
22.23,100955,50
22.23,100955,50
22.23,100961,50
22.23,100958,50
22.23,100958,50
22.22,100959,50
22.22,100962,50
22.23,100961,50
22.23,100961,50
22.24,100961,50
22.24,100962,50
22.22,100959,50
22.23,100950,50
22.24,100957,50
22.24,100962,50
22.23,100961,50
22.24,100952,50
22.23,100962,50
22.24,100951,50
22.24,100957,50
22.23,100961,50
22.23,100950,50
22.23,100959,50
22.23,100955,50
22.23,100959,50
22.23,100956,50
22.23,100955,50
22.24,100957,50
22.23,100961,50
22.23,100966,50
22.23,100961,50
22.22,100959,50
22.22,100959,50
22.23,100961,50
22.22,100965,50
22.22,100962,50
22.23,100964,50
22.23,100961,50
22.21,100958,50
22.22,100959,50
22.23,100961,50
22.21,100964,50
22.22,100962,50
22.22,100959,50
22.21,100960,50
22.21,100957,50
22.21,100960,50
22.2,100957,50
22.21,100963,50
22.21,100957,50
22.21,100960,50
22.2,100961,50
22.2,100961,50
22.21,100963,50
22.2,100967,50
22.2,100956,50
22.21,100963,50
22.2,100953,50
22.21,100957,50
22.21,100957,50
22.21,100963,50
22.2,100965,50
22.21,100957,50
22.2,100957,50
22.21,100963,50
22.21,100963,50
22.21,100957,50
22.22,100959,50
22.22,100959,50
22.22,100959,50
22.21,100957,50
22.21,100958,50
22.22,100959,50
22.22,100965,50
22.22,100959,50
22.22,100954,50
22.22,100959,50
22.22,100959,50
22.23,100961,50
22.23,100956,50
22.23,100955,50
22.23,100956,50
22.23,100958,50
22.24,100962,50
22.23,100951,50
22.24,100963,50
22.23,100959,50
22.24,100951,50
22.25,100959,50
22.24,100947,50
22.25,100961,50
22.24,100951,50
22.25,100964,50
22.25,100964,50
22.25,100964,50
22.25,100961,50
22.25,100959,50
22.25,100954,50
22.25,100953,50
22.25,100954,50
22.25,100948,50
22.26,100949,50
22.26,100955,50
22.26,100956,50
22.26,100956,50
22.26,100950,50
22.26,100960,50
22.27,100956,50
22.27,100956,50
22.26,100953,50
22.28,100955,50
22.27,100952,50
22.27,100955,50
22.27,100951,50
22.28,100958,50
22.27,100949,50
22.28,100958,50
22.27,100955,50
22.27,100957,50
22.28,100953,50
22.28,100958,50
22.29,100954,50
22.28,100953,50
22.27,100956,50
22.28,100955,50
22.27,100957,50
22.28,100964,50
22.28,100953,50
22.28,100955,50
22.29,100957,50
22.28,100964,50
22.28,100964,50
22.28,100964,50
22.28,100964,50
22.29,100957,50
22.29,100954,50
22.3,100959,50
22.29,100954,50
22.28,100956,50
22.3,100962,50
22.29,100961,50
22.29,100958,50
22.3,100959,50
22.29,100954,50
22.29,100958,50
22.3,100957,50
22.29,100955,50
22.29,100958,50
22.29,100955,50
22.3,100962,50
22.29,100955,50
22.31,100963,50
22.3,100953,50
22.3,100956,50
22.3,100956,50
22.3,100959,50
22.3,100956,50
22.3,100962,50
22.29,100961,50
22.3,100953,50
22.3,100962,50
22.29,100950,50
22.3,100956,50
22.31,100963,50
22.31,100958,50
22.3,100960,50
22.31,100961,50
22.31,100960,50
22.31,100958,50
22.32,100954,50
22.31,100958,50
22.32,100959,50
22.32,100960,50
22.32,100959,50
22.32,100959,50
22.32,100959,50
22.32,100959,50
22.33,100956,50
22.32,100954,50
22.33,100956,50
22.32,100960,50
22.32,100959,50
22.32,100951,50
22.33,100961,50
22.31,100953,49
22.32,100962,49
22.33,100956,50
22.32,100959,50
22.31,100959,49
22.32,100959,49
22.32,100954,50
22.32,100959,49
22.32,100965,49
22.32,100960,50
22.31,100959,49
22.32,100959,49
22.32,100960,50
22.31,100959,49
22.31,100952,49
22.32,100954,49
22.31,100963,49
22.31,100963,49
22.31,100959,49
22.31,100959,49
22.31,100955,49
22.31,100955,50
22.32,100959,50
22.31,100959,49
22.31,100964,50
22.32,100957,50
22.32,100959,50
22.32,100959,50
22.31,100959,50
22.32,100971,50
22.31,100959,50
22.31,100959,49
22.32,100959,50
22.3,100956,50
22.31,100960,50
22.3,100959,50
22.3,100956,50
22.29,100954,50
22.29,100957,50
22.3,100956,50
22.29,100958,50
22.3,100956,50
22.3,100962,50
22.29,100960,50
22.28,100965,50
22.28,100967,50
22.28,100958,50
22.28,100965,50
22.28,100965,50
22.27,100957,50
22.28,100958,50
22.27,100963,50
22.28,100955,50
22.28,100958,50
22.27,100963,50
22.27,100956,50
22.28,100958,50
22.28,100959,50
22.28,100964,50
22.27,100962,50
22.28,100953,50
22.27,100957,50
22.28,100958,50
22.28,100958,50
22.28,100953,50
22.28,100958,50
22.29,100965,50
22.28,100956,50
22.3,100962,50
22.3,100962,50
22.3,100967,50
22.3,100962,50
22.3,100959,49
22.3,100956,50
22.3,100962,50
22.3,100957,50
22.3,100968,50
22.29,100955,50
22.31,100960,50
22.3,100956,50
22.3,100962,50
22.3,100967,50
22.31,100963,50
22.31,100958,50
22.31,100960,50
22.3,100962,50
22.3,100956,50
22.3,100957,50
22.31,100963,50
22.31,100960,50
22.31,100960,50
22.31,100960,50
22.31,100963,50
22.31,100958,50
22.31,100970,50
22.31,100970,50
22.32,100962,50
22.31,100961,50
22.31,100958,50
22.31,100963,50
22.31,100961,50
22.31,100959,50
22.31,100953,50
22.31,100961,50
22.32,100959,50
22.32,100962,50
22.31,100960,50
22.31,100959,50
22.32,100957,50
22.31,100959,50
22.31,100958,50
22.32,100965,50
22.31,100963,50
22.3,100960,49
22.31,100960,50
22.3,100960,50
22.31,100969,50
22.3,100962,50
22.3,100957,50
22.3,100962,50
22.3,100959,50
22.31,100960,50
22.3,100962,50
22.3,100951,50
22.3,100962,50
22.31,100963,50
22.3,100959,50
22.31,100963,50
22.31,100958,50
22.31,100960,50
22.3,100959,50
22.3,100960,50
22.31,100955,50
22.32,100954,49
22.32,100960,50
22.32,100960,50
22.32,100959,50
22.32,100965,50
22.34,100960,50
22.32,100959,50
22.32,100965,50
22.33,100962,50
22.33,100967,50
22.33,100958,50
22.32,100959,50
22.33,100962,50
22.33,100962,49
22.33,100961,50
22.33,100961,50
22.32,100962,50
22.32,100962,49
22.32,100959,50
22.32,100965,50
22.32,100959,50
22.32,100965,50
22.32,100965,50
22.31,100958,50
22.3,100956,50
22.31,100970,50
22.32,100971,50
22.3,100959,50
22.31,100963,50
22.3,100962,50
22.3,100962,50
22.3,100960,50
22.29,100961,50
22.29,100961,50
22.3,100962,50
22.3,100959,50
22.3,100962,50
22.29,100965,50
22.3,100967,50
22.3,100967,50
22.3,100962,50
22.31,100969,50
22.3,100962,50
22.31,100969,50
22.32,100971,50
22.32,100962,50
22.32,100959,50
22.32,100963,50
22.34,100960,50
22.33,100961,50
22.32,100963,50
22.33,100964,50
22.32,100965,50
22.32,100966,50
22.33,100958,50
22.32,100965,50
22.32,100965,50
22.31,100959,50
22.31,100969,50
22.32,100965,49
22.32,100959,50
22.32,100962,50
22.31,100960,50
22.31,100970,50
22.32,100965,50
22.3,100962,50
22.31,100963,50
22.31,100959,50
22.31,100963,50
22.3,100954,50
22.3,100962,50
22.3,100957,50
22.3,100962,50
22.3,100973,50
22.3,100970,50
22.31,100963,50
22.31,100963,50
22.3,100962,50
22.3,100970,50
22.29,100961,50
22.3,100968,50
22.29,100968,50
22.29,100961,50
22.29,100954,50
22.29,100961,50
22.3,100962,50
22.29,100965,50
22.3,100967,50
22.3,100962,50
22.3,100956,50
22.3,100967,50
22.3,100956,50
22.3,100962,50
22.31,100960,50
22.31,100958,50
22.31,100958,50
22.32,100962,50
22.32,100962,50
22.31,100953,50
22.32,100965,50
22.32,100966,50
22.33,100967,50
22.32,100960,50
22.33,100961,50
22.33,100961,50
22.33,100961,50
22.34,100963,50
22.32,100966,50
22.33,100962,50
22.33,100961,50
22.33,100961,50
22.33,100961,50
22.33,100956,50
22.32,100965,50
22.31,100956,50
22.33,100961,50
22.33,100956,49
22.32,100963,49
22.33,100961,49
22.34,100966,50
22.34,100958,50
22.33,100958,50
22.34,100960,50
22.34,100964,50
22.35,100959,50
22.35,100970,50
22.36,100961,50
22.37,100962,50
22.36,100964,49
22.37,100968,50
22.37,100962,50
22.37,100965,50
22.39,100963,49
22.39,100964,49
22.39,100967,49
22.4,100956,49
22.4,100967,49
22.39,100960,49
22.39,100960,49
22.4,100963,49
22.39,100960,49
22.4,100959,49
22.4,100956,49
22.41,100958,49
22.41,100961,49
22.42,100965,49
22.41,100959,49
22.42,100963,49
22.42,100965,49
22.42,100961,49
22.43,100960,49
22.44,100958,49
22.45,100965,49
22.44,100964,49
22.44,100958,49
22.43,100962,49
22.43,100962,49
22.44,100958,49
22.44,100963,49
22.42,100961,49
22.43,100962,49
22.43,100967,49
22.42,100957,49
22.42,100963,49
22.43,100967,49
22.42,100963,49
22.42,100968,49
22.41,100958,49
22.42,100954,49
22.42,100963,49
22.41,100961,49
22.41,100964,49
22.4,100962,49
22.4,100966,49
22.4,100957,49
22.4,100963,49
22.41,100958,49
22.41,100955,49
22.41,100964,49
22.4,100959,49
22.4,100963,49
22.39,100960,49
22.39,100960,49
22.38,100965,49
22.39,100956,49
22.38,100959,49
22.39,100960,49
22.39,100955,49
22.39,100961,49
22.39,100966,49
22.4,100956,49
22.39,100956,49
22.39,100963,49
22.39,100966,49
22.4,100967,49
22.4,100967,49
22.41,100958,49
22.4,100956,49
22.41,100959,49
22.42,100965,49
22.43,100959,49
22.43,100967,49
22.42,100961,49
22.42,100960,49
22.42,100961,49
22.42,100965,49
22.42,100965,49
22.41,100964,49
22.41,100956,49
22.41,100959,49
22.42,100966,49
22.41,100961,49
22.41,100964,49
22.4,100968,49
22.4,100957,49
22.41,100964,49
22.41,100955,49
22.4,100963,49
22.41,100966,49
22.4,100960,49
22.42,100963,49
22.41,100958,49
22.41,100958,49
22.42,100965,49
22.41,100958,49
22.41,100965,49
22.42,100965,49
22.41,100959,49
22.41,100958,49
22.41,100953,49
22.41,100961,49
22.41,100955,49
22.42,100960,49
22.42,100960,49
22.43,100964,49
22.41,100962,49
22.41,100961,49
22.42,100960,49
22.42,100960,49
22.41,100956,49
22.42,100971,49
22.41,100964,49
22.41,100962,49
22.42,100961,49
22.42,100954,49
22.43,100964,49
22.42,100954,49
22.43,100967,49
22.42,100963,49
22.43,100962,49
22.43,100962,49
22.44,100958,49
22.44,100960,49
22.44,100963,49
22.44,100960,49
22.45,100959,49
22.46,100964,49
22.47,100957,49
22.49,100963,49
22.48,100959,49
22.47,100958,49
22.49,100961,49
22.5,100962,49
22.49,100961,49
22.5,100960,49
22.5,100960,49
22.51,100964,49
22.5,100963,49
22.5,100962,49
22.49,100961,49
22.49,100956,49
22.48,100962,49
22.48,100956,49
22.47,100963,49
22.47,100963,49
22.47,100963,49
22.47,100963,49
22.47,100961,49
22.47,100961,49
22.47,100968,49
22.47,100968,49
22.47,100957,49
22.47,100957,49
22.47,100960,49
22.46,100961,49
22.47,100963,49
22.47,100960,49
22.47,100957,49
22.47,100964,49
22.47,100963,49
22.47,100963,49
22.47,100963,49
22.46,100961,49
22.47,100966,49
22.46,100956,49
22.46,100956,49
22.46,100959,49
22.46,100959,49
22.46,100962,49
22.46,100962,49
22.46,100962,49
22.46,100956,49
22.46,100967,49
22.46,100961,49
22.46,100956,49
22.47,100963,49
22.47,100957,49
22.46,100964,49
22.47,100963,49
22.46,100962,49
22.45,100966,49
22.45,100960,49
22.46,100967,49
22.46,100961,49
22.48,100956,49
22.48,100964,49
22.48,100959,49
22.48,100964,49
22.49,100963,49
22.48,100959,49
22.48,100960,49
22.49,100961,49
22.5,100965,49
22.5,100963,49
22.5,100957,49
22.51,100962,49
22.5,100962,49
22.51,100961,49
22.5,100963,49
22.51,100958,49
22.51,100958,49
22.53,100973,49
22.53,100965,49
22.53,100962,49
22.53,100963,49
22.53,100963,49
22.54,100964,49
22.54,100969,49
22.53,100967,49
22.54,100958,49
22.54,100964,49
22.53,100960,49
22.53,100965,49
22.53,100967,49
22.53,100959,49
22.52,100960,49
22.52,100961,49
22.53,100968,49
22.53,100959,49
22.53,100967,49
22.52,100966,49
22.53,100962,49
22.52,100957,49
22.53,100959,49
22.53,100963,49
22.53,100962,49
22.53,100962,49
22.52,100960,49
22.52,100955,49
22.52,100955,49
22.53,100962,49
22.53,100962,49
22.53,100957,49
22.53,100962,49
22.54,100961,49
22.54,100961,49
22.54,100961,49
22.55,100963,49
22.54,100958,49
22.55,100966,49
22.55,100965,49
22.54,100962,49
22.54,100964,49
22.55,100968,49
22.55,100965,49
22.54,100961,49
22.54,100962,49
22.55,100968,49
22.55,100965,49
22.54,100959,49
22.55,100960,49
22.55,100960,49
22.55,100960,49
22.54,100962,49
22.54,100956,49
22.54,100959,49
22.55,100960,49
22.55,100951,49
22.56,100959,49
22.55,100963,49
22.55,100963,49
22.55,100965,49
22.56,100961,49
22.55,100963,49
22.55,100965,49
22.54,100962,49
22.56,100961,49
22.56,100964,49
22.56,100959,49
22.57,100955,49
22.56,100957,49
22.58,100962,49
22.57,100964,49
22.58,100959,49
22.59,100961,49
22.59,100962,49
22.6,100957,49
22.6,100963,49
22.6,100963,49
22.61,100962,49
22.6,100958,49
22.6,100961,49
22.6,100961,49
22.6,100961,49
22.61,100964,49
22.6,100965,49
22.6,100969,49
22.6,100969,49
22.61,100962,49
22.6,100964,49
22.61,100962,49
22.59,100961,49
22.6,100965,49
22.6,100960,49
22.61,100964,49
22.6,100968,49
22.61,100964,49
22.61,100970,49
22.6,100963,49
22.61,100959,49
22.62,100955,49
22.62,100963,49
22.62,100961,49
22.62,100961,49
22.62,100966,49
22.62,100961,49
22.63,100968,49
22.64,100958,49
22.64,100961,49
22.64,100959,49
22.63,100963,49
22.65,100960,49
22.64,100962,49
22.64,100962,49
22.65,100966,49
22.65,100960,49
22.65,100968,49
22.66,100967,49
22.65,100966,49
22.66,100967,49
22.65,100966,49
22.64,100968,49
22.65,100966,49
22.64,100958,49
22.63,100963,49
22.64,100967,49
22.64,100964,49
22.64,100958,49
22.63,100958,49
22.64,100964,49
22.64,100969,49
22.64,100964,49
22.64,100958,49
22.64,100965,49
22.65,100966,49
22.67,100963,49
22.65,100960,49
22.66,100962,49
22.65,100960,49
22.64,100964,49
22.63,100963,49
22.63,100959,49
22.64,100964,49
22.63,100963,49
22.62,100961,49
22.63,100965,49
22.62,100967,49
22.62,100961,49
22.62,100956,49
22.61,100960,49
22.62,100963,49
22.61,100964,49
22.6,100964,49
22.62,100961,49
22.61,100964,49
22.63,100962,49
22.62,100966,49
22.63,100965,49
22.63,100959,49
22.63,100962,49
22.62,100956,49
22.64,100964,49
22.64,100964,49
22.63,100960,49
22.62,100963,49
22.62,100958,49
22.62,100967,49
22.63,100968,49
22.61,100960,49
22.61,100959,49
22.61,100970,49
22.6,100964,49
22.6,100965,49
22.6,100963,49
22.61,100962,49
22.61,100959,49
22.61,100959,49
22.61,100962,49
22.6,100966,49
22.59,100956,49
22.6,100960,49
22.6,100957,49
22.59,100962,49
22.6,100960,49
22.6,100963,49
22.62,100966,49
22.61,100962,49
22.62,100961,49
22.63,100965,49
22.63,100959,49
22.64,100964,49
22.64,100964,49
22.66,100959,49
22.65,100966,49
22.64,100958,49
22.63,100958,49
22.63,100955,49
22.63,100959,49
22.64,100958,49
22.62,100964,49
22.62,100961,49
22.62,100961,49
22.62,100959,49
22.62,100961,49
22.63,100968,49
22.62,100963,49
22.62,100961,49
22.62,100969,49
22.61,100962,49
22.62,100966,49
22.63,100962,49
22.61,100954,49
22.61,100959,49
22.61,100967,49
22.62,100958,49
22.62,100961,49
22.62,100955,49
22.62,100958,49
22.61,100960,49
22.62,100963,49
22.63,100962,49
22.61,100960,49
22.62,100955,49
22.61,100964,49
22.62,100961,49
22.62,100961,49
22.61,100959,49
22.6,100961,49
22.61,100960,49
22.6,100968,49
22.61,100964,49
22.61,100959,49
22.62,100961,49
22.61,100959,49
22.62,100961,49
22.62,100959,49
22.61,100957,49
22.62,100958,49
22.62,100958,49
22.62,100961,49
22.63,100962,49
22.64,100967,49
22.62,100955,49
22.62,100961,49
22.62,100964,49
22.62,100961,49
22.63,100962,49
22.64,100969,49
22.62,100961,49
22.62,100964,49
22.63,100965,49
22.63,100968,49
22.63,100962,49
22.63,100962,49
22.62,100966,49
22.62,100961,49
22.62,100961,49
22.63,100958,49
22.64,100958,49
22.65,100966,49
22.66,100966,49
22.64,100964,49
22.65,100963,49
22.64,100965,49
22.65,100966,49
22.65,100966,49
22.64,100964,49
22.65,100963,49
22.65,100968,49
22.65,100963,49
22.66,100962,49
22.64,100956,49
22.64,100964,49
22.66,100962,49
22.65,100960,49
22.64,100961,49
22.65,100971,49
22.65,100960,49
22.66,100964,49
22.66,100966,49
22.66,100966,49
22.65,100960,49
22.65,100960,49
22.65,100960,49
22.64,100956,49
22.64,100961,49
22.64,100969,49
22.63,100962,49
22.63,100963,49
22.63,100962,49
22.64,100967,49
22.63,100963,49
22.64,100964,49
22.64,100969,49
22.64,100964,49
22.63,100957,49
22.62,100961,49
22.63,100962,49
22.63,100962,49
22.63,100968,49
22.63,100959,49
22.63,100962,49
22.63,100971,49
22.62,100961,49
22.62,100961,49
22.62,100958,49
22.63,100962,49
22.62,100961,49
22.6,100958,49
22.61,100960,49
22.62,100966,49
22.62,100961,49
22.61,100959,49
22.62,100963,49
22.62,100966,49
22.61,100967,49
22.61,100962,49
22.6,100963,49
22.61,100964,49
22.62,100963,49
22.62,100958,49
22.63,100963,49
22.64,100964,49
22.63,100958,49
22.63,100962,49
22.64,100964,49
22.63,100962,49
22.63,100958,49
22.64,100964,49
22.64,100967,49
22.64,100967,49
22.65,100966,49
22.64,100959,49
22.65,100966,49
22.64,100965,49
22.64,100958,49
22.64,100961,49
22.64,100964,49
22.63,100962,49
22.63,100962,49
22.63,100962,49
22.63,100957,49
22.63,100965,49
22.64,100969,49
22.63,100960,49
22.64,100958,49
22.64,100953,49
22.65,100966,49
22.63,100966,49
22.64,100956,49
22.64,100958,49
22.63,100960,49
22.63,100962,49
22.63,100963,49
22.63,100963,49
22.65,100963,49
22.64,100958,49
22.64,100953,49
22.65,100966,49
22.63,100963,49
22.63,100963,49
22.64,100964,49
22.63,100959,49
22.64,100959,49
22.64,100956,49
22.65,100960,49
22.63,100960,49
22.64,100965,49
22.64,100958,49
22.64,100965,49
22.65,100960,49
22.64,100965,49
22.65,100963,49
22.65,100966,49
22.66,100964,49
22.66,100967,49
22.67,100963,49
22.66,100965,49
22.66,100965,49
22.66,100967,49
22.66,100967,49
22.65,100960,49
22.66,100956,49
22.66,100964,49
22.66,100967,49
22.65,100963,49
22.65,100966,49
22.65,100966,49
22.67,100963,49
22.66,100961,49
22.66,100967,49
22.65,100960,49
22.66,100966,49
22.66,100961,49
22.65,100966,49
22.66,100967,49
22.65,100966,49
22.66,100967,49
22.66,100967,49
22.66,100959,49
22.66,100973,49
22.65,100960,49
22.65,100957,49
22.66,100961,49
22.66,100967,49
22.66,100961,49
22.66,100962,49
22.66,100966,49
22.65,100963,49
22.65,100960,49
22.66,100967,49
22.66,100966,49
22.67,100968,49
22.65,100971,49
22.66,100967,49
22.66,100967,49
22.66,100964,49
22.66,100965,49
22.65,100960,49
22.67,100968,49
22.66,100959,49
22.66,100965,49
22.67,100963,49
22.67,100963,49
22.68,100964,49
22.67,100963,49
22.68,100968,49
22.68,100971,49
22.67,100963,49
22.67,100963,49
22.67,100963,49
22.68,100964,49
22.67,100963,49
22.67,100963,49
22.66,100962,49
22.66,100962,49
22.67,100963,49
22.67,100960,49
22.67,100963,49
22.67,100958,49
22.67,100963,49
22.67,100961,49
22.67,100969,49
22.68,100964,49
22.68,100965,49
22.68,100964,49
22.68,100971,49
22.69,100967,49
22.7,100968,49
22.7,100966,49
22.71,100970,49
22.71,100967,49
22.71,100965,49
22.71,100965,49
22.71,100967,49
22.69,100961,49
22.7,100966,49
22.7,100969,49
22.69,100961,49
22.69,100966,49
22.69,100961,49
22.71,100964,49
22.71,100964,49
22.7,100966,49
22.7,100960,49
22.71,100965,49
22.72,100966,49
22.71,100965,49
22.71,100965,49
22.73,100967,49
22.71,100965,49
22.71,100965,49
22.71,100965,49
22.71,100967,49
22.7,100963,49
22.71,100967,49
22.7,100960,49
22.7,100960,49
22.71,100964,49
22.7,100966,49
22.7,100959,49
22.7,100962,49
22.7,100965,49
22.71,100964,49
22.71,100959,49
22.7,100958,49
22.71,100964,49
22.71,100958,49
22.7,100966,49
22.7,100960,49
22.72,100966,49
22.72,100966,49
22.72,100964,49
22.72,100968,49
22.71,100965,49
22.72,100966,49
22.72,100966,49
22.71,100965,49
22.72,100960,49
22.71,100965,49
22.72,100966,49
22.72,100966,49
22.72,100958,49
22.72,100964,49
22.72,100964,49
22.72,100964,49
22.72,100961,49
22.72,100966,49
22.73,100965,49
22.73,100965,49
22.72,100961,49
22.73,100968,49
22.73,100963,49
22.72,100966,49
22.73,100967,49
22.73,100963,49
22.74,100963,49
22.74,100963,49
22.73,100963,49
22.72,100966,49
22.72,100966,49
22.72,100969,49
22.73,100962,49
22.73,100963,49
22.72,100961,49
22.72,100964,49
22.73,100968,49
22.74,100962,49
22.75,100965,49
22.74,100962,49
22.75,100965,49
22.74,100962,49
22.76,100968,49
22.75,100966,49
22.74,100970,49
22.76,100961,49
22.74,100962,49
22.74,100962,49
22.74,100964,49
22.74,100963,49
22.75,100969,49
22.74,100970,49
22.74,100963,49
22.73,100963,49
22.74,100962,49
22.74,100964,49
22.73,100963,49
22.74,100963,49
22.73,100968,49
22.74,100972,49
22.73,100965,49
22.74,100972,49
22.73,100963,49
22.73,100963,49
22.74,100975,49
22.74,100969,49
22.73,100965,49
22.74,100975,49
22.73,100965,49
22.75,100965,49
22.74,100956,49
22.75,100965,49
22.75,100966,49
22.75,100969,49
22.76,100968,49
22.75,100966,49
22.75,100966,49
22.74,100964,49
22.76,100968,49
22.75,100962,49
22.75,100963,49
22.75,100960,48
22.74,100963,49
22.74,100964,49
22.73,100968,49
22.74,100969,49
22.73,100968,49
22.73,100971,49
22.74,100963,49
22.73,100963,49
22.73,100968,49
22.72,100969,49
22.72,100966,49
22.72,100961,49
22.72,100966,49
22.72,100972,49
22.72,100969,49
22.73,100968,49
22.73,100968,49
22.75,100966,49
22.74,100972,49
22.74,100964,49
22.74,100973,49
22.73,100967,49
22.73,100963,49
22.73,100971,49
22.73,100968,49
22.72,100966,49
22.73,100963,49
22.72,100963,49
22.73,100971,49
22.72,100966,49
22.72,100969,49
22.72,100971,49
22.71,100968,49
22.7,100963,49
22.72,100960,49
22.71,100959,49
22.71,100964,49
22.72,100966,49
22.71,100970,49
22.71,100970,49
22.71,100965,49
22.71,100968,49
22.71,100970,49
22.71,100961,49
22.7,100968,49
22.71,100967,49
22.7,100963,49
22.7,100966,49
22.7,100962,49
22.7,100969,49
22.7,100966,49
22.7,100957,49
22.71,100967,49
22.7,100963,49
22.69,100961,49
22.69,100961,49
22.7,100969,49
22.7,100971,49
22.69,100970,49
22.7,100966,49
22.7,100963,49
22.69,100967,49
22.7,100969,49
22.7,100963,49
22.7,100963,49
22.71,100970,49
22.72,100971,49
22.72,100969,49
22.71,100965,49
22.71,100965,49
22.71,100970,49
22.72,100966,49
22.72,100966,49
22.72,100969,49
22.72,100971,49
22.71,100970,49
22.71,100965,49
22.71,100961,49
22.7,100971,49
22.7,100966,49
22.7,100966,49
22.7,100969,49
22.71,100965,49
22.71,100965,49
22.72,100969,49
22.72,100961,49
22.73,100968,49
22.73,100963,49
22.74,100975,49
22.73,100963,49
22.73,100968,49
22.74,100970,49
22.74,100970,49
22.74,100970,49
22.73,100963,49
22.74,100964,49
22.75,100966,49
22.75,100965,49
22.75,100965,49
22.76,100962,49
22.76,100965,49
22.76,100962,49
22.76,100973,49
22.76,100965,49
22.77,100969,49
22.77,100961,49
22.77,100972,49
22.77,100971,49
22.76,100965,49
22.77,100969,49
22.77,100969,49
22.77,100969,49
22.77,100975,49
22.77,100960,49
22.77,100969,49
22.77,100964,49
22.77,100964,49
22.77,100969,49
22.77,100969,49
22.78,100971,49
22.77,100969,49
22.78,100960,49
22.78,100966,49
22.78,100968,49
22.78,100971,49
22.78,100966,49
22.78,100966,49
22.79,100970,49
22.8,100969,49
22.8,100974,48
22.79,100970,48
22.8,100966,48
22.8,100963,48
22.8,100968,48
22.8,100966,48
22.81,100965,48
22.81,100973,48
22.81,100962,48
22.8,100969,48
22.8,100972,48
22.81,100971,48
22.79,100962,48
22.8,100963,48
22.8,100961,48
22.81,100968,48
22.8,100965,48
22.8,100969,48
22.8,100969,48
22.81,100971,48
22.78,100971,48
22.79,100967,48
22.79,100967,48
22.79,100966,48
22.78,100971,48
22.79,100973,48
22.79,100972,48
22.79,100967,48
22.8,100966,49
22.79,100967,48
22.8,100969,48
22.8,100963,48
22.79,100964,48
22.79,100964,48
22.8,100965,48
22.8,100966,48
22.81,100960,48
22.81,100965,48
22.8,100969,48
22.8,100966,48
22.81,100976,48
22.82,100969,48
22.8,100972,48
22.82,100967,48
22.81,100968,48
22.8,100966,48
22.82,100970,48
22.83,100973,48
22.83,100977,48
22.82,100972,48
22.83,100971,48
22.83,100980,48
22.82,100978,48
22.82,100972,48
22.83,100974,48
22.83,100974,48
22.82,100967,48
22.83,100974,48
22.84,100970,48
22.83,100973,48
22.83,100962,48
22.84,100967,48
22.84,100978,48
22.84,100967,48
22.84,100967,48
22.85,100977,48
22.85,100969,48
22.85,100971,48
22.86,100974,48
22.85,100972,48
22.86,100964,48
22.86,100968,48
22.85,100977,48
22.86,100971,48
22.86,100976,48
22.85,100969,48
22.86,100968,48
22.86,100974,48
22.86,100971,48
22.88,100976,48
22.86,100974,48
22.86,100974,48
22.88,100976,48
22.87,100970,48
22.89,100968,48
22.89,100973,48
22.89,100973,48
22.89,100973,48
22.89,100973,48
22.89,100970,48
22.88,100966,48
22.88,100976,48
22.89,100983,48
22.88,100971,48
22.88,100971,48
22.88,100971,48
22.88,100973,48
22.88,100973,48
22.87,100975,48
22.88,100971,48
22.88,100977,48
22.88,100976,48
22.88,100974,48
22.88,100971,48
22.87,100967,48
22.87,100975,48
22.87,100973,48
22.88,100971,48
22.88,100969,48
22.89,100968,48
22.88,100971,48
22.88,100974,48
22.89,100968,48
22.89,100970,48
22.89,100978,48
22.88,100971,48
22.89,100970,48
22.88,100971,48
22.87,100975,48
22.86,100968,48
22.86,100974,48
22.87,100972,48
22.87,100977,48
22.85,100972,48
22.86,100974,48
22.88,100976,48
22.88,100971,48
22.87,100969,48
22.86,100974,48
22.86,100968,48
22.87,100969,48
22.86,100979,48
22.86,100971,48
22.86,100967,48
22.85,100974,48
22.86,100973,48
22.84,100976,48
22.85,100968,48
22.85,100977,48
22.85,100972,48
22.84,100970,48
22.85,100971,48
22.85,100974,48
22.84,100969,48
22.84,100976,48
22.83,100971,48
22.84,100976,48
22.83,100974,48
22.83,100974,48
22.83,100977,48
22.83,100974,48
22.83,100973,48
22.83,100977,48
22.83,100969,48
22.83,100980,48
22.83,100968,48
22.83,100977,48
22.84,100978,48
22.83,100969,48
22.84,100976,48
22.85,100975,48
22.85,100977,48
22.85,100972,48
22.85,100969,48
22.85,100972,48
22.84,100970,48
22.85,100972,48
22.86,100974,48
22.86,100976,48
22.88,100974,48
22.87,100974,48
22.87,100975,48
22.88,100971,48
22.88,100977,48
22.89,100968,48
22.9,100980,48
22.9,100974,48
22.9,100974,48
22.9,100980,48
22.91,100973,48
22.92,100973,48
22.91,100971,48
22.92,100975,48
22.92,100969,48
22.91,100973,48
22.91,100974,48
22.92,100978,48
22.91,100977,48
22.91,100968,48
22.91,100976,48
22.91,100976,48
22.9,100969,48
22.9,100975,48
22.91,100971,48
22.91,100977,48
22.91,100974,48
22.92,100973,48
22.92,100973,48
22.91,100971,48
22.91,100977,48
22.91,100970,48
22.91,100974,48
22.93,100968,48
22.91,100974,48
22.92,100972,48
22.92,100973,48
22.93,100974,48
22.91,100971,48
22.92,100969,48
22.92,100973,48
22.91,100971,48
22.9,100967,48
22.91,100981,48
22.9,100969,48
22.91,100973,48
22.9,100969,48
22.89,100970,48
22.89,100979,48
22.9,100969,48
22.9,100975,48
22.9,100975,48
22.91,100971,48
22.9,100975,48
22.91,100974,48
22.91,100971,48
22.91,100976,48
22.91,100974,48
22.9,100972,48
22.91,100977,48
22.91,100971,48
22.91,100982,48
22.91,100974,48
22.91,100970,48
22.9,100968,48
22.9,100980,48
22.9,100974,48
22.89,100973,48
22.9,100972,48
22.91,100978,48
22.9,100974,48
22.91,100976,48
22.9,100978,48
22.91,100976,48
22.91,100974,48
22.91,100973,48
22.91,100977,48
22.92,100973,48
22.93,100979,48
22.92,100973,48
22.92,100973,48
22.93,100974,48
22.93,100977,48
22.93,100969,48
22.94,100973,48
22.93,100972,48
22.93,100974,48
22.93,100974,48
22.93,100980,48
22.92,100973,48
22.92,100977,48
22.92,100972,48
22.92,100973,48
22.93,100979,48
22.93,100974,48
22.92,100973,48
22.93,100972,48
22.92,100967,48
22.93,100966,48
22.92,100967,48
22.92,100973,48
22.93,100977,48
22.93,100980,48
22.93,100976,48
22.93,100974,48
22.93,100977,48
22.93,100969,48
22.93,100980,48
22.94,100981,48
22.93,100969,48
22.94,100970,48
22.94,100975,48
22.93,100974,48
22.93,100974,48
22.94,100976,48
22.94,100971,48
22.94,100965,48
22.95,100971,48
22.95,100972,48
22.94,100968,48
22.95,100969,48
22.95,100972,48
22.94,100973,48
22.95,100972,48
22.96,100971,48
22.96,100979,48
22.96,100968,48
22.96,100974,48
22.96,100974,48
22.96,100973,48
22.96,100971,48
22.96,100979,48
22.96,100974,48
22.96,100973,48
22.95,100978,48
22.96,100973,48
22.95,100978,48
22.95,100972,48
22.95,100978,48
22.95,100978,48
22.95,100972,48
22.95,100977,48
22.94,100976,48
22.95,100975,48
22.96,100977,48
22.97,100976,48
22.96,100968,48
22.95,100969,48
22.96,100974,48
22.97,100970,48
22.97,100970,48
22.97,100975,48
22.96,100968,48
22.97,100976,48
22.97,100981,48
22.97,100975,48
22.96,100974,48
22.97,100975,48
22.97,100976,48
22.97,100975,48
22.98,100975,48
22.98,100974,48
22.97,100978,48
22.97,100976,48
22.97,100975,48
22.97,100981,48
22.97,100978,48
22.96,100971,48
22.96,100974,48
22.96,100974,48
22.96,100979,48
22.95,100975,48
22.96,100974,48
22.96,100968,48
22.97,100969,48
22.97,100978,48
22.97,100976,48
22.98,100977,48
22.98,100972,48
22.97,100973,48
22.98,100976,48
22.98,100979,48
22.99,100975,48
22.98,100972,48
22.97,100976,48
22.98,100977,48
22.98,100983,48
22.98,100975,48
22.99,100978,48
22.98,100977,48
22.98,100980,48
22.97,100980,48
22.97,100981,48
22.98,100971,48
23,100984,48
22.99,100973,48
22.98,100979,48
22.98,100983,48
22.97,100976,48
22.97,100981,48
22.97,100978,48
22.97,100976,48
22.98,100976,48
22.98,100977,48
22.98,100977,48
22.97,100981,48
22.97,100976,48
22.97,100981,48
22.98,100982,48
22.97,100973,48
22.98,100983,48
22.98,100977,48
22.98,100977,48
22.97,100976,48
22.97,100976,48
22.98,100976,48
22.97,100978,48
22.97,100978,48
22.98,100977,48
22.97,100981,48
22.97,100975,48
22.97,100976,48
22.97,100976,48
22.96,100974,48
22.96,100979,48
22.95,100972,48
22.97,100981,48
22.97,100976,48
22.98,100982,48
22.98,100976,48
22.97,100970,48
22.98,100976,48
22.97,100976,48
22.97,100976,48
22.99,100973,48
22.98,100977,48
22.98,100972,48
22.98,100976,48
22.98,100977,48
22.97,100976,48
22.98,100972,48
22.99,100979,48
22.99,100979,48
22.98,100980,48
22.98,100972,48
22.99,100978,48
22.98,100977,48
22.98,100977,48
22.99,100973,48
22.99,100978,48
22.99,100979,48
23.01,100970,48
23,100975,48
23,100980,48
22.99,100979,48
23,100970,48
23,100981,48
23.01,100970,48
23.01,100974,48
23,100972,48
22.99,100976,48
23,100985,48
22.99,100965,48
23,100980,48
22.99,100973,48
23,100978,48
23,100975,48
23,100978,48
23,100972,48
23,100972,48
23,100981,48
23.01,100976,48
23,100970,48
23.01,100976,48
23.01,100974,48
23.01,100980,48
23,100981,48
22.99,100976,48
22.99,100975,48
22.99,100973,48
22.98,100974,48
22.99,100976,48
22.99,100976,48
22.99,100985,48
22.99,100976,48
23,100977,48
22.99,100973,48
23,100981,48
23.01,100976,48
23,100975,48
23.01,100974,48
23,100975,48
23,100978,48
23,100978,48
23.01,100977,48
23.01,100980,48
23.01,100977,48
23.01,100969,48
23.01,100976,48
23.01,100984,48
23,100981,48
22.99,100973,48
23,100978,48
22.99,100973,48
23.01,100976,48
23.01,100976,48
22.99,100965,48
22.99,100979,48
23,100981,48
23,100975,48
23.01,100977,48
23.01,100980,48
23.01,100977,48
23.01,100977,48
23.02,100979,48
23.01,100977,48
23.02,100979,48
23.01,100971,48
23,100974,48
23,100974,48
23,100975,48
23,100981,48
23,100981,48
22.99,100982,48
22.99,100973,48
22.99,100985,48
22.97,100970,48
22.98,100976,48
22.98,100977,48
22.98,100977,48
22.99,100970,48
22.98,100977,48
22.97,100981,48
22.96,100979,48
22.96,100977,48
22.96,100984,48
22.96,100982,48
22.96,100977,48
22.96,100981,48
22.95,100972,48
22.96,100979,48
22.95,100972,48
22.97,100980,48
22.95,100972,48
22.95,100978,48
22.96,100979,48
22.96,100985,48
22.95,100978,48
22.95,100975,48
22.96,100974,48
22.96,100981,48
22.96,100982,48
22.95,100978,48
22.95,100978,48
22.94,100976,48
22.94,100976,48
22.96,100981,48
22.96,100974,48
22.95,100974,48
22.94,100976,48
22.96,100979,48
22.95,100972,48
22.96,100984,48
22.95,100975,48
22.94,100976,48
22.93,100969,48
22.93,100974,48
22.93,100979,48
22.92,100978,48
22.93,100980,48
22.93,100980,48
22.92,100978,48
22.91,100977,48
22.92,100981,48
22.92,100977,48
22.92,100977,48
22.91,100977,48
22.91,100981,48
22.92,100983,48
22.9,100978,48
22.9,100968,48
22.92,100977,48
22.91,100979,48
22.91,100982,48
22.9,100980,48
22.91,100981,48
22.91,100981,48
22.91,100977,48
22.91,100977,48
22.91,100982,48
22.9,100975,48
22.9,100986,48
22.9,100980,48
22.89,100984,48
22.9,100980,48
22.89,100984,48
22.9,100986,48
22.9,100974,48
22.89,100979,48
22.89,100979,48
22.89,100976,48
22.89,100981,48
22.89,100976,48
22.89,100984,48
22.89,100978,48
22.89,100976,48
22.89,100979,48
22.89,100983,48
22.89,100979,48
22.89,100981,48
22.89,100987,48
22.89,100972,48
22.89,100984,48
22.89,100983,48
22.89,100979,48
22.89,100978,48
22.89,100981,48
22.9,100980,48
22.9,100986,48
22.91,100978,48
22.9,100975,48
22.9,100980,48
22.9,100983,48
22.9,100980,48
22.9,100982,48
22.9,100986,48
22.9,100980,48
22.91,100982,48
22.91,100982,48
22.9,100975,48
22.92,100983,48
22.92,100978,48
22.92,100978,48
22.92,100981,48
22.92,100978,48
22.92,100981,48
22.93,100979,48
22.93,100979,48
22.93,100979,48
22.92,100978,48
22.93,100979,48
22.92,100981,48
22.92,100978,48
22.93,100985,48
22.93,100985,48
22.92,100984,48
22.93,100979,48
22.93,100985,48
22.92,100978,48
22.92,100975,48
22.92,100977,48
22.93,100983,48
22.94,100975,48
22.93,100980,48
22.94,100979,48
22.92,100981,48
22.92,100975,48
22.92,100983,48
22.92,100980,48
22.91,100988,48
22.91,100981,48
22.9,100983,48
22.9,100980,48
22.9,100985,48
22.88,100983,48
22.89,100975,48
22.88,100983,48
22.87,100986,48
22.86,100974,48
22.87,100980,48
22.87,100986,48
22.87,100986,48
22.88,100988,48
22.88,100988,48
22.88,100983,48
22.87,100978,48
22.88,100983,48
22.88,100988,48
22.88,100987,48
22.87,100984,48
22.88,100987,48
22.89,100990,48
22.89,100984,48
22.89,100990,48
22.89,100984,48
22.9,100985,48
22.9,100986,48
22.9,100993,48
22.91,100985,48
22.9,100986,48
22.89,100990,48
22.88,100983,48
22.88,100988,48
22.88,100985,48
22.89,100984,48
22.89,100990,48
22.89,100987,48
22.89,100990,48
22.9,100989,48
22.9,100985,48
22.9,100989,48
22.89,100990,48
22.89,100990,48
22.9,100989,48
22.89,100984,48
22.9,100988,48
22.89,100990,48
22.89,100990,48
22.9,100985,48
22.89,100990,48
22.89,100979,48
22.9,100985,48
22.89,100990,48
22.9,100991,48
22.89,100990,48
22.9,100991,48
22.89,100990,48
22.89,100989,48
22.89,100989,48
22.88,100985,48
22.88,100994,48
22.88,100984,48
22.88,100988,48
22.89,100994,48
22.88,100999,48
22.88,100993,48
22.87,100992,48
22.88,100988,48
22.9,100996,48
22.89,100993,48
22.89,100990,48
22.9,100986,48
22.88,100983,48
22.88,100994,48
22.87,100995,48
22.88,100988,48
22.88,100985,48
22.86,100987,48
22.86,100990,48
22.86,100985,48
22.86,100987,48
22.86,100993,48
22.86,100987,48
22.85,100989,48
22.85,100994,48
22.86,100989,48
22.85,100994,48
22.84,100990,48
22.85,100994,48
22.84,100992,48
22.85,100990,48
22.84,100989,48
22.84,100992,48
22.85,100993,48
22.85,100994,48
22.87,100991,48
22.86,100990,48
22.84,100992,48
22.83,100996,48
22.83,100996,48
22.83,100996,48
22.83,100984,48
22.83,100996,48
22.83,100996,48
22.82,100986,48
22.84,100992,48
22.82,100994,48
22.82,100992,48
22.82,100995,48
22.82,100995,48
22.81,100993,48
22.81,100993,48
22.81,100998,49
22.8,100997,48
22.8,100997,48
22.8,100990,49
22.79,100989,49
22.79,100989,49
22.8,100991,49
22.8,100997,49
22.8,100997,49
22.81,100998,49
22.81,100998,49
22.8,100997,49
22.8,101005,49
22.79,100989,49
22.79,100998,49
22.79,101001,49
22.78,100993,49
22.78,100992,49
22.78,100998,49
22.78,101001,49
22.78,100993,49
22.77,100997,49
22.78,100993,49
22.79,100992,49
22.79,101000,49
22.79,100998,49
22.79,101001,49
22.78,100996,49
22.79,100995,49
22.8,100999,49
22.79,100995,49
22.79,101001,49
22.8,101001,49
22.79,100992,49
22.79,100997,49
22.79,101001,49
22.78,100999,49
22.79,100995,49
22.79,101002,49
22.79,101000,49
22.79,100995,49
22.79,100995,49
22.79,100998,49
22.81,100996,49
22.8,100999,49
22.81,101004,49
22.82,101000,49
22.82,101005,49
22.83,101001,49
22.81,101004,49
22.81,100998,49
22.8,101002,49
22.8,101005,49
22.79,101003,49
22.79,100998,49
22.79,101000,49
22.79,101003,49
22.79,101006,49
22.79,101002,49
22.78,101004,49
22.78,100998,49
22.78,101004,49
22.78,101004,49
22.77,101003,49
22.77,101005,49
22.77,101005,49
22.76,100995,49
22.76,101001,49
22.76,101004,49
22.77,100999,49
22.76,101006,49
22.75,100999,49
22.76,101003,49
22.75,101005,49
22.75,101008,49
22.74,101000,49
22.74,101009,49
22.75,101008,49
22.75,100998,49
22.75,101002,49
22.75,101007,49
22.76,101006,49
22.77,101005,49
22.76,101008,49
22.76,101004,49
22.77,101003,49
22.78,101006,49
22.78,101006,49
22.78,101004,49
22.79,101005,49
22.78,101002,49
22.79,101003,49
22.78,101002,49
22.79,101009,49
22.79,101009,49
22.79,101005,49
22.79,101001,49
22.79,101006,49
22.8,101002,49
22.8,101001,49
22.8,101002,49
22.8,101004,49
22.78,101002,49
22.78,101002,49
22.78,101004,49
22.77,101003,49
22.78,101001,49
22.78,101004,49
22.76,100995,49
22.76,101001,49
22.76,101004,49
22.76,100995,49
22.75,100999,49
22.75,100998,49
22.74,100998,49
22.74,100995,49
22.74,101002,49
22.73,101001,49
22.73,101001,49
22.74,101009,49
22.73,101007,49
22.73,101001,49
22.73,101004,49
22.73,101001,49
22.73,100996,49
22.73,101001,49
22.72,101000,49
22.72,100997,49
22.72,101000,49
22.72,100994,49
22.72,100999,49
22.72,100993,49
22.71,100987,49
22.72,100988,49
22.72,100996,49
22.72,100993,49
22.72,100997,49
22.73,100990,49
22.72,100994,49
22.72,100997,49
22.71,100998,49
22.72,101005,49
22.72,100996,49
22.71,100992,49
22.71,100998,49
22.71,101004,49
22.72,100993,49
22.71,100992,49
22.71,100992,49
22.72,100994,49
22.73,100996,49
22.73,100996,49
22.74,100997,49
22.74,100998,49
22.74,100998,49
22.74,100992,49
22.73,100993,49
22.75,100993,49
22.74,100991,49
22.76,100997,49
22.75,100997,49
22.76,100998,49
22.76,100998,49
22.76,101000,49
22.76,101000,49
22.75,100999,49
22.74,100995,49
22.74,100992,49
22.73,100999,49
22.74,100994,49
22.74,100998,49
22.74,101002,49
22.73,100996,49
22.73,100999,49
22.73,100996,49
22.73,100996,49
22.73,101001,49
22.74,101003,49
22.74,101000,49
22.73,100996,49
22.74,100995,49
22.74,100997,49
22.74,101003,49
22.75,101004,49
22.74,100999,49
22.74,101005,49
22.73,100999,49
22.72,101000,49
22.71,100998,49
22.72,101000,49
22.72,101000,49
22.72,101005,49
22.71,101004,49
22.71,100997,49
22.71,101005,49
22.71,100998,49
22.7,101002,49
22.71,101003,49
22.7,101002,49
22.71,101003,49
22.7,100999,49
22.69,101000,49
22.7,100999,49
22.69,101005,49
22.69,100999,49
22.69,100999,49
22.69,101006,49
22.69,101005,49
22.68,101010,49
22.68,101004,49
22.68,101004,49
22.69,101003,49
22.69,101000,49
22.69,101006,49
22.7,100996,49
22.7,101002,49
22.7,100996,49
22.71,101003,49
22.71,101006,49
22.71,101004,49
22.71,100998,49
22.71,101009,49
22.7,101002,49
22.7,101005,49
22.7,101007,49
22.7,101001,49
22.7,100999,49
22.7,101004,49
22.69,101008,49
22.69,101006,49
22.68,101012,49
22.68,101007,49
22.68,101006,49
22.68,101009,49
22.67,101005,49
22.66,100998,49
22.67,101002,49
22.67,101008,49
22.66,101012,49
22.67,101011,49
22.67,101008,49
22.67,101007,49
22.66,101003,49
22.66,101012,49
22.67,101011,49
22.66,101009,49
22.66,100997,49
22.66,101000,49
22.66,101005,49
22.65,101004,49
22.66,101006,49
22.67,101013,49
22.67,101007,49
22.67,101008,49
22.68,100998,49
22.67,101008,49
22.68,101010,49
22.69,101003,49
22.7,101002,49
22.69,101008,49
22.68,101004,49
22.67,101002,49
22.67,101002,49
22.67,101005,49
22.68,101012,49
22.67,101013,49
22.67,101007,49
22.68,101010,49
22.68,101011,49
22.68,101009,49
22.67,101005,49
22.67,101008,49
22.66,101012,49
22.67,101008,49
22.66,101006,49
22.65,101016,49
22.66,101008,49
22.66,101003,49
22.67,101001,49
22.66,101006,49
22.67,101010,49
22.66,101006,49
22.66,101006,49
22.66,101017,49
22.66,101006,49
22.66,101006,49
22.66,101005,49
22.66,101009,49
22.66,101006,49
22.66,101006,49
22.65,101010,49
22.66,101006,49
22.66,101005,49
22.65,101010,49
22.65,101004,49
22.64,101004,49
22.65,101004,49
22.64,101005,49
22.64,101006,49
22.64,101011,49
22.64,101011,49
22.64,101008,49
22.65,101010,49
22.66,101011,49
22.65,101007,49
22.66,101006,49
22.65,101002,49
22.66,101005,49
22.65,101010,49
22.66,101009,49
22.66,101012,49
22.66,101003,49
22.66,101000,49
22.66,101009,49
22.67,101004,49
22.67,101007,49
22.67,101002,49
22.67,101008,49
22.67,101002,49
22.68,101007,49
22.67,101002,49
22.68,101009,49
22.67,101005,49
22.67,101007,49
22.67,101008,49
22.67,101013,49
22.67,101013,49
22.66,101012,49
22.66,101012,49
22.66,101006,49
22.65,101004,49
22.66,101011,49
22.66,101006,49
22.66,101012,49
22.66,101011,49
22.66,101011,49
22.64,101011,49
22.66,101017,49
22.66,101014,49
22.65,101016,49
22.64,101009,49
22.64,101008,49
22.65,101013,49
22.64,101009,49
22.66,101012,49
22.66,101009,49
22.66,101012,49
22.67,101008,49
22.66,101006,49
22.67,101007,49
22.67,101013,49
22.68,101014,49
22.68,101010,49
22.68,101011,49
22.69,101019,49
22.69,101019,49
22.68,101010,49
22.68,101015,49
22.68,101010,49
22.68,101018,49
22.68,101021,49
22.68,101015,49
22.69,101014,49
22.69,101017,49
22.69,101014,49
22.69,101011,49
22.69,101017,49
22.7,101012,49
22.71,101015,49
22.69,101017,49
22.7,101007,49
22.69,101008,49
22.69,101013,49
22.68,101015,49
22.68,101015,49
22.68,101015,49
22.68,101009,49
22.68,101015,49
22.68,101009,49
22.68,101010,49
22.68,101012,49
22.7,101012,49
22.69,101014,49
22.69,101010,49
22.69,101011,49
22.7,101015,49
22.7,101013,49
22.7,101019,49
22.69,101014,49
22.7,101013,49
22.7,101012,49
22.71,101019,49
22.7,101013,49
22.71,101008,49
22.71,101012,49
22.72,101016,49
22.71,101014,49
22.7,101019,49
22.7,101013,49
22.71,101020,49
22.72,101016,49
22.71,101020,49
22.72,101016,49
22.73,101018,49
22.74,101019,49
22.74,101017,49
22.74,101020,49
22.74,101020,49
22.75,101012,49
22.74,101023,49
22.75,101015,49
22.74,101014,49
22.74,101017,49
22.75,101013,49
22.74,101014,49
22.75,101013,49
22.75,101018,49
22.75,101021,49
22.75,101019,49
22.75,101019,49
22.75,101019,49
22.74,101020,49
22.75,101013,49
22.75,101013,49
22.75,101016,49
22.76,101020,49
22.76,101012,49
22.76,101018,49
22.75,101016,49
22.75,101010,49
22.74,101014,49
22.75,101010,49
22.75,101013,49
22.75,101023,49
22.75,101019,49
22.75,101016,49
22.74,101019,49
22.73,101018,49
22.73,101018,49
22.73,101013,49
22.74,101017,49
22.74,101023,49
22.74,101014,49
22.74,101019,49
22.75,101015,49
22.74,101014,49
22.75,101015,49
22.75,101016,49
22.76,101022,49
22.75,101021,49
22.76,101017,49
22.76,101017,49
22.75,101021,49
22.75,101016,49
22.74,101023,49
22.73,101021,49
22.73,101024,49
22.73,101020,49
22.73,101024,49
22.73,101021,49
22.73,101017,49
22.72,101019,49
22.71,101015,49
22.71,101023,49
22.72,101016,49
22.72,101016,49
22.71,101015,49
22.71,101012,49
22.71,101023,49
22.71,101023,49
22.7,101018,49
22.69,101022,49
22.71,101020,49
22.7,101024,49
22.69,101020,49
22.69,101017,49
22.69,101017,49
22.69,101014,49
22.69,101021,49
22.69,101022,49
22.68,101018,49
22.69,101021,49
22.68,101021,49
22.69,101019,49
22.68,101021,49
22.68,101021,49
22.68,101026,49
22.68,101023,49
22.68,101020,49
22.67,101022,49
22.67,101018,49
22.67,101030,49
22.67,101018,49
22.67,101024,49
22.67,101021,49
22.66,101023,49
22.65,101018,49
22.66,101017,49
22.67,101022,49
22.66,101028,49
22.66,101028,49
22.66,101016,49
22.66,101027,49
22.64,101020,49
22.65,101027,49
22.65,101027,49
22.64,101020,49
22.64,101014,49
22.63,101024,49
22.65,101027,49
22.65,101027,49
22.64,101026,49
22.65,101027,49
22.66,101030,49
22.65,101018,49
22.64,101025,49
22.64,101015,49
22.63,101018,49
22.63,101029,49
22.63,101024,49
22.63,101018,49
22.62,101022,49
22.63,101026,49
22.63,101029,49
22.63,101032,49
22.62,101024,49
22.62,101025,49
22.62,101024,49
22.61,101026,49
22.62,101027,49
22.62,101027,49
22.62,101016,49
22.62,101016,49
22.61,101015,49
22.61,101023,49
22.62,101024,49
22.61,101023,49
22.62,101022,49
22.62,101022,49
22.64,101014,49
22.64,101019,49
22.63,101027,49
22.63,101023,49
22.63,101018,49
22.62,101022,49
22.63,101018,49
22.62,101022,49
22.62,101025,49
22.63,101023,49
22.64,101019,49
22.64,101025,49
22.65,101029,49
22.65,101018,49
22.66,101022,49
22.65,101021,49
22.65,101032,49
22.66,101033,49
22.64,101017,49
22.65,101027,49
22.64,101030,49
22.63,101029,49
22.63,101030,49
22.63,101027,49
22.63,101023,49
22.63,101029,49
22.62,101025,49
22.63,101032,49
22.62,101033,49
22.62,101027,49
22.61,101032,49
22.62,101031,49
22.62,101033,49
22.6,101030,49
22.61,101025,49
22.6,101026,49
22.6,101024,49
22.6,101029,49
22.6,101030,49
22.59,101023,49
22.6,101026,49
22.6,101024,49
22.6,101027,49
22.6,101024,49
22.59,101028,49
22.61,101031,49
22.6,101024,49
22.62,101022,49
22.63,101023,49
22.62,101025,49
22.63,101030,49
22.62,101017,49
22.63,101029,49
22.63,101029,49
22.62,101033,49
22.63,101027,49
22.64,101020,49
22.64,101025,49
22.65,101029,49
22.64,101026,49
22.65,101027,49
22.65,101032,49
22.64,101030,49
22.65,101018,49
22.66,101028,49
22.66,101023,49
22.67,101024,49
22.66,101023,49
22.67,101024,49
22.67,101019,49
22.67,101030,49
22.68,101020,49
22.67,101024,49
22.67,101019,49
22.67,101022,49
22.67,101019,49
22.68,101023,49
22.68,101021,49
22.68,101021,49
22.69,101021,49
22.68,101021,49
22.69,101025,49
22.69,101021,49
22.69,101021,49
22.68,101021,49
22.69,101020,49
22.69,101022,49
22.69,101033,49
22.7,101029,49
22.69,101020,49
22.7,101024,49
22.71,101019,49
22.71,101026,49
22.7,101024,49
22.7,101027,49
22.7,101027,49
22.7,101019,49
22.7,101030,49
22.71,101019,49
22.7,101019,49
22.7,101021,49
22.7,101019,49
22.71,101020,49
22.7,101024,49
22.7,101021,49
22.71,101022,49
22.7,101026,49
22.69,101020,49
22.69,101025,49
22.69,101021,49
22.68,101025,49
22.67,101019,49
22.67,101019,49
22.68,101021,49
22.66,101028,49
22.66,101016,49
22.66,101019,49
22.66,101023,49
22.65,101021,49
22.66,101017,49
22.65,101016,49
22.64,101026,49
22.65,101016,49
22.65,101016,49
22.65,101018,49
22.66,101027,49
22.65,101016,49
22.64,101019,49
22.63,101023,49
22.63,101018,49
22.63,101018,49
22.64,101025,49
22.63,101013,49
22.63,101023,49
22.63,101018,49
22.62,101022,49
22.62,101017,49
22.62,101016,49
22.62,101022,49
22.63,101018,49
22.62,101016,49
22.62,101016,49
22.6,101021,49
22.6,101013,49
22.61,101025,49
22.6,101024,49
22.61,101014,49
22.6,101018,49
22.59,101017,49
22.6,101018,49
22.59,101022,49
22.6,101018,49
22.59,101022,49
22.58,101018,49
22.59,101022,49
22.59,101022,49
22.58,101017,49
22.59,101022,49
22.57,101021,49
22.57,101025,49
22.58,101026,49
22.59,101025,49
22.57,101022,49
22.58,101017,49
22.58,101020,49
22.59,101016,49
22.57,101019,49
22.58,101018,49
22.57,101022,49
22.58,101020,49
22.56,101022,49
22.56,101018,49
22.55,101016,49
22.56,101020,49
22.57,101024,49
22.57,101019,49
22.58,101020,49
22.58,101018,49
22.58,101020,49
22.58,101023,49
22.58,101016,49
22.58,101024,49
22.59,101022,49
22.6,101021,49
22.6,101021,49
22.6,101027,49
22.6,101019,49
22.6,101021,49
22.6,101019,49
22.6,101018,49
22.61,101023,49
22.61,101020,49
22.62,101024,49
22.62,101013,49
22.62,101017,49
22.62,101013,49
22.61,101021,49
22.62,101022,49
22.61,101020,49
22.6,101018,49
22.6,101021,49
22.6,101018,49
22.61,101020,49
22.59,101020,49
22.62,101024,49
22.58,101018,49
22.6,101024,49
22.58,101010,49
22.59,101019,49
22.59,101025,49
22.59,101019,49
22.58,101017,49
22.59,101023,49
22.59,101022,49
22.58,101023,49
22.58,101015,49
22.57,101019,49
22.57,101024,49
22.58,101021,49
22.57,101022,49
22.58,101021,49
22.59,101019,49
22.58,101026,49
22.59,101025,49
22.58,101020,49
22.58,101015,49
22.58,101023,49
22.58,101020,49
22.56,101026,49
22.57,101019,49
22.58,101020,49
22.58,101020,49
22.58,101020,49
22.58,101020,49
22.58,101026,49
22.58,101023,49
22.57,101019,49
22.58,101020,49
22.58,101026,49
22.59,101022,49
22.58,101016,49
22.59,101019,49
22.6,101024,49
22.59,101020,49
22.59,101022,49
22.59,101019,49
22.6,101024,49
22.61,101028,49
22.61,101025,49
22.62,101028,49
22.64,101017,49
22.63,101018,49
22.63,101018,49
22.64,101014,49
22.64,101014,49
22.62,101016,49
22.62,101022,49
22.62,101016,49
22.62,101022,49
22.6,101024,49
22.6,101013,49
22.61,101014,49
22.62,101010,49
22.61,101026,49
22.62,101022,49
22.62,101011,49
22.62,101024,49
22.63,101015,49
22.63,101018,49
22.63,101023,49
22.62,101017,49
22.62,101016,49
22.62,101022,49
22.61,101023,49
22.62,101022,49
22.62,101022,49
22.61,101011,49
22.62,101017,49
22.62,101022,49
22.63,101012,49
22.63,101018,49
22.64,101019,49
22.63,101018,49
22.64,101019,49
22.64,101017,49
22.65,101016,49
22.66,101016,49
22.66,101011,49
22.65,101013,49
22.66,101017,49
22.65,101018,49
22.65,101021,49
22.65,101018,49
22.65,101013,49
22.66,101017,49
22.66,101017,49
22.66,101017,49
22.67,101019,49
22.67,101022,49
22.67,101019,49
22.68,101015,49
22.68,101021,49
22.68,101014,49
22.68,101010,49
22.68,101010,49
22.69,101017,49
22.69,101016,49
22.69,101016,49
22.69,101013,49
22.69,101020,49
22.69,101017,49
22.69,101022,49
22.7,101024,49
22.7,101013,49
22.69,101017,49
22.69,101017,49
22.68,101012,49
22.68,101015,49
22.68,101018,49
22.68,101009,49
22.68,101020,49
22.67,101019,49
22.67,101013,49
22.67,101018,49
22.66,101014,49
22.66,101012,49
22.65,101016,49
22.64,101011,49
22.65,101016,49
22.64,101017,49
22.63,101018,49
22.63,101024,49
22.64,101019,49
22.63,101015,49
22.62,101016,49
22.62,101017,49
22.63,101018,49
22.64,101019,49
22.63,101026,49
22.62,101014,49
22.62,101014,49
22.63,101018,49
22.61,101023,49
22.62,101016,49
22.63,101015,49
22.62,101022,49
22.62,101016,49
22.61,101021,49
22.62,101016,49
22.6,101018,49
22.61,101011,49
22.6,101018,49
22.6,101018,49
22.6,101018,49
22.59,101017,49
22.6,101013,49
22.6,101018,49
22.6,101021,49
22.6,101019,49
22.6,101021,49
22.6,101021,49
22.6,101018,49
22.61,101011,49
22.61,101011,49
22.61,101025,49
22.61,101011,49
22.61,101015,49
22.62,101024,49
22.63,101026,49
22.62,101016,49
22.62,101017,49
22.63,101012,49
22.63,101012,49
22.64,101014,49
22.64,101014,49
22.65,101016,49
22.64,101011,49
22.65,101016,49
22.64,101014,49
22.64,101014,49
22.64,101014,49
22.63,101012,49
22.63,101015,49
22.63,101015,49
22.62,101013,49
22.61,101012,49
22.63,101018,49
22.63,101023,49
22.64,101019,49
22.64,101014,49
22.64,101014,49
22.64,101014,49
22.64,101017,49
22.64,101008,49
22.63,101007,49
22.64,101014,49
22.63,101012,49
22.64,101019,49
22.64,101019,49
22.65,101016,49
22.65,101021,49
22.64,101014,49
22.63,101015,49
22.63,101018,49
22.64,101014,49
22.64,101012,49
22.63,101016,49
22.64,101014,49
22.63,101013,49
22.63,101012,49
22.64,101025,49
22.64,101014,49
22.63,101012,49
22.64,101014,49
22.63,101018,49
22.64,101014,49
22.64,101014,49
22.66,101017,49
22.65,101013,49
22.65,101010,49
22.67,101013,49
22.66,101011,49
22.65,101016,49
22.66,101020,49
22.66,101017,49
22.65,101016,49
22.66,101017,49
22.64,101014,49
22.64,101019,49
22.64,101008,49
22.64,101019,49
22.64,101019,49
22.63,101012,49
22.63,101012,49
22.62,101022,49
22.63,101012,49
22.62,101016,49
22.62,101010,49
22.61,101015,49
22.61,101020,49
22.61,101020,49
22.6,101024,49
22.6,101013,49
22.6,101010,49
22.59,101016,49
22.59,101016,49
22.58,101016,49
22.59,101016,49
22.58,101016,49
22.59,101022,49
22.58,101020,49
22.57,101013,49
22.58,101010,49
22.57,101014,49
22.57,101014,49
22.56,101023,49
22.56,101020,49
22.57,101013,49
22.56,101017,49
22.56,101018,49
22.56,101014,49
22.55,101019,49
22.55,101016,49
22.56,101017,49
22.55,101018,49
22.55,101018,49
22.55,101015,49
22.54,101016,49
22.54,101022,49
22.55,101018,49
22.54,101019,49
22.54,101017,49
22.54,101013,49
22.53,101018,49
22.54,101019,49
22.53,101017,49
22.53,101017,49
22.52,101016,49
22.53,101017,49
22.53,101015,49
22.52,101016,49
22.52,101016,49
22.52,101014,49
22.52,101021,49
22.52,101018,49
22.52,101016,49
22.52,101019,49
22.52,101013,49
22.51,101022,49
22.51,101012,49
22.51,101017,49
22.5,101018,49
22.51,101014,49
22.51,101015,49
22.5,101019,49
22.5,101019,49
22.5,101010,49
22.5,101015,49
22.5,101019,49
22.49,101006,49
22.5,101015,49
22.51,101014,49
22.52,101013,49
22.52,101013,49
22.53,101012,49
22.52,101014,49
22.52,101011,49
22.53,101013,49
22.53,101013,49
22.53,101013,49
22.54,101013,49
22.55,101015,49
22.56,101014,49
22.55,101015,49
22.55,101013,49
22.56,101011,49
22.56,101014,49
22.57,101014,49
22.58,101017,49
22.58,101009,49
22.57,101006,49
22.59,101008,49
22.59,101016,49
22.59,101016,49
22.6,101013,49
22.59,101009,49
22.59,101022,49
22.59,101005,49
22.59,101009,49
22.59,101005,49
22.58,101006,49
22.58,101009,49
22.57,101008,49
22.57,101014,49
22.57,101002,49
22.57,101013,49
22.56,101018,49
22.56,101011,49
22.57,101016,49
22.56,101011,49
22.56,101012,49
22.57,101013,49
22.57,101016,49
22.57,101013,49
22.57,101013,49
22.58,101015,49
22.56,101011,49
22.56,101006,49
22.56,101011,49
22.57,101013,49
22.56,101011,49
22.56,101006,49
22.56,101007,49
22.56,101015,49
22.56,101015,49
22.58,101009,49
22.57,101007,49
22.57,101013,49
22.57,101014,49
22.56,101015,49
22.56,101011,49
22.57,101013,49
22.57,101013,49
22.58,101018,49
22.59,101008,49
22.59,101016,49
22.59,101011,49
22.58,101004,49
22.59,101019,49
22.59,101012,49
22.6,101013,49
22.61,101009,49
22.6,101018,49
22.6,101007,49
22.6,101008,49
22.61,101011,49
22.6,101008,49
22.62,101013,49
22.62,101011,49
22.62,101013,49
22.62,101006,49
22.62,101010,49
22.62,101009,49
22.62,101013,49
22.62,101010,49
22.62,101010,49
22.61,101006,49
22.61,101011,49
22.6,101013,49
22.6,101013,49
22.6,101008,49
22.59,101006,49
22.59,101006,49
22.6,101010,49
22.59,101008,49
22.58,101006,49
22.59,101016,49
22.57,101014,49
22.59,101016,49
22.59,101008,49
22.58,101009,49
22.58,101004,49
22.58,101009,49
22.58,101004,49
22.58,101006,49
22.58,101006,49
22.57,101007,49
22.58,101004,49
22.57,101007,49
22.59,101008,49
22.58,101010,49
22.59,101008,49
22.59,101008,49
22.59,101006,49
22.6,101018,49
22.6,101013,49
22.6,101007,49
22.6,101007,49
22.61,101009,49
22.61,101011,49
22.61,101009,49
22.61,101010,49
22.6,101013,49
22.6,101008,49
22.6,101010,49
22.6,101013,49
22.6,101001,49
22.6,101007,49
22.6,101007,49
22.59,101011,49
22.59,101011,49
22.59,101008,49
22.59,101012,49
22.59,101005,49
22.6,101013,49
22.61,101006,49
22.6,101004,49
22.62,101002,49
22.6,101008,49
22.61,101010,49
22.62,101008,49
22.62,101010,49
22.62,101005,49
22.62,101005,49
22.62,101010,49
22.63,101007,49
22.63,101009,49
22.63,101007,49
22.63,101007,49
22.64,101008,49
22.64,101014,49
22.65,101010,49
22.64,101012,49
22.64,101008,49
22.64,101011,49
22.63,101007,49
22.63,101007,49
22.64,101008,49
22.64,101003,49
22.63,101007,49
22.65,101010,49
22.65,101004,49
22.65,101007,49
22.65,101010,49
22.64,101011,49
22.64,101003,49
22.64,101008,49
22.63,101005,49
22.63,101009,49
22.62,101008,49
22.61,101010,49
22.62,101008,49
22.61,101009,49
22.61,101009,49
22.62,101005,49
22.6,101008,49
22.61,101007,49
22.62,101010,49
22.62,101011,49
22.63,101009,49
22.62,101008,49
22.62,101010,49
22.63,101007,49
22.63,101013,49
22.63,101007,49
22.63,101010,49
22.63,101007,49
22.63,101009,49
22.63,101007,49
22.61,101012,49
22.61,101007,49
22.61,101007,49
22.6,101011,49
22.6,101008,49
22.59,101006,49
22.59,101006,49
22.59,101005,49
22.59,101011,49
22.59,101005,49
22.59,101011,49
22.58,101007,49
22.58,101015,49
22.57,101003,49
22.58,101015,49
22.57,101007,49
22.57,101013,49
22.57,101014,49
22.57,101016,49
22.56,101006,49
22.56,101011,49
22.56,101006,49
22.56,101006,49
22.56,101012,49
22.55,101010,49
22.54,101013,49
22.55,101016,49
22.55,101010,49
22.56,101011,49
22.56,101006,49
22.57,101005,49
22.57,101008,49
22.57,101005,49
22.58,101007,49
22.58,101009,49
22.58,101010,49
22.59,101008,49
22.59,101011,49
22.59,101005,49
22.59,101009,49
22.59,101003,49
22.6,101004,49
22.6,101010,49
22.6,101001,49
22.61,101010,49
22.61,101003,49
22.61,101010,49
22.61,101006,49
22.61,101006,49
22.61,101010,49
22.61,101010,49
22.61,101012,49
22.61,101014,49
22.62,101016,49
22.62,101010,49
22.62,101006,49
22.64,101008,49
22.63,101015,49
22.63,101012,49
22.64,101005,49
22.64,101009,49
22.65,101010,49
22.65,101013,49
22.65,101010,49
22.66,101012,49
22.66,101012,49
22.66,101012,49
22.66,101006,49
22.67,101013,49
22.66,101012,49
22.67,101013,49
22.67,101013,49
22.67,101005,49
22.67,101013,49
22.67,101008,49
22.67,101007,49
22.67,101013,49
22.68,101007,49
22.68,101009,49
22.68,101009,49
22.67,101008,49
22.69,101008,49
22.68,101010,49
22.68,101003,49
22.68,101004,49
22.68,101010,49
22.69,101008,49
22.69,101010,49
22.68,101007,49
22.68,101014,49
22.68,101015,49
22.67,101011,49
22.66,101009,49
22.66,101009,49
22.65,101007,49
22.66,101012,49
22.65,101004,49
22.64,101009,49
22.65,101010,49
22.66,101011,49
22.65,101007,49
22.66,101006,49
22.66,101012,49
22.66,101014,49
22.66,101006,49
22.67,101007,49
22.67,101011,49
22.67,101013,49
22.66,101006,49
22.67,101001,49
22.67,101010,49
22.68,101004,49
22.67,101007,49
22.67,101008,49
22.66,101006,49
22.66,101012,49
22.65,101004,49
22.65,101007,49
22.64,101005,49
22.64,101008,49
22.63,101007,49
22.64,101003,49
22.63,101012,49
22.63,101007,49
22.63,101012,49
22.62,101008,49
22.61,101006,49
22.62,101010,49
22.6,101001,49
22.61,101011,49
22.6,101008,49
22.6,101013,49
22.59,101012,49
22.6,101007,49
22.6,101007,49
22.59,101011,49
22.59,101003,49
22.58,101006,49
22.58,101009,49
22.58,101015,49
22.57,101008,49
22.57,101014,49
22.56,101012,49
22.56,101012,49
22.57,101013,49
22.57,101007,49
22.56,101014,49
22.55,101010,49
22.55,101004,49
22.56,101011,49
22.55,101012,49
22.55,101015,49
22.55,101012,49
22.54,101003,49
22.54,101013,49
22.54,101012,49
22.54,101013,49
22.54,101008,49
22.55,101010,49
22.55,101010,49
22.55,101015,49
22.55,101015,49
22.55,101015,49
22.53,101007,49
22.54,101014,49
22.53,101010,49
22.53,101012,49
22.54,101008,49
22.53,101012,49
22.53,101006,49
22.53,101018,49
22.53,101013,49
22.54,101008,49
22.54,101008,49
22.54,101019,49
22.55,101018,49
22.55,101015,49
22.55,101016,49
22.55,101019,49
22.56,101012,49
22.56,101015,49
22.57,101013,49
22.57,101014,49
22.58,101015,49
22.58,101009,49
22.59,101016,49
22.59,101017,49
22.59,101012,49
22.59,101012,49
22.6,101013,49
22.61,101014,49
22.61,101009,49
22.61,101009,49
22.61,101010,49
22.61,101003,49
22.61,101014,49
22.61,101010,49
22.62,101005,49
22.62,101010,49
22.61,101004,49
22.63,101012,49
22.63,101007,49
22.63,101012,49
22.63,101010,49
22.64,101014,49
22.64,101014,49
22.63,101010,49
22.63,101010,49
22.63,101007,49
22.65,101013,49
22.64,101008,49
22.64,101005,49
22.65,101016,49
22.64,101008,49
22.64,101011,49
22.65,101004,49
22.64,101004,49
22.66,101006,49
22.65,101010,49
22.66,101006,49
22.66,101011,49
22.66,101008,49
22.66,101008,49
22.67,101015,49
22.66,101009,49
22.66,101006,49
22.66,101001,49
22.66,101006,49
22.67,101008,49
22.68,101011,49
22.67,101008,49
22.67,101013,49
22.67,101008,49
22.67,101008,49
22.67,101013,49
22.67,101013,49
22.67,101013,49
22.66,101006,49
22.66,101003,49
22.65,101007,49
22.66,101011,49
22.66,101011,49
22.64,101012,49
22.64,101012,49
22.63,101007,49
22.64,101008,49
22.63,101007,49
22.63,101002,49
22.63,101007,49
22.63,101005,49
22.64,100997,49
22.64,101004,49
22.64,101005,49
22.62,101010,49
22.62,101006,49
22.63,101007,49
22.61,101010,49
22.63,101007,49
22.63,101007,49
22.64,101011,49
22.63,101007,49
22.64,101011,49
22.63,101015,49
22.64,101014,49
22.64,101008,49
22.64,101008,49
22.64,101008,49
22.64,101009,49
22.65,101010,49
22.64,101008,49
22.63,101009,49
22.63,101007,49
22.63,101012,49
22.63,101012,49
22.63,101007,49
22.62,101006,49
22.62,101010,49
22.62,101010,49
22.62,101010,49
22.61,101015,49
22.62,101008,49
22.61,101006,49
22.61,101004,49
22.61,101003,49
22.61,100998,49
22.6,101008,49
22.6,101013,49
22.6,101008,49
22.59,101005,49
22.6,101013,49
22.6,101010,49
22.59,101016,49
22.58,101018,49
22.58,101004,49
22.58,101006,49
22.58,101004,49
22.58,101010,49
22.59,101011,49
22.57,101013,49
22.57,101007,49
22.56,101006,49
22.56,101003,49
22.55,101005,49
22.56,101011,49
22.56,101003,49
22.55,101010,49
22.55,101005,49
22.57,101007,49
22.57,101007,49
22.57,101008,49
22.58,101010,49
22.58,101015,49
22.58,101004,49
22.58,101010,49
22.59,101011,49
22.6,101007,49
22.59,101006,49
22.6,101002,49
22.6,101010,49
22.6,101001,49
22.6,101010,49
22.61,101009,49
22.61,101009,49
22.6,101007,49
22.6,101018,49
22.59,101006,49
22.58,101004,49
22.59,101008,49
22.58,101006,49
22.6,101007,49
22.58,101017,49
22.58,101015,49
22.57,101005,49
22.57,101008,49
22.57,101019,49
22.58,101015,49
22.55,101016,49
22.57,101013,49
22.55,101015,49
22.56,101012,49
22.56,101011,49
22.55,101013,49
22.56,101011,49
22.56,101017,49
22.55,101015,49
22.55,101010,49
22.56,101017,49
22.56,101014,49
22.56,101006,49
22.57,101016,49
22.56,101017,49
22.57,101013,49
22.57,101008,49
22.57,101014,49
22.58,101006,49
22.58,101010,49
22.58,101015,49
22.58,101015,49
22.58,101015,49
22.59,101019,49
22.59,101011,49
22.58,101010,49
22.58,101004,49
22.59,101012,49
22.6,101018,49
22.6,101013,49
22.6,101008,49
22.61,101009,49
22.62,101010,49
22.62,101008,49
22.63,101012,49
22.63,101007,49
22.62,101013,49
22.63,101012,49
22.62,101013,49
22.62,101005,49
22.63,101007,49
22.62,101011,49
22.63,101012,49
22.64,101008,49
22.64,101011,49
22.64,101005,49
22.63,101010,49
22.62,101016,49
22.62,101010,49
22.62,101010,49
22.61,101015,49
22.61,101009,49
22.61,101011,49
22.61,101009,49
22.6,101008,49
22.6,101007,49
22.6,101013,49
22.6,101010,49
22.61,101012,49
22.61,101012,49
22.62,101013,49
22.62,101014,49
22.63,101018,49
22.62,101010,49
22.63,101007,49
22.63,101018,49
22.62,101014,49
22.63,101007,49
22.63,101012,49
22.63,101015,49
22.63,101013,49
22.64,101015,49
22.63,101009,49
22.63,101007,49
22.63,101013,49
22.63,101009,49
22.62,101016,49
22.62,101013,49
22.62,101008,49
22.61,101010,49
22.62,101013,49
22.61,101014,49
22.61,101023,49
22.6,101008,49
22.6,101011,49
22.6,101019,49
22.59,101011,49
22.59,101017,49
22.59,101016,49
22.59,101012,49
22.58,101010,49
22.59,101011,49
22.57,101019,49
22.58,101020,49
22.58,101009,49
22.58,101017,49
22.57,101013,49
22.58,101020,49
22.58,101016,49
22.57,101007,49
22.58,101017,49
22.58,101015,49
22.58,101020,49
22.57,101014,49
22.57,101013,49
22.56,101015,49
22.56,101014,49
22.55,101023,49
22.56,101022,49
22.55,101015,49
22.55,101016,49
22.55,101012,49
22.54,101012,49
22.54,101014,49
22.55,101015,49
22.54,101011,49
22.54,101013,49
22.53,101018,49
22.54,101019,49
22.53,101013,49
22.53,101017,49
22.53,101015,49
22.53,101017,49
22.53,101012,49
22.53,101012,49
22.53,101018,49
22.52,101022,49
22.53,101021,49
22.54,101013,49
22.55,101012,49
22.55,101012,49
22.55,101015,49
22.55,101015,49
22.55,101015,49
22.57,101013,49
22.56,101017,49
22.57,101016,49
22.58,101015,49
22.57,101013,49
22.58,101017,49
22.56,101023,49
22.56,101018,49
22.57,101019,49
22.56,101011,49
22.55,101022,49
22.56,101011,49
22.55,101016,49
22.55,101019,49
22.55,101015,49
22.55,101018,49
22.55,101010,49
22.54,101013,49
22.54,101019,49
22.53,101007,49
22.53,101015,49
22.53,101012,49
22.53,101012,49
22.53,101015,49
22.54,101012,49
22.53,101018,49
22.54,101019,49
22.55,101026,49
22.54,101019,49
22.55,101015,49
22.55,101012,49
22.56,101014,49
22.55,101018,49
22.55,101019,49
22.54,101013,49
22.54,101013,49
22.54,101017,49
22.54,101016,49
22.55,101016,49
22.55,101015,49
22.55,101016,49
22.55,101018,49
22.55,101015,49
22.56,101022,49
22.57,101016,49
22.55,101013,49
22.55,101021,49
22.54,101011,49
22.55,101021,49
22.54,101020,49
22.54,101019,49
22.54,101013,49
22.53,101017,49
22.53,101013,49
22.53,101023,49
22.53,101017,49
22.53,101017,49
22.52,101016,49
22.52,101010,49
22.52,101018,49
22.51,101017,49
22.51,101014,49
22.51,101008,49
22.51,101017,49
22.52,101016,49
22.52,101021,49
22.51,101015,49
22.52,101016,49
22.52,101021,49
22.5,101021,49
22.51,101014,49
22.52,101016,49
22.52,101016,49
22.52,101027,49
22.53,101020,49
22.53,101023,49
22.53,101021,49
22.53,101018,49
22.53,101018,49
22.54,101019,49
22.55,101018,49
22.55,101021,49
22.54,101014,49
22.55,101021,49
22.55,101015,49
22.56,101020,49
22.56,101017,49
22.55,101015,49
22.56,101017,49
22.56,101017,49
22.56,101017,49
22.57,101024,49
22.57,101024,49
22.57,101019,49
22.57,101019,49
22.58,101017,49
22.58,101017,49
22.58,101023,49
22.59,101025,49
22.59,101019,49
22.59,101019,49
22.59,101019,49
22.59,101020,49
22.6,101013,49
22.6,101024,49
22.6,101019,49
22.6,101013,49
22.6,101021,49
22.6,101024,49
22.61,101020,49
22.61,101020,49
22.61,101023,49
22.61,101020,49
22.6,101021,49
22.61,101023,49
22.61,101020,49
22.62,101022,49
22.62,101016,49
22.62,101016,49
22.62,101022,49
22.63,101018,49
22.62,101016,49
22.63,101015,49
22.63,101012,49
22.62,101028,49
22.61,101014,49
22.61,101014,49
22.61,101029,49
22.6,101022,49
22.6,101018,49
22.59,101023,49
22.59,101022,49
22.58,101024,49
22.58,101020,49
22.58,101020,49
22.58,101015,49
22.56,101020,49
22.56,101022,49
22.56,101017,49
22.55,101016,49
22.55,101021,49
22.54,101014,49
22.54,101019,49
22.55,101022,49
22.55,101021,49
22.54,101016,49
22.53,101018,49
22.53,101023,49
22.53,101021,49
22.54,101022,49
22.53,101015,49
22.52,101021,49
22.52,101019,49
22.53,101026,49
22.53,101023,49
22.52,101018,49
22.52,101018,49
22.52,101021,49
22.52,101021,49
22.51,101019,49
22.52,101021,49
22.52,101019,49
22.52,101021,49
22.52,101021,49
22.53,101026,49
22.52,101021,49
22.53,101017,49
22.52,101018,49
22.51,101025,49
22.52,101022,49
22.51,101014,49
22.52,101016,49
22.52,101018,49
22.53,101023,49
22.53,101017,49
22.53,101023,49
22.53,101018,49
22.53,101017,49
22.54,101025,49
22.53,101021,49
22.54,101017,49
22.54,101013,49
22.55,101021,49
22.55,101018,49
22.54,101016,49
22.54,101016,49
22.53,101018,49
22.52,101016,49
22.53,101017,49
22.52,101021,49
22.53,101023,49
22.52,101016,49
22.52,101022,49
22.52,101018,49
22.52,101016,49
22.52,101021,49
22.51,101019,49
22.51,101019,49
22.53,101017,49
22.51,101020,49
22.52,101021,49
22.51,101025,49
22.5,101021,49
22.51,101028,49
22.51,101025,49
22.51,101025,49
22.5,101023,49
22.5,101013,49
22.5,101018,49
22.49,101022,49
22.5,101018,49
22.5,101018,49
22.49,101016,49
22.5,101023,49
22.49,101022,49
22.49,101022,49
22.49,101017,49
22.49,101022,49
22.49,101019,49
22.49,101020,49
22.48,101014,49
22.48,101014,49
22.48,101020,49
22.5,101021,49
22.48,101020,49
22.48,101017,49
22.48,101028,49
22.47,101016,49
22.47,101016,49
22.49,101027,49
22.48,101025,49
22.48,101023,49
22.48,101025,49
22.47,101025,49
22.47,101024,49
22.48,101028,49
22.48,101020,49
22.48,101020,49
22.48,101023,49
22.47,101021,49
22.48,101025,49
22.47,101022,49
22.47,101021,49
22.47,101021,49
22.47,101024,49
22.47,101018,49
22.47,101024,49
22.47,101024,49
22.47,101018,49
22.47,101021,49
22.47,101027,49
22.47,101025,49
22.47,101032,49
22.46,101023,49
22.46,101028,49
22.46,101022,49
22.46,101023,49
22.45,101027,49
22.45,101026,49
22.45,101027,49
22.46,101025,49
22.46,101028,49
22.45,101021,49
22.45,101018,49
22.44,101025,49
22.45,101026,49
22.45,101024,49
22.44,101017,49
22.46,101022,49
22.45,101029,49
22.44,101019,49
22.44,101024,49
22.44,101019,49
22.44,101019,49
22.44,101024,49
22.44,101025,49
22.44,101025,49
22.44,101024,49
22.45,101020,49
22.43,101023,49
22.44,101019,49
22.44,101024,49
22.44,101019,49
22.43,101023,49
22.44,101025,49
22.44,101024,49
22.44,101024,49
22.44,101024,49
22.43,101023,49
22.43,101026,49
22.43,101022,49
22.43,101026,49
22.43,101020,49
22.43,101022,49
22.43,101022,49
22.43,101028,49
22.43,101022,49
22.43,101022,49
22.42,101024,49
22.43,101025,49
22.42,101021,49
22.43,101022,49
22.42,101029,49
22.43,101022,49
22.43,101022,49
22.43,101025,49
22.43,101029,49
22.43,101017,49
22.42,101024,49
22.43,101022,49
22.43,101025,49
22.43,101031,49
22.43,101020,49
22.43,101020,49
22.43,101025,49
22.43,101028,49
22.43,101029,49
22.43,101018,49
22.44,101025,49
22.44,101027,49
22.44,101030,49
22.44,101025,49
22.45,101021,49
22.47,101024,49
22.46,101025,49
22.45,101021,49
22.45,101027,49
22.46,101028,49
22.46,101028,49
22.46,101028,49
22.45,101023,49
22.45,101027,49
22.45,101023,49
22.44,101024,49
22.45,101020,49
22.45,101031,49
22.45,101026,49
22.44,101025,49
22.45,101029,49
22.44,101025,49
22.44,101021,49
22.44,101025,49
22.45,101031,49
22.44,101021,49
22.44,101028,49
22.45,101026,49
22.45,101032,49
22.46,101025,49
22.45,101026,49
22.46,101025,49
22.46,101028,49
22.46,101028,49
22.47,101024,49
22.47,101025,49
22.47,101029,49
22.47,101029,49
22.46,101028,49
22.47,101027,49
22.46,101028,49
22.46,101028,49
22.45,101026,49
22.45,101026,49
22.46,101028,49
22.46,101030,49
22.45,101029,49
22.45,101029,49
22.44,101028,49
22.45,101021,49
22.45,101026,49
22.45,101026,49
22.44,101024,49
22.45,101026,49
22.44,101027,49
22.44,101031,49
22.44,101030,49
22.44,101027,49
22.44,101027,49
22.44,101027,49
22.44,101024,49
22.43,101023,49
22.44,101024,49
22.45,101031,49
22.45,101029,49
22.45,101026,49
22.45,101027,49
22.46,101028,49
22.47,101027,49
22.47,101024,49
22.46,101026,49
22.47,101022,49
22.47,101027,49
22.47,101029,49
22.47,101024,49
22.46,101028,49
22.46,101040,49
22.47,101035,49
22.46,101030,49
22.45,101026,49
22.45,101027,49
22.46,101028,49
22.44,101025,49
22.45,101027,49
22.45,101031,49
22.44,101024,49
22.44,101021,49
22.44,101030,49
22.44,101032,49
22.44,101031,49
22.43,101023,49
22.44,101030,49
22.44,101035,49
22.43,101025,49
22.44,101030,49
22.43,101026,49
22.44,101024,49
22.43,101029,49
22.43,101034,49
22.43,101026,49
22.43,101029,49
22.43,101029,49
22.43,101032,49
22.44,101030,49
22.45,101026,49
22.44,101025,49
22.45,101026,49
22.45,101029,49
22.45,101029,49
22.45,101029,49
22.45,101026,49
22.45,101024,49
22.46,101028,49
22.45,101026,49
22.45,101029,49
22.47,101029,49
22.47,101035,49
22.46,101030,49
22.47,101024,49
22.47,101035,49
22.46,101033,49
22.47,101032,49
22.47,101029,49
22.47,101024,49
22.48,101036,49
22.5,101029,49
22.49,101033,49
22.49,101027,49
22.49,101024,49
22.48,101025,49
22.49,101027,49
22.48,101031,49
22.48,101025,49
22.48,101031,49
22.47,101029,49
22.47,101022,49
22.49,101033,49
22.48,101031,49
22.47,101029,49
22.47,101027,49
22.46,101030,49
22.47,101035,49
22.47,101032,49
22.47,101032,49
22.47,101029,49
22.47,101024,49
22.47,101027,49
22.47,101027,49
22.46,101031,49
22.47,101030,49
22.47,101027,49
22.46,101019,49
22.46,101036,49
22.46,101028,49
22.46,101031,49
22.46,101034,49
22.45,101031,49
22.46,101036,49
22.46,101028,49
22.46,101028,49
22.46,101030,49
22.46,101028,49
22.47,101027,49
22.46,101034,49
22.47,101029,49
22.47,101027,49
22.49,101033,49
22.49,101033,49
22.49,101033,49
22.49,101038,49
22.48,101028,49
22.49,101030,49
22.49,101031,49
22.48,101025,49
22.49,101031,49
22.48,101031,49
22.48,101035,49
22.49,101038,49
22.48,101036,49
22.49,101030,49
22.49,101030,49
22.48,101031,49
22.48,101034,49
22.49,101033,49
22.48,101036,49
22.49,101035,49
22.48,101036,49
22.47,101032,49
22.47,101029,49
22.47,101029,49
22.47,101040,49
22.46,101034,49
22.46,101034,49
22.46,101030,49
22.46,101033,49
22.46,101028,49
22.46,101033,49
22.46,101030,49
22.46,101034,49
22.47,101029,49
22.47,101033,49
22.49,101033,49
22.49,101027,49
22.49,101034,49
22.49,101035,49
22.49,101027,49
22.5,101040,49
22.48,101031,49
22.49,101030,49
22.5,101034,49
22.48,101034,49
22.49,101038,49
22.49,101027,49
22.48,101034,49
22.48,101025,49
22.48,101031,49
22.48,101036,49
22.47,101027,49
22.48,101035,49
22.49,101035,49
22.47,101032,49
22.48,101031,49
22.48,101028,49
22.48,101031,49
22.49,101030,49
22.48,101034,49
22.48,101036,49
22.49,101031,49
22.5,101029,49
22.49,101033,49
22.49,101028,49
22.5,101029,49
22.52,101032,49
22.51,101028,49
22.51,101033,49
22.52,101035,49
22.52,101033,49
22.52,101032,49
22.53,101034,49
22.53,101037,49
22.53,101037,49
22.54,101033,49
22.54,101036,49
22.54,101033,49
22.55,101032,49
22.55,101032,49
22.55,101032,49
22.55,101032,49
22.53,101029,49
22.53,101034,49
22.53,101038,49
22.53,101035,49
22.54,101038,49
22.52,101035,49
22.53,101037,49
22.53,101037,49
22.53,101039,49
22.52,101038,49
22.51,101031,49
22.52,101032,49
22.52,101038,49
22.51,101042,49
22.51,101036,49
22.51,101034,49
22.52,101038,49
22.5,101034,49
22.52,101038,49
22.5,101035,49
22.5,101032,49
22.5,101040,49
22.5,101032,49
22.48,101031,49
22.49,101038,49
22.48,101032,49
22.49,101028,49
22.48,101036,49
22.49,101038,49
22.47,101036,49
22.49,101030,49
22.49,101035,49
22.47,101030,49
22.47,101029,49
22.47,101038,49
22.47,101036,49
22.48,101039,49
22.46,101034,49
22.47,101040,49
22.46,101031,49
22.47,101029,49
22.47,101035,49
22.46,101033,49
22.46,101039,49
22.46,101033,49
22.46,101040,49
22.45,101035,49
22.45,101032,49
22.45,101032,49
22.45,101029,49
22.45,101034,49
22.45,101032,49
22.46,101036,49
22.44,101035,49
22.45,101037,49
22.45,101037,49
22.45,101037,49
22.45,101031,49
22.46,101039,49
22.45,101031,49
22.45,101037,49
22.45,101037,49
22.45,101037,49
22.46,101033,49
22.45,101031,49
22.44,101036,49
22.45,101026,49
22.44,101036,49
22.44,101033,49
22.44,101033,49
22.44,101041,49
22.44,101035,49
22.44,101030,49
22.43,101034,49
22.44,101032,49
22.44,101035,49
22.44,101038,49
22.44,101036,49
22.44,101035,49
22.44,101035,49
22.44,101035,49
22.45,101037,49
22.44,101038,49
22.43,101029,49
22.43,101034,49
22.43,101037,49
22.44,101038,49
22.44,101035,49
22.44,101036,49
22.44,101042,49
22.45,101042,49
22.45,101034,49
22.45,101037,49
22.45,101038,49
22.45,101040,49
22.46,101039,49
22.47,101043,49
22.47,101040,49
22.47,101035,49
22.47,101035,49
22.47,101029,49
22.47,101040,49
22.47,101040,49
22.47,101038,49
22.46,101040,49
22.47,101035,49
22.46,101040,49
22.47,101038,49
22.46,101039,49
22.46,101033,49
22.46,101039,49
22.45,101035,49
22.45,101037,49
22.46,101039,49
22.46,101040,49
22.46,101039,49
22.45,101043,49
22.45,101038,49
22.46,101044,49
22.45,101037,49
22.45,101037,49
22.44,101035,49
22.44,101036,49
22.44,101038,49
22.44,101041,49
22.44,101035,49
22.44,101036,49
22.44,101038,49
22.44,101036,49
22.44,101035,49
22.44,101039,49
22.44,101039,49
22.44,101035,49
22.43,101034,49
22.44,101035,49
22.43,101034,49
22.43,101039,49
22.43,101034,49
22.42,101033,49
22.43,101036,49
22.43,101043,49
22.43,101034,49
22.43,101028,49
22.43,101031,49
22.43,101034,49
22.43,101036,49
22.43,101031,49
22.43,101037,49
22.43,101039,49
22.43,101034,49
22.43,101034,49
22.43,101034,49
22.43,101039,49
22.43,101034,49
22.43,101042,49
22.43,101039,49
22.42,101033,49
22.43,101039,49
22.43,101039,49
22.42,101033,49
22.43,101039,49
22.43,101034,49
22.42,101033,49
22.43,101037,49
22.43,101042,49
22.41,101039,49
22.43,101034,49
22.42,101037,49
22.43,101039,49
22.43,101039,49
22.43,101034,49
22.44,101038,49
22.44,101036,49
22.45,101040,49
22.45,101037,49
22.46,101041,49
22.46,101039,49
22.45,101037,49
22.44,101033,49
22.45,101037,49
22.45,101042,49
22.45,101042,49
22.44,101039,49
22.45,101037,49
22.44,101036,49
22.44,101035,49
22.44,101038,49
22.44,101038,49
22.44,101035,49
22.43,101039,49
22.43,101039,49
22.43,101036,49
22.44,101035,49
22.43,101042,49
22.43,101043,49
22.43,101039,49
22.43,101040,49
22.43,101040,49
22.43,101040,49
22.43,101039,49
22.43,101042,49
22.43,101032,49
22.44,101038,49
22.43,101037,49
22.44,101038,49
22.43,101034,49
22.43,101037,49
22.43,101039,49
22.43,101039,49
22.43,101045,49
22.43,101045,49
22.43,101039,49
22.43,101034,49
22.44,101038,49
22.42,101037,49
22.43,101036,49
22.43,101039,49
22.42,101033,49
22.42,101038,49
22.43,101039,49
22.42,101038,49
22.42,101035,49
22.43,101039,49
22.42,101038,49
22.43,101034,49
22.43,101039,49
22.43,101042,49
22.42,101038,49
22.42,101038,49
22.42,101032,49
22.42,101038,49
22.42,101038,49
22.43,101039,49
22.42,101037,49
22.42,101037,49
22.42,101037,49
22.44,101046,49
22.42,101043,49
22.42,101038,49
22.42,101032,49
22.44,101038,49
22.43,101039,49
22.44,101041,49
22.45,101040,49
22.45,101040,49
22.45,101040,49
22.45,101034,49
22.46,101040,49
22.47,101040,49
22.46,101039,49
22.47,101040,49
22.47,101043,49
22.47,101040,49
22.47,101046,49
22.46,101037,49
22.46,101039,49
22.46,101039,49
22.45,101040,49
22.45,101037,49
22.46,101041,49
22.45,101038,49
22.45,101043,49
22.45,101038,49
22.46,101044,49
22.45,101040,49
22.45,101035,49
22.45,101042,49
22.44,101036,49
22.44,101036,49
22.45,101040,49
22.44,101044,49
22.43,101040,49
22.44,101039,49
22.45,101037,49
22.45,101037,49
22.44,101036,49
22.44,101041,49
22.44,101035,49
22.44,101035,49
22.44,101042,49
22.44,101035,49
22.44,101038,49
22.44,101041,49
22.45,101034,49
22.44,101036,49
22.44,101038,49
22.45,101040,49
22.46,101039,49
22.46,101040,49
22.46,101039,49
22.46,101039,49
22.46,101042,49
22.46,101033,49
22.46,101040,49
22.47,101035,49
22.47,101041,49
22.48,101036,49
22.48,101039,49
22.47,101043,49
22.47,101041,49
22.49,101044,49
22.49,101041,49
22.48,101045,49
22.49,101047,49
22.49,101045,49
22.5,101045,49
22.5,101040,49
22.5,101040,49
22.51,101042,49
22.51,101042,49
22.51,101042,49
22.52,101039,49
22.52,101032,49
22.51,101042,49
22.52,101041,49
22.51,101042,49
22.5,101041,49
22.5,101046,49
22.5,101038,49
22.5,101046,49
22.5,101037,49
22.49,101033,49
22.49,101041,49
22.5,101040,49
22.5,101040,49
22.48,101036,49
22.49,101042,49
22.49,101038,49
22.48,101042,49
22.48,101036,49
22.48,101039,49
22.48,101042,49
22.48,101039,49
22.47,101041,49
22.47,101040,49
22.47,101038,49
22.47,101040,49
22.46,101037,49
22.47,101041,49
22.46,101040,49
22.47,101043,49
22.46,101039,49
22.47,101038,49
22.47,101046,49
22.46,101039,49
22.46,101040,49
22.46,101034,49
22.46,101039,49
22.45,101041,49
22.46,101036,49
22.46,101040,49
22.46,101033,49
22.45,101043,49
22.46,101039,49
22.47,101040,49
22.46,101039,49
22.46,101041,49
22.46,101039,49
22.46,101044,49
22.46,101040,49
22.46,101040,49
22.46,101036,49
22.46,101039,49
22.47,101043,49
22.46,101039,49
22.45,101037,49
22.45,101037,49
22.45,101042,49
22.46,101041,49
22.45,101038,49
22.45,101042,49
22.45,101037,49
22.45,101037,49
22.45,101037,49
22.44,101047,49
22.44,101042,49
22.45,101040,49
22.45,101042,49
22.44,101036,49
22.45,101037,49
22.45,101038,49
22.45,101042,49
22.44,101035,49
22.45,101042,49
22.45,101031,49
22.44,101041,49
22.44,101041,49
22.45,101037,49
22.44,101035,49
22.45,101037,49
22.44,101036,49
22.44,101041,49
22.45,101037,49
22.45,101037,49
22.45,101037,49
22.44,101036,49
22.46,101036,49
22.46,101033,49
22.46,101039,49
22.46,101042,49
22.46,101040,49
22.47,101040,49
22.47,101040,49
22.48,101042,49
22.48,101042,49
22.48,101036,49
22.47,101035,49
22.48,101036,49
22.48,101045,49
22.49,101041,49
22.49,101036,49
22.49,101038,49
22.49,101039,49
22.49,101042,49
22.48,101039,49
22.49,101038,49
22.49,101033,49
22.49,101038,49
22.48,101036,49
22.49,101041,49
22.49,101038,49
22.47,101040,49
22.48,101042,49
22.48,101036,49
22.47,101038,49
22.47,101040,49
22.47,101040,49
22.47,101038,49
22.47,101035,49
22.47,101035,49
22.47,101041,49
22.48,101042,49
22.47,101040,49
22.47,101040,49
22.46,101040,49
22.46,101041,49
22.46,101040,49
22.47,101038,49
22.46,101042,49
22.46,101040,49
22.46,101040,49
22.47,101046,49
22.47,101040,49
22.46,101034,49
22.47,101040,49
22.47,101040,49
22.47,101040,49
22.47,101038,49
22.47,101041,49
22.47,101035,49
22.47,101035,49
22.47,101040,49
22.48,101042,49
22.47,101040,49
22.46,101040,49
22.48,101048,49
22.47,101040,49
22.47,101040,49
22.47,101041,49
22.48,101042,49
22.48,101042,49
22.48,101031,49
22.47,101043,49
22.47,101036,49
22.47,101044,49
22.47,101036,49
22.48,101042,49
22.46,101034,49
22.47,101040,49
22.47,101036,49
22.47,101044,49
22.47,101038,49
22.48,101042,49
22.49,101038,49
22.48,101036,49
22.48,101039,49
22.48,101042,49
22.48,101048,49
22.47,101036,49
22.48,101045,49
22.49,101041,49
22.49,101044,49
22.48,101039,49
22.48,101042,49
22.49,101039,49
22.48,101043,49
22.48,101042,49
22.48,101045,49
22.49,101044,49
22.49,101044,49
22.49,101045,49
22.48,101042,49
22.48,101036,49
22.48,101042,49
22.49,101044,49
22.48,101042,49
22.47,101038,49
22.48,101045,49
22.47,101038,49
22.48,101042,49
22.48,101045,49
22.47,101040,49
22.47,101038,49
22.47,101036,49
22.49,101049,49
22.48,101048,49
22.48,101042,49
22.47,101040,49
22.47,101046,49
22.47,101038,49
22.48,101048,49
22.47,101043,49
22.48,101048,49
22.47,101043,49
22.46,101039,49
22.47,101044,49
22.46,101041,49
22.47,101040,49
22.47,101049,49
22.47,101046,49
22.46,101039,49
22.46,101045,49
22.47,101040,49
22.47,101040,49
22.46,101044,49
22.46,101044,49
22.46,101042,49
22.47,101040,49
22.46,101044,49
22.46,101039,49
22.47,101046,49
22.47,101043,49
22.46,101040,49
22.46,101044,49
22.46,101033,49
22.46,101047,49
22.45,101042,49
22.45,101042,49
22.45,101041,49
22.45,101042,49
22.44,101044,49
22.45,101042,49
22.45,101042,49
22.44,101041,49
22.44,101044,49
22.44,101046,49
22.44,101041,49
22.44,101041,49
22.44,101035,49
22.45,101048,49
22.44,101046,49
22.44,101044,49
22.43,101039,49
22.44,101041,49
22.44,101041,49
22.44,101044,49
22.44,101044,49
22.45,101048,49
22.44,101042,49
22.45,101049,49
22.45,101037,49
22.45,101048,49
22.45,101048,49
22.45,101045,49
22.45,101045,49
22.46,101041,49
22.45,101045,49
22.46,101041,49
22.44,101044,49
22.45,101042,49
22.45,101040,49
22.46,101044,49
22.46,101041,49
22.47,101052,49
22.47,101047,49
22.47,101043,49
22.48,101042,49
22.49,101041,49
22.49,101049,49
22.5,101043,49
22.5,101048,49
22.48,101042,49
22.48,101042,49
22.48,101045,49
22.48,101042,49
22.48,101042,49
22.49,101044,49
22.49,101049,49
22.48,101036,49
22.48,101045,49
22.49,101050,49
22.48,101045,49
22.48,101046,49
22.49,101053,49
22.49,101041,49
22.49,101044,49
22.5,101045,49
22.5,101045,49
22.51,101050,49
22.51,101053,49
22.51,101053,49
22.51,101053,49
22.51,101042,49
22.51,101050,49
22.51,101048,49
22.51,101047,49
22.51,101050,49
22.5,101040,49
22.5,101044,49
22.5,101046,49
22.51,101045,49
22.51,101044,49
22.51,101048,49
22.51,101042,49
22.51,101047,49
22.5,101046,49
22.51,101044,49
22.51,101050,49
22.5,101051,49
22.5,101051,49
22.5,101043,49
22.49,101045,49
22.49,101047,49
22.5,101045,49
22.5,101051,49
22.5,101048,49
22.48,101043,49
22.49,101044,49
22.49,101049,49
22.5,101048,49
22.5,101045,49
22.49,101052,49
22.48,101053,49
22.49,101050,49
22.49,101047,49
22.49,101044,49
22.48,101053,49
22.48,101042,49
22.48,101045,49
22.48,101048,49
22.48,101048,49
22.48,101048,49
22.48,101045,49
22.49,101052,49
22.48,101045,49
22.48,101048,49
22.48,101048,49
22.48,101045,49
22.48,101050,49
22.46,101045,49
22.48,101042,49
22.47,101043,49
22.47,101051,49
22.47,101049,49
22.46,101050,49
22.47,101046,49
22.46,101051,49
22.46,101044,49
22.47,101051,49
22.48,101048,49
22.46,101051,49
22.46,101044,49
22.46,101045,49
22.46,101050,49
22.47,101051,49
22.47,101046,49
22.48,101048,49
22.47,101052,49
22.47,101052,49
22.47,101046,49
22.47,101051,49
22.46,101050,49
22.47,101044,49
22.45,101043,49
22.46,101041,49
22.46,101050,49
22.46,101045,49
22.45,101049,49
22.46,101050,49
22.47,101043,49
22.45,101042,49
22.46,101047,49
22.46,101044,49
22.45,101043,49
22.45,101045,49
22.45,101048,49
22.45,101048,49
22.45,101046,49
22.46,101044,49
22.45,101041,49
22.45,101043,49
22.46,101047,49
22.45,101051,49
22.45,101046,49
22.46,101044,49
22.45,101037,49
22.45,101043,49
22.46,101042,49
22.45,101042,49
22.45,101048,49
22.44,101046,49
22.44,101046,49
22.45,101046,49
22.45,101043,49
22.45,101045,49
22.45,101042,49
22.46,101045,49
22.46,101044,49
22.47,101046,49
22.46,101048,49
22.48,101042,49
22.47,101044,49
22.47,101044,49
22.46,101042,49
22.47,101043,49
22.47,101046,49
22.47,101046,49
22.47,101046,49
22.48,101048,49
22.47,101047,49
22.47,101040,49
22.47,101046,49
22.48,101048,49
22.46,101045,49
22.47,101043,49
22.47,101043,49
22.48,101048,49
22.47,101052,49
22.47,101046,49
22.46,101045,49
22.48,101048,49
22.48,101048,49
22.47,101043,49
22.47,101046,49
22.47,101047,49
22.48,101048,49
22.47,101051,49
22.48,101048,49
22.47,101047,49
22.47,101043,49
22.46,101040,49
22.47,101049,49
22.47,101044,49
22.47,101051,49
22.47,101051,49
22.47,101046,49
22.49,101049,49
22.48,101045,49
22.48,101045,49
22.49,101044,49
22.5,101045,49
22.49,101049,49
22.49,101047,49
22.48,101048,49
22.47,101041,49
22.47,101047,49
22.46,101045,49
22.46,101051,49
22.46,101051,49
22.47,101046,49
22.47,101046,49
22.46,101042,49
22.46,101045,49
22.46,101051,49
22.47,101046,49
22.46,101050,49
22.47,101054,49
22.47,101046,49
22.45,101043,49
22.46,101045,49
22.46,101045,49
22.46,101048,49
22.47,101046,49
22.47,101049,49
22.47,101046,49
22.48,101048,49
22.47,101049,49
22.48,101048,49
22.47,101052,49
22.47,101047,49
22.47,101047,49
22.48,101048,49
22.48,101050,49
22.49,101049,49
22.48,101050,49
22.48,101048,49
22.47,101046,49
22.47,101047,49
22.49,101050,49
22.49,101055,49
22.49,101050,49
22.49,101047,49
22.5,101057,49
22.49,101047,49
22.5,101051,49
22.5,101051,49
22.49,101045,49
22.49,101050,49
22.5,101051,49
22.5,101051,49
22.5,101051,49
22.5,101051,49
22.48,101051,49
22.49,101049,49
22.48,101048,49
22.49,101049,49
22.48,101050,49
22.48,101053,49
22.48,101042,49
22.49,101052,49
22.48,101048,49
22.48,101048,49
22.48,101053,49
22.48,101043,49
22.49,101055,49
22.49,101052,49
22.48,101048,49
22.49,101055,49
22.49,101055,49
22.49,101052,49
22.49,101058,49
22.49,101049,49
22.48,101045,49
22.48,101043,49
22.48,101048,49
22.49,101052,49
22.48,101053,49
22.47,101055,49
22.48,101050,49
22.48,101045,49
22.47,101049,49
22.48,101048,49
22.47,101049,49
22.47,101049,49
22.47,101040,49
22.46,101045,49
22.46,101040,49
22.47,101049,49
22.47,101055,49
22.48,101048,49
22.48,101050,49
22.5,101054,49
22.48,101053,49
22.49,101049,49
22.48,101045,49
22.48,101053,49
22.48,101048,49
22.47,101049,49
22.47,101057,49
22.48,101053,49
22.47,101049,49
22.47,101047,49
22.47,101047,49
22.47,101049,49
22.47,101054,49
22.46,101048,49
22.46,101050,49
22.47,101049,49
22.47,101051,49
22.47,101057,49
22.46,101056,49
22.47,101051,49
22.46,101048,49
22.47,101049,49
22.46,101050,49
22.46,101044,49
22.47,101054,49
22.47,101049,49
22.46,101051,49
22.45,101051,49
22.46,101053,49
22.45,101045,49
22.45,101051,49
22.46,101050,49
22.46,101047,49
22.46,101053,49
22.45,101054,49
22.45,101056,49
22.45,101051,49
22.45,101054,49
22.46,101050,49
22.46,101055,49
22.46,101053,49
22.45,101054,49
22.46,101050,49
22.46,101051,49
22.46,101053,49
22.46,101051,49
22.46,101050,49
22.47,101047,49
22.47,101046,49
22.47,101046,49
22.46,101050,49
22.47,101057,49
22.47,101051,49
22.47,101047,49
22.47,101051,49
22.48,101059,49
22.48,101048,49
22.48,101053,49
22.49,101049,49
22.49,101047,49
22.49,101049,49
22.5,101051,49
22.5,101045,49
22.5,101048,49
22.5,101045,49
22.5,101051,49
22.5,101051,49
22.5,101048,49
22.5,101046,49
22.51,101053,49
22.51,101053,49
22.52,101046,49
22.52,101049,49
22.52,101046,49
22.52,101052,49
22.53,101051,49
22.52,101054,49
22.53,101051,49
22.53,101051,49
22.53,101053,49
22.53,101051,49
22.53,101051,49
22.53,101051,49
22.54,101052,49
22.54,101049,49
22.54,101058,49
22.54,101042,49
22.55,101051,49
22.55,101057,49
22.56,101053,49
22.56,101056,49
22.57,101055,49
22.56,101050,49
22.56,101056,49
22.56,101056,49
22.56,101050,49
22.55,101054,49
22.54,101050,49
22.54,101052,49
22.54,101052,49
22.54,101052,49
22.53,101051,49
22.54,101052,49
22.53,101059,49
22.52,101050,49
22.52,101060,49
22.52,101054,49
22.52,101049,49
22.52,101057,49
22.5,101051,49
22.5,101046,49
22.5,101052,49
22.49,101056,49
22.5,101054,49
22.49,101050,49
22.48,101048,49
22.49,101049,49
22.49,101055,49
22.47,101044,49
22.47,101052,49
22.47,101049,49
22.47,101054,49
22.47,101046,49
22.48,101053,49
22.48,101048,49
22.47,101051,49
22.47,101049,49
22.47,101054,49
22.46,101051,49
22.46,101047,49
22.46,101053,49
22.45,101054,49
22.45,101043,49
22.44,101050,49
22.45,101048,49
22.46,101053,49
22.46,101055,49
22.47,101046,49
22.47,101044,49
22.47,101051,49
22.47,101043,49
22.48,101048,49
22.49,101050,49
22.48,101045,49
22.5,101051,49
22.5,101057,49
22.51,101053,49
22.51,101051,49
22.52,101049,49
22.52,101043,49
22.53,101056,49
22.53,101056,49
22.53,101056,49
22.52,101052,49
22.53,101054,49
22.53,101059,49
22.53,101046,49
22.53,101053,49
22.54,101052,49
22.54,101052,49
22.55,101054,49
22.55,101046,49
22.55,101058,49
22.54,101049,49
22.53,101049,49
22.53,101056,49
22.52,101047,49
22.52,101054,49
22.52,101052,49
22.51,101048,49
22.52,101054,49
22.5,101052,49
22.51,101053,49
22.51,101053,49
22.5,101045,49
22.5,101046,49
22.5,101057,49
22.49,101050,49
22.5,101057,49
22.49,101050,49
22.48,101053,49
22.5,101048,49
22.49,101055,49
22.48,101042,49
22.48,101053,49
22.48,101048,49
22.47,101046,49
22.47,101046,49
22.47,101051,49
22.47,101057,49
22.47,101054,49
22.47,101058,49
22.47,101051,49
22.48,101053,49
22.47,101049,49
22.47,101051,49
22.46,101055,49
22.46,101051,49
22.47,101051,49
22.46,101045,49
22.46,101051,49
22.46,101050,49
22.46,101053,49
22.46,101051,49
22.45,101049,49
22.46,101050,49
22.46,101050,49
22.46,101056,49
22.46,101044,49
22.47,101051,49
22.46,101044,49
22.46,101053,49
22.46,101053,49
22.46,101050,49
22.46,101050,49
22.46,101055,49
22.46,101053,49
22.45,101049,49
22.45,101049,49
22.45,101051,49
22.46,101055,49
22.45,101059,49
22.46,101055,49
22.45,101042,49
22.44,101046,49
22.44,101053,49
22.44,101058,49
22.45,101051,49
22.45,101052,49
22.46,101056,49
22.47,101054,49
22.46,101053,49
22.46,101053,49
22.46,101061,49
22.45,101048,49
22.45,101056,49
22.45,101051,49
22.45,101048,49
22.45,101048,49
22.45,101048,49
22.45,101045,49
22.45,101048,49
22.46,101048,49
22.47,101049,49
22.47,101054,49
22.47,101049,49
22.47,101049,49
22.49,101055,49
22.47,101046,49
22.47,101052,49
22.48,101045,49
22.47,101051,49
22.47,101046,49
22.48,101048,49
22.48,101048,49
22.48,101048,49
22.51,101058,49
22.49,101049,49
22.5,101045,49
22.5,101045,49
22.51,101058,49
22.49,101056,49
22.5,101052,49
22.5,101052,49
22.5,101057,49
22.5,101051,49
22.5,101052,49
22.5,101054,49
22.5,101051,49
22.5,101048,49
22.5,101051,49
22.49,101053,49
22.49,101055,49
22.49,101044,49
22.48,101050,49
22.5,101051,49
22.48,101050,49
22.47,101051,49
22.48,101050,49
22.48,101053,49
22.47,101051,49
22.47,101057,49
22.46,101048,49
22.47,101057,49
22.46,101051,49
22.47,101057,49
22.46,101050,49
22.46,101050,49
22.45,101052,49
22.45,101049,49
22.45,101056,49
22.46,101047,49
22.46,101053,49
22.46,101053,49
22.46,101055,49
22.46,101055,49
22.46,101048,49
22.47,101046,49
22.47,101051,49
22.46,101048,49
22.47,101051,49
22.47,101057,49
22.48,101048,49
22.48,101053,49
22.49,101052,49
22.49,101052,49
22.47,101051,49
22.49,101053,49
22.49,101055,49
22.48,101048,49
22.48,101050,49
22.48,101059,49
22.48,101053,49
22.48,101042,49
22.49,101052,49
22.49,101056,49
22.48,101045,49
22.5,101057,49
22.5,101049,49
22.52,101049,49
22.52,101054,49
22.53,101056,49
22.51,101054,49
22.52,101052,49
22.52,101050,49
22.53,101059,49
22.53,101053,49
22.53,101051,49
22.53,101045,49
22.53,101051,49
22.53,101056,49
22.54,101052,49
22.54,101055,49
22.54,101052,49
22.54,101052,49
22.54,101055,49
22.55,101051,49
22.54,101059,49
22.54,101052,49
22.53,101053,49
22.53,101049,49
22.53,101051,49
22.53,101057,49
22.53,101056,49
22.54,101058,49
22.53,101057,49
22.52,101054,49
22.52,101052,49
22.51,101054,49
22.51,101050,49
22.51,101053,49
22.5,101054,49
22.5,101052,49
22.5,101052,49
22.5,101054,49
22.49,101049,49
22.5,101048,49
22.48,101048,49
22.5,101051,49
22.48,101050,49
22.48,101048,49
22.47,101046,49
22.48,101050,49
22.46,101051,49
22.46,101047,49
22.46,101044,49
22.46,101051,49
22.45,101048,49
22.46,101050,49
22.46,101053,49
22.46,101055,49
22.44,101047,49
22.44,101053,49
22.45,101051,49
22.45,101048,49
22.44,101052,49
22.44,101053,49
22.43,101045,49
22.44,101058,49
22.45,101056,49
22.44,101044,49
22.45,101054,49
22.44,101058,49
22.44,101052,49
22.44,101052,49
22.45,101054,49
22.44,101052,49
22.44,101060,49
22.45,101056,49
22.45,101054,49
22.45,101054,49
22.44,101052,49
22.44,101055,49
22.44,101050,49
22.44,101057,49
22.44,101052,49
22.44,101055,49
22.44,101052,49
22.43,101056,49
22.44,101057,49
22.43,101048,49
22.43,101057,49
22.43,101051,49
22.42,101043,49
22.42,101049,49
22.42,101052,49
22.43,101050,49
22.43,101061,49
22.42,101055,49
22.42,101054,49
22.43,101047,49
22.42,101052,49
22.42,101049,49
22.42,101052,49
22.43,101053,49
22.43,101050,49
22.41,101048,49
22.42,101051,49
22.42,101051,49
22.41,101050,49
22.4,101051,49
22.41,101050,49
22.41,101050,49
22.41,101052,49
22.41,101050,49
22.4,101043,49
22.41,101052,49
22.41,101059,49
22.41,101052,49
22.42,101048,49
22.43,101050,49
22.42,101051,49
22.44,101052,49
22.44,101049,49
22.44,101046,49
22.43,101054,49
22.44,101053,49
22.45,101051,49
22.45,101049,49
22.45,101054,49
22.46,101050,49
22.47,101054,49
22.47,101051,49
22.46,101053,49
22.48,101053,49
22.47,101051,49
22.48,101053,49
22.48,101048,49
22.49,101055,49
22.49,101052,49
22.5,101059,49
22.5,101051,49
22.51,101053,49
22.5,101057,49
22.51,101055,49
22.51,101051,49
22.52,101052,49
22.51,101047,49
22.53,101053,49
22.52,101055,49
22.52,101052,49
22.52,101052,49
22.52,101047,49
22.53,101051,49
22.53,101051,49
22.55,101057,49
22.54,101056,49
22.55,101054,49
22.53,101045,49
22.54,101056,49
22.53,101049,49
22.53,101056,49
22.53,101051,49
22.52,101052,49
22.53,101048,49
22.53,101053,49
22.52,101050,49
22.52,101049,49
22.53,101051,49
22.51,101047,49
22.5,101044,49
22.51,101044,49
22.51,101047,49
22.51,101053,49
22.48,101048,49
22.5,101051,49
22.5,101051,49
22.48,101048,49
22.5,101051,49
22.49,101055,49
22.49,101055,49
22.48,101059,49
22.47,101049,49
22.47,101046,49
22.46,101051,49
22.47,101049,49
22.47,101046,49
22.47,101046,49
22.46,101050,49
22.46,101051,49
22.46,101044,49
22.46,101055,49
22.46,101053,49
22.46,101055,49
22.45,101056,49
22.45,101054,49
22.45,101054,49
22.46,101047,49
22.46,101061,49
22.46,101053,49
22.45,101048,49
22.45,101054,49
22.45,101054,49
22.45,101048,49
22.45,101054,49
22.44,101053,49
22.44,101046,49
22.44,101046,49
22.44,101052,49
22.44,101046,49
22.45,101054,49
22.43,101051,49
22.44,101046,49
22.45,101054,49
22.44,101052,49
22.46,101055,49
22.45,101048,49
22.46,101044,49
22.45,101048,49
22.46,101050,49
22.45,101048,49
22.45,101051,49
22.46,101055,49
22.47,101049,49
22.47,101055,49
22.47,101049,49
22.48,101053,49
22.46,101048,49
22.46,101044,49
22.46,101048,49
22.46,101053,49
22.45,101043,49
22.45,101052,49
22.45,101057,49
22.44,101049,49
22.44,101053,49
22.43,101048,49
22.44,101052,49
22.44,101052,49
22.43,101045,49
22.44,101046,49
22.43,101053,49
22.44,101057,49
22.44,101052,49
22.43,101051,49
22.43,101054,49
22.43,101047,49
22.43,101048,49
22.43,101047,49
22.43,101056,49
22.44,101052,49
22.43,101056,49
22.44,101055,49
22.43,101057,49
22.42,101049,49
22.42,101055,49
22.43,101053,49
22.42,101060,49
22.42,101057,49
22.43,101050,49
22.42,101054,49
22.42,101055,49
22.42,101055,49
22.42,101055,49
22.43,101050,49
22.42,101052,49
22.44,101052,49
22.44,101052,49
22.44,101053,49
22.43,101056,49
22.43,101050,49
22.43,101059,49
22.44,101052,49
22.43,101056,49
22.43,101050,49
22.43,101053,49
22.43,101053,49
22.43,101059,49
22.43,101053,49
22.44,101058,49
22.44,101053,49
22.44,101055,49
22.44,101053,49
22.45,101056,49
22.44,101055,49
22.44,101052,49
22.44,101052,49
22.45,101059,49
22.45,101052,49
22.45,101054,49
22.45,101054,49
22.45,101054,49
22.46,101056,49
22.46,101050,49
22.46,101056,49
22.47,101058,49
22.46,101048,49
22.47,101051,49
22.47,101052,49
22.47,101051,49
22.47,101052,49
22.48,101053,49
22.48,101056,49
22.48,101048,49
22.47,101049,49
22.48,101053,49
22.48,101053,49
22.5,101054,49
22.49,101050,49
22.49,101058,49
22.5,101051,49
22.5,101057,49
22.51,101058,49
22.5,101057,49
22.51,101053,49
22.51,101051,49
22.52,101057,49
22.52,101054,49
22.54,101055,49
22.54,101049,49
22.54,101047,49
22.54,101058,49
22.54,101056,49
22.54,101058,49
22.54,101058,49
22.54,101058,49
22.54,101052,49
22.54,101058,49
22.54,101055,49
22.54,101055,49
22.54,101053,49
22.53,101056,49
22.54,101055,49
22.53,101057,49
22.52,101057,49
22.53,101056,49
22.52,101054,49
22.52,101057,49
22.52,101058,49
22.51,101051,49
22.51,101059,49
22.51,101058,49
22.5,101057,49
22.51,101050,49
22.5,101052,49
22.5,101055,49
22.51,101053,49
22.5,101051,49
22.49,101056,49
22.5,101057,49
22.5,101054,49
22.51,101055,49
22.51,101059,49
22.51,101056,49
22.52,101054,49
22.53,101062,49
22.52,101057,49
22.52,101058,49
22.53,101056,49
22.53,101060,49
22.53,101056,49
22.52,101055,49
22.52,101052,49
22.53,101057,49
22.54,101059,49
22.54,101052,49
22.54,101058,49
22.54,101059,49
22.54,101056,49
22.55,101054,49
22.55,101054,49
22.55,101057,49
22.56,101058,49
22.56,101061,49
22.56,101056,49
22.56,101056,49
22.57,101057,49
22.57,101052,49
22.57,101057,49
22.59,101055,49
22.58,101056,49
22.58,101060,49
22.58,101056,49
22.58,101054,49
22.59,101055,49
22.59,101056,49
22.6,101062,49
22.59,101055,49
22.59,101058,49
22.6,101060,49
22.6,101054,49
22.61,101059,49
22.61,101059,49
22.61,101059,49
22.61,101053,49
22.61,101059,49
22.61,101051,49
22.62,101055,49
22.63,101054,49
22.63,101054,49
22.63,101051,49
22.64,101058,49
22.64,101058,49
22.63,101052,49
22.64,101053,49
22.64,101059,49
22.64,101064,49
22.64,101059,49
22.64,101058,49
22.64,101056,49
22.63,101057,49
22.63,101056,49
22.64,101058,49
22.62,101055,49
22.63,101056,49
22.62,101056,49
22.62,101055,49
22.63,101062,49
22.62,101056,49
22.62,101058,49
22.62,101061,49
22.61,101057,49
22.62,101060,49
22.62,101060,49
22.61,101059,49
22.61,101057,49
22.61,101059,49
22.61,101059,49
22.61,101053,49
22.6,101052,49
22.6,101060,49
22.6,101052,49
22.6,101057,49
22.6,101061,49
22.6,101058,49
22.6,101058,49
22.61,101059,49
22.6,101057,49
22.6,101055,49
22.6,101057,49
22.6,101057,49
22.6,101054,49
22.6,101062,49
22.59,101056,49
22.59,101056,49
22.6,101057,49
22.6,101062,49
22.6,101058,49
22.6,101057,49
22.6,101060,49
22.6,101057,49
22.6,101060,49
22.6,101057,49
22.61,101064,49
22.6,101057,49
22.6,101058,49
22.59,101061,49
22.61,101064,49
22.6,101060,49
22.6,101052,49
22.6,101057,49
22.6,101054,49
22.6,101057,49
22.61,101056,49
22.6,101054,49
22.61,101059,49
22.6,101063,49
22.59,101050,49
22.61,101064,49
22.6,101062,49
22.61,101061,49
22.61,101059,49
22.62,101058,49
22.62,101053,49
22.62,101064,49
22.63,101051,49
22.62,101056,49
22.63,101059,49
22.63,101057,49
22.64,101061,49
22.63,101057,49
22.64,101055,49
22.63,101063,49
22.64,101059,49
22.66,101063,49
22.65,101057,49
22.66,101063,49
22.65,101060,49
22.66,101056,49
22.66,101053,49
22.67,101054,49
22.67,101058,49
22.67,101055,49
22.67,101058,49
22.68,101059,49
22.67,101061,49
22.68,101048,49
22.68,101064,49
22.69,101061,49
22.69,101060,49
22.69,101056,49
22.68,101054,49
22.7,101057,49
22.7,101063,49
22.69,101061,49
22.69,101053,49
22.7,101059,49
22.7,101062,49
22.7,101060,49
22.69,101061,49
22.69,101061,49
22.69,101058,49
22.7,101063,49
22.7,101060,49
22.7,101060,49
22.69,101061,49
22.69,101055,49
22.7,101057,49
22.69,101067,49
22.7,101055,49
22.69,101058,49
22.7,101059,49
22.69,101056,49
22.7,101057,49
22.71,101058,49
22.7,101057,49
22.71,101055,49
22.7,101062,49
22.71,101058,49
22.71,101055,49
22.7,101063,49
22.71,101053,49
22.71,101059,49
22.71,101059,49
22.71,101058,49
22.71,101056,49
22.72,101060,49
22.71,101059,49
22.72,101055,49
22.73,101056,49
22.73,101062,49
22.73,101062,49
22.72,101055,49
22.74,101059,49
22.75,101054,49
22.74,101053,49
22.74,101053,49
22.73,101060,49
22.73,101056,49
22.73,101057,49
22.73,101050,49
22.74,101059,49
22.73,101057,49
22.74,101059,49
22.74,101059,49
22.74,101059,49
22.75,101062,49
22.75,101063,49
22.74,101053,49
22.74,101061,49
22.74,101059,49
22.75,101057,49
22.74,101063,49
22.74,101059,49
22.74,101059,49
22.74,101059,49
22.75,101054,49
22.73,101054,49
22.75,101063,49
22.75,101060,49
22.76,101061,49
22.75,101055,49
22.75,101055,49
22.75,101058,49
22.76,101061,49
22.77,101063,49
22.76,101056,49
22.76,101059,49
22.76,101056,49
22.77,101057,49
22.77,101057,49
22.76,101059,49
22.76,101056,49
22.77,101058,49
22.77,101064,49
22.76,101059,49
22.77,101052,49
22.76,101056,49
22.77,101060,49
22.76,101056,49
22.77,101054,49
22.76,101056,49
22.76,101056,49
22.77,101064,49
22.76,101056,49
22.77,101061,49
22.77,101061,49
22.77,101061,49
22.78,101065,49
22.78,101062,49
22.77,101053,49
22.78,101057,49
22.79,101055,49
22.78,101063,49
22.79,101053,49
22.79,101061,49
22.79,101056,49
22.78,101057,49
22.79,101059,49
22.79,101056,49
22.8,101057,49
22.79,101050,49
22.79,101056,49
22.8,101057,49
22.8,101063,49
22.8,101060,49
22.8,101062,49
22.8,101063,49
22.8,101058,49
22.79,101053,49
22.8,101058,49
22.81,101059,49
22.8,101058,49
22.8,101060,49
22.8,101058,49
22.82,101061,49
22.81,101059,49
22.81,101065,49
22.81,101062,49
22.83,101066,49
22.83,101062,49
22.82,101061,49
22.84,101061,49
22.84,101064,49
22.83,101057,49
22.83,101063,49
22.83,101063,49
22.84,101061,49
22.84,101064,49
22.83,101063,49
22.84,101053,49
22.84,101059,48
22.84,101067,48
22.84,101062,48
22.84,101064,48
22.84,101059,48
22.84,101048,48
22.84,101059,48
22.84,101062,48
22.85,101060,48
22.84,101062,48
22.84,101059,48
22.85,101063,48
22.85,101054,48
22.85,101065,48
22.85,101060,48
22.85,101065,48
22.85,101055,48
22.85,101061,48
22.86,101067,48
22.85,101061,48
22.85,101060,48
22.85,101066,48
22.85,101061,48
22.85,101066,48
22.85,101060,48
22.85,101065,48
22.86,101062,48
22.85,101069,48
22.84,101059,48
22.84,101059,48
22.84,101062,48
22.85,101061,48
22.86,101068,48
22.87,101058,48
22.85,101066,48
22.84,101059,48
22.85,101061,48
22.86,101071,48
22.86,101053,48
22.86,101054,48
22.86,101062,48
22.87,101058,48
22.88,101066,48
22.88,101060,48
22.88,101059,48
22.88,101066,48
22.88,101059,48
22.88,101055,48
22.87,101058,48
22.87,101056,48
22.88,101066,48
22.88,101065,48
22.88,101059,48
22.88,101070,48
22.88,101066,48
22.88,101060,48
22.88,101066,48
22.88,101066,48
22.89,101069,48
22.87,101070,48
22.88,101057,48
22.88,101060,48
22.89,101067,48
22.89,101069,48
22.88,101071,48
22.89,101067,48
22.88,101066,48
22.88,101066,48
22.89,101076,48
22.89,101067,48
22.88,101055,48
22.88,101060,48
22.88,101065,48
22.89,101059,48
22.89,101069,48
22.88,101066,48
22.88,101060,48
22.88,101066,48
22.89,101067,48
22.89,101062,48
22.88,101059,48
22.89,101072,48
22.89,101067,48
22.88,101066,48
22.89,101056,48
22.89,101062,48
22.88,101071,48
22.89,101067,48
22.88,101065,48
22.88,101065,48
22.88,101066,48
22.88,101065,48
22.87,101064,48
22.88,101066,48
22.88,101055,48
22.89,101067,48
22.88,101066,48
22.89,101072,48
22.88,101066,48
22.89,101061,48
22.89,101059,48
22.89,101059,48
22.88,101060,48
22.88,101057,48
22.88,101068,48
22.88,101066,48
22.88,101060,48
22.88,101060,48
22.89,101067,48
22.88,101068,48
22.89,101069,48
22.88,101066,48
22.89,101062,48
22.88,101060,48
22.89,101058,48
22.88,101060,48
22.88,101066,48
22.89,101062,48
22.88,101066,48
22.89,101059,48
22.89,101067,48
22.89,101070,48
22.88,101060,48
22.89,101061,48
22.88,101068,48
22.89,101067,48
22.9,101069,48
22.88,101060,48
22.89,101072,48
22.89,101067,48
22.88,101066,48
22.89,101067,48
22.89,101067,48
22.89,101067,48
22.9,101057,48
22.89,101073,48
22.89,101070,48
22.9,101063,48
22.9,101064,48
22.9,101063,48
22.89,101067,48
22.89,101062,48
22.89,101073,48
22.9,101063,48
22.89,101062,48
22.89,101062,48
22.89,101067,48
22.89,101067,48
22.88,101066,48
22.88,101071,48
22.89,101067,48
22.88,101059,48
22.88,101066,48
22.89,101073,48
22.89,101067,48
22.89,101067,48
22.88,101071,48
22.89,101073,48
22.89,101069,48
22.89,101070,48
22.89,101067,48
22.87,101066,48
22.88,101065,48
22.89,101069,48
22.89,101070,48
22.88,101066,48
22.88,101066,48
22.89,101067,48
22.89,101073,48
22.89,101070,48
22.9,101063,48
22.89,101067,48
22.89,101067,48
22.9,101068,48
22.89,101067,48
22.9,101063,48
22.9,101075,48
22.91,101070,48
22.91,101076,48
22.91,101070,48
22.91,101070,48
22.91,101060,48
22.91,101063,48
22.92,101061,48
22.92,101066,48
22.92,101061,48
22.92,101067,48
22.92,101073,48
22.92,101067,48
22.92,101061,48
22.92,101067,48
22.91,101063,48
22.91,101065,48
22.91,101057,48
22.92,101061,48
22.91,101057,48
22.91,101063,48
22.91,101065,48
22.92,101072,48
22.91,101071,48
22.91,101071,48
22.9,101064,48
22.91,101070,48
22.91,101070,48
22.9,101064,48
22.91,101076,48
22.9,101069,48
22.9,101069,48
22.9,101068,48
22.9,101069,48
22.9,101075,48
22.9,101075,48
22.9,101069,48
22.9,101068,48
22.89,101067,48
22.89,101075,48
22.89,101073,48
22.89,101073,48
22.89,101072,48
22.89,101079,48
22.89,101072,48
22.88,101071,48
22.89,101078,48
22.88,101070,48
22.89,101069,48
22.88,101068,48
22.88,101074,48
22.89,101067,48
22.88,101074,48
22.89,101072,48
22.88,101070,48
22.88,101065,48
22.88,101068,48
22.87,101070,48
22.86,101070,48
22.86,101068,48
22.86,101071,48
22.86,101068,48
22.87,101072,48
22.86,101076,48
22.87,101075,48
22.87,101069,48
22.87,101066,48
22.85,101066,48
22.87,101069,48
22.86,101071,48
22.86,101073,48
22.86,101071,48
22.86,101067,48
22.85,101065,48
22.86,101068,48
22.86,101067,48
22.85,101066,48
22.86,101068,48
22.85,101072,48
22.86,101068,48
22.86,101068,48
22.87,101064,48
22.88,101065,48
22.86,101068,48
22.87,101075,48
22.87,101072,48
22.87,101075,48
22.88,101070,48
22.88,101071,48
22.88,101070,48
22.87,101072,48
22.88,101066,48
22.88,101082,48
22.88,101071,48
22.89,101073,48
22.89,101067,48
22.91,101076,48
22.91,101076,48
22.91,101065,48
22.91,101071,48
22.91,101071,48
22.91,101074,48
22.9,101072,48
22.91,101082,48
22.91,101076,48
22.91,101065,48
22.91,101071,48
22.92,101075,48
22.92,101077,48
22.92,101073,48
22.92,101074,48
22.92,101067,48
22.92,101066,48
22.91,101071,48
22.91,101070,48
22.91,101073,48
22.91,101064,48
22.91,101079,48
22.91,101065,48
22.9,101064,48
22.9,101080,48
22.89,101073,48
22.89,101073,48
22.89,101070,48
22.89,101072,48
22.89,101073,48
22.89,101073,48
22.89,101069,48
22.88,101066,48
22.88,101074,48
22.89,101070,48
22.9,101077,48
22.9,101075,48
22.91,101076,48
22.92,101073,48
22.92,101066,48
22.92,101067,48
22.92,101075,48
22.92,101067,48
22.93,101068,48
22.94,101064,48
22.94,101070,48
22.94,101068,48
22.93,101069,48
22.95,101078,48
22.95,101067,48
22.96,101065,48
22.96,101070,48
22.96,101067,48
22.96,101071,48
22.96,101073,48
22.97,101075,48
22.97,101067,48
22.97,101067,48
22.98,101074,48
22.97,101067,48
22.99,101071,48
22.99,101073,48
22.99,101072,48
23,101069,48
23,101069,48
23,101069,48
23.01,101071,48
23.02,101078,48
23.01,101065,48
22.99,101073,48
23,101069,48
22.98,101074,48
22.98,101072,48
22.98,101077,48
22.99,101072,48
22.98,101072,48
22.99,101071,48
23,101071,48
22.98,101072,48
22.99,101072,48
22.99,101070,48
22.98,101071,48
22.98,101066,48
22.98,101074,48
22.98,101066,48
22.97,101070,48
22.97,101064,48
22.97,101067,48
22.97,101064,48
22.98,101071,48
22.97,101070,48
22.97,101070,48
22.97,101069,48
22.96,101071,48
22.97,101064,48
22.96,101068,48
22.96,101065,48
22.96,101065,48
22.96,101074,48
22.96,101068,48
22.96,101068,48
22.96,101071,48
22.97,101070,48
22.97,101069,48
22.97,101070,48
22.97,101070,48
22.99,101068,48
22.99,101067,48
22.99,101072,48
22.99,101068,48
23.01,101071,48
23.02,101073,48
23.02,101067,48
23.02,101070,48
23.01,101071,48
23.03,101063,48
23.02,101065,48
23.03,101063,48
23.03,101074,48
23.02,101066,48
23.03,101068,48
23.03,101068,48
23.02,101072,48
23.02,101067,48
23.02,101073,48
23.01,101066,48
23.01,101073,48
23,101069,48
23,101069,48
23,101069,48
22.99,101065,48
22.99,101068,48
22.99,101071,48
22.99,101071,48
22.99,101073,48
22.99,101061,48
22.99,101071,48
22.98,101069,48
22.99,101068,48
22.99,101071,48
22.99,101072,48
22.99,101068,48
22.99,101073,48
23,101074,48
23.01,101077,48
23.02,101066,48
23.02,101072,48
23.02,101067,48
23.02,101073,48
23.02,101067,48
23.03,101075,48
23.03,101063,48
23.04,101070,48
23.03,101069,48
23.04,101071,48
23.04,101067,48
23.04,101070,48
23.04,101070,48
23.02,101062,48
23.02,101073,48
23.02,101067,48
23.03,101071,48
23.04,101064,48
23.04,101070,48
23.04,101064,48
23.02,101065,48
23.02,101065,48
23.02,101067,48
23,101064,48
23.02,101069,48
23.01,101077,48
23.01,101071,48
23,101069,48
23,101075,48
23,101067,48
22.99,101062,48
22.99,101062,48
23,101064,48
23,101069,48
22.99,101071,48
23,101069,48
22.99,101073,48
22.98,101072,48
22.98,101069,48
22.99,101068,48
22.98,101066,48
22.98,101066,48
22.98,101066,48
22.99,101070,48
23,101075,48
22.99,101067,48
22.99,101065,48
22.99,101065,48
22.99,101072,48
22.99,101073,48
22.99,101067,48
22.99,101070,48
22.99,101065,48
22.99,101067,48
22.99,101065,48
23,101071,48
23,101069,48
23,101064,48
23,101072,48
23,101075,48
23.01,101068,48
23.01,101068,48
23,101069,48
23,101069,48
22.99,101068,48
23.01,101073,48
23,101078,48
23,101069,48
23.01,101070,48
23,101069,48
23.01,101071,48
23.01,101068,48
23.01,101071,48
23.01,101068,48
23.01,101071,48
23.02,101066,48
23.01,101066,48
23.02,101072,48
23.02,101061,48
23.03,101069,48
23.03,101069,48
23.04,101064,48
23.05,101069,48
23.05,101072,48
23.05,101067,48
23.05,101070,48
23.05,101061,48
23.05,101072,48
23.05,101072,48
23.05,101067,48
23.04,101071,48
23.05,101072,48
23.05,101070,48
23.04,101071,48
23.05,101067,48
23.05,101072,48
23.05,101072,48
23.06,101062,48
23.05,101072,48
23.05,101067,48
23.07,101072,48
23.05,101067,48
23.06,101069,48
23.06,101069,48
23.05,101067,48
23.05,101067,48
23.05,101070,48
23.05,101072,48
23.06,101074,48
23.05,101067,48
23.06,101074,48
23.05,101066,48
23.05,101070,48
23.07,101067,48
23.06,101063,48
23.07,101068,48
23.07,101072,48
23.06,101069,48
23.04,101060,48
23.06,101069,48
23.04,101074,48
23.05,101067,48
23.05,101066,48
23.05,101067,48
23.05,101061,48
23.04,101065,48
23.04,101068,48
23.03,101069,48
23.05,101069,48
23.05,101070,48
23.06,101069,48
23.05,101066,48
23.07,101070,48
23.07,101069,48
23.06,101074,48
23.05,101066,48
23.04,101068,48
23.04,101062,48
23.05,101072,48
23.03,101072,48
23.04,101064,48
23.03,101069,48
23.03,101069,48
23.04,101070,48
23.03,101066,48
23.02,101065,48
23.03,101069,48
23.03,101075,48
23.02,101067,48
23.03,101061,48
23.03,101063,48
23.03,101065,48
23.03,101063,48
23.03,101063,48
23.03,101065,48
23.02,101062,48
23.03,101058,48
23.02,101065,48
23.03,101068,48
23.03,101075,48
23.03,101063,48
23.02,101067,48
23.02,101067,48
23.02,101066,48
23.02,101067,48
23.01,101066,48
23.01,101068,48
23.02,101067,48
23.01,101071,48
23.01,101066,48
23.01,101071,48
23.01,101071,48
23.01,101066,48
23.01,101071,48
23.02,101073,48
23.01,101066,48
23.02,101067,48
23.02,101066,48
23.02,101067,48
23.02,101062,48
23.03,101072,48
23.04,101068,48
23.04,101071,48
23.04,101071,48
23.05,101069,48
23.05,101064,48
23.05,101061,48
23.06,101073,48
23.05,101061,48
23.06,101069,48
23.07,101069,48
23.07,101062,48
23.07,101069,48
23.07,101065,48
23.07,101070,48
23.08,101066,48
23.08,101069,48
23.08,101063,48
23.09,101062,48
23.09,101064,48
23.09,101064,48
23.08,101066,48
23.09,101059,48
23.08,101066,48
23.09,101068,48
23.09,101062,48
23.09,101062,48
23.08,101060,48
23.08,101066,48
23.08,101069,48
23.08,101066,48
23.08,101066,48
23.07,101068,48
23.08,101068,48
23.07,101067,48
23.07,101065,48
23.07,101065,48
23.06,101066,48
23.06,101063,48
23.05,101063,48
23.05,101067,48
23.04,101071,48
23.04,101065,48
23.05,101072,48
23.04,101062,48
23.04,101071,48
23.04,101062,48
23.04,101065,48
23.04,101071,48
23.03,101061,48
23.03,101061,48
23.04,101056,48
23.03,101063,48
23.03,101063,48
23.03,101069,48
23.03,101060,48
23.03,101063,48
23.04,101064,48
23.03,101063,48
23.04,101060,48
23.03,101058,48
23.04,101064,48
23.05,101069,48
23.06,101057,48
23.05,101067,48
23.06,101065,48
23.07,101064,48
23.06,101063,48
23.07,101067,48
23.07,101068,48
23.07,101065,48
23.07,101059,48
23.07,101053,48
23.07,101062,48
23.08,101060,48
23.08,101061,48
23.07,101059,48
23.09,101062,48
23.08,101064,48
23.08,101072,48
23.08,101066,48
23.09,101063,48
23.08,101064,48
23.1,101069,48
23.11,101070,48
23.09,101063,48
23.1,101063,48
23.11,101059,48
23.11,101060,48
23.12,101066,48
23.12,101060,48
23.11,101064,48
23.11,101062,48
23.12,101060,48
23.13,101068,48
23.12,101061,48
23.13,101062,48
23.14,101064,48
23.14,101064,48
23.13,101068,48
23.15,101066,48
23.15,101068,48
23.14,101059,48
23.15,101060,48
23.14,101072,48
23.14,101069,48
23.14,101069,48
23.12,101066,48
23.12,101067,48
23.12,101063,48
23.12,101064,48
23.12,101066,48
23.13,101065,48
23.13,101068,48
23.12,101066,48
23.11,101068,48
23.12,101060,48
23.11,101056,48
23.11,101065,48
23.11,101064,48
23.12,101061,48
23.11,101065,48
23.11,101068,48
23.11,101062,48
23.12,101063,48
23.12,101060,48
23.11,101056,48
23.11,101064,48
23.12,101066,48
23.11,101059,48
23.11,101065,48
23.12,101063,48
23.12,101060,48
23.11,101060,48
23.11,101064,48
23.11,101071,48
23.12,101066,48
23.12,101069,48
23.12,101066,48
23.12,101066,48
23.12,101064,48
23.13,101062,48
23.12,101060,48
23.12,101061,48
23.13,101065,48
23.14,101064,48
23.15,101058,48
23.15,101066,48
23.14,101061,48
23.14,101076,48
23.13,101065,48
23.13,101065,48
23.12,101058,48
23.12,101072,48
23.12,101061,48
23.12,101060,48
23.11,101064,48
23.11,101064,48
23.11,101064,48
23.08,101072,48
23.09,101068,48
23.09,101063,48
23.09,101067,48
23.08,101064,48
23.08,101061,48
23.08,101064,48
23.08,101066,48
23.08,101061,48
23.08,101066,48
23.08,101061,48
23.08,101064,48
23.08,101068,48
23.08,101061,48
23.08,101066,48
23.07,101065,48
23.08,101066,48
23.08,101071,48
23.07,101065,48
23.08,101066,48
23.07,101065,48
23.07,101065,48
23.07,101061,48
23.07,101070,48
23.07,101067,48
23.07,101070,48
23.06,101066,48
23.07,101065,48
23.06,101057,48
23.07,101069,48
23.06,101069,48
23.07,101069,48
23.07,101065,48
23.08,101072,48
23.08,101071,48
23.08,101061,48
23.09,101068,48
23.09,101068,48
23.09,101068,48
23.09,101068,48
23.09,101068,48
23.1,101069,48
23.11,101065,48
23.11,101068,48
23.11,101073,48
23.11,101070,48
23.11,101064,48
23.12,101066,48
23.11,101065,48
23.11,101065,48
23.12,101072,48
23.11,101070,48
23.11,101067,48
23.12,101058,48
23.12,101067,48
23.14,101072,48
23.15,101068,48
23.14,101061,48
23.16,101067,48
23.15,101069,48
23.16,101067,48
23.16,101060,48
23.17,101066,48
23.16,101067,48
23.15,101063,48
23.15,101066,48
23.14,101069,48
23.14,101061,48
23.13,101062,48
23.14,101061,48
23.15,101071,48
23.14,101069,48
23.15,101068,48
23.13,101062,48
23.15,101071,48
23.14,101061,48
23.14,101069,48
23.15,101066,48
23.13,101068,48
23.13,101068,48
23.13,101062,48
23.14,101069,48
23.13,101069,48
23.14,101067,48
23.13,101068,48
23.14,101069,48
23.13,101071,48
23.14,101069,48
23.13,101068,48
23.13,101068,48
23.13,101062,48
23.12,101061,48
23.12,101064,48
23.12,101066,48
23.13,101059,48
23.12,101066,48
23.12,101074,48
23.12,101066,48
23.12,101066,48
23.09,101065,48
23.09,101068,48
23.09,101063,48
23.11,101067,48
23.09,101063,48
23.09,101068,48
23.09,101065,48
23.09,101067,48
23.1,101063,48
23.1,101075,48
23.09,101059,48
23.09,101063,48
23.09,101068,48
23.09,101065,48
23.1,101063,48
23.11,101064,48
23.11,101064,48
23.11,101062,48
23.11,101064,48
23.11,101070,48
23.11,101067,48
23.11,101065,48
23.11,101064,48
23.11,101070,48
23.11,101073,48
23.11,101067,48
23.11,101065,48
23.11,101070,48
23.11,101070,48
23.11,101060,48
23.12,101066,48
23.12,101066,48
23.12,101066,48
23.12,101066,48
23.12,101066,48
23.13,101060,48
23.12,101072,48
23.12,101070,48
23.12,101072,48
23.12,101060,48
23.12,101066,48
23.12,101072,48
23.13,101065,48
23.12,101067,48
23.13,101070,48
23.12,101070,48
23.12,101060,48
23.12,101067,48
23.11,101062,48
23.13,101068,48
23.13,101068,48
23.13,101062,48
23.13,101063,48
23.14,101064,48
23.14,101070,48
23.15,101066,48
23.16,101067,48
23.15,101064,48
23.16,101068,48
23.16,101068,48
23.18,101071,48
23.18,101065,48
23.18,101065,48
23.18,101071,48
23.17,101072,48
23.16,101068,48
23.17,101069,48
23.17,101069,48
23.16,101070,48
23.16,101065,48
23.16,101067,48
23.15,101066,48
23.15,101066,48
23.15,101071,48
23.15,101066,48
23.14,101065,48
23.15,101071,48
23.13,101069,48
23.14,101064,48
23.13,101065,48
23.14,101069,48
23.13,101065,48
23.14,101070,48
23.16,101064,48
23.15,101071,48
23.15,101066,48
23.16,101070,48
23.16,101073,48
23.16,101063,48
23.16,101068,48
23.18,101068,48
23.18,101068,48
23.17,101069,48
23.17,101069,48
23.16,101064,48
23.16,101074,48
23.16,101065,48
23.17,101069,48
23.16,101073,48
23.16,101068,48
23.16,101067,48
23.15,101069,48
23.15,101071,48
23.15,101066,48
23.15,101060,48
23.15,101063,48
23.15,101068,48
23.14,101069,48
23.15,101063,48
23.15,101074,48
23.15,101068,48
23.14,101067,48
23.13,101063,48
23.14,101073,48
23.14,101067,48
23.14,101067,48
23.15,101066,48
23.14,101061,48
23.14,101061,48
23.15,101066,48
23.15,101066,48
23.16,101064,48
23.16,101067,48
23.16,101067,48
23.15,101064,48
23.15,101068,48
23.16,101067,48
23.16,101067,48
23.17,101069,48
23.16,101067,48
23.15,101071,48
23.16,101067,48
23.16,101074,48
23.15,101069,48
23.15,101071,48
23.15,101072,48
23.15,101068,48
23.15,101066,48
23.16,101073,48
23.15,101068,48
23.17,101069,48
23.15,101066,48
23.15,101057,48
23.15,101063,48
23.16,101070,48
23.16,101067,48
23.16,101064,48
23.16,101067,48
23.16,101067,48
23.16,101067,48
23.16,101070,48
23.16,101067,48
23.16,101067,48
23.16,101073,48
23.16,101067,48
23.15,101066,48
23.16,101070,48
23.17,101069,48
23.17,101064,48
23.18,101071,48
23.18,101065,48
23.19,101067,48
23.18,101068,48
23.17,101069,48
23.18,101062,48
23.18,101062,48
23.17,101069,48
23.17,101066,48
23.17,101061,48
23.17,101067,48
23.18,101065,48
23.17,101063,48
23.18,101071,48
23.17,101069,48
23.17,101063,48
23.16,101065,48
23.16,101074,48
23.16,101068,48
23.16,101063,48
23.16,101062,48
23.16,101068,48
23.15,101064,48
23.15,101063,48
23.15,101071,48
23.14,101070,48
23.15,101066,48
23.14,101067,48
23.14,101070,48
23.14,101062,48
23.14,101065,48
23.14,101069,48
23.13,101062,48
23.15,101071,48
23.14,101070,48
23.13,101068,48
23.14,101067,48
23.14,101064,48
23.14,101072,48
23.13,101068,48
23.14,101064,48
23.16,101070,48
23.16,101067,48
23.16,101064,48
23.16,101062,48
23.15,101061,48
23.16,101064,48
23.16,101068,48
23.16,101073,48
23.16,101068,48
23.16,101065,48
23.16,101065,48
23.17,101066,48
23.17,101069,48
23.17,101074,48
23.17,101063,48
23.17,101069,48
23.18,101068,48
23.17,101066,48
23.18,101071,48
23.17,101063,48
23.17,101064,48
23.18,101065,48
23.18,101071,48
23.18,101066,48
23.19,101070,48
23.21,101065,48
23.21,101065,48
23.2,101069,48
23.19,101068,48
23.2,101068,48
23.21,101068,48
23.21,101065,48
23.21,101068,48
23.21,101065,48
23.21,101068,48
23.21,101063,48
23.22,101066,48
23.22,101066,48
23.22,101066,48
23.23,101068,48
23.22,101072,48
23.23,101062,48
23.24,101073,48
23.24,101070,48
23.25,101069,48
23.23,101071,48
23.23,101062,48
23.22,101069,48
23.22,101067,48
23.22,101073,48
23.22,101069,48
23.22,101072,48
23.21,101070,48
23.22,101072,48
23.21,101065,48
23.21,101067,48
23.21,101070,48
23.2,101071,48
23.2,101066,48
23.2,101066,48
23.19,101067,48
23.19,101070,48
23.19,101070,48
23.2,101074,48
23.2,101074,48
23.19,101070,48
23.19,101068,48
23.19,101073,48
23.19,101072,48
23.19,101067,48
23.19,101070,48
23.18,101066,48
23.18,101068,48
23.19,101070,48
23.18,101073,48
23.18,101068,48
23.17,101069,48
23.17,101063,48
23.17,101074,48
23.17,101069,48
23.16,101068,48
23.17,101066,48
23.16,101067,48
23.16,101071,48
23.16,101074,48
23.16,101068,48
23.16,101073,48
23.15,101066,48
23.17,101069,48
23.16,101068,48
23.17,101075,48
23.17,101069,48
23.17,101069,48
23.17,101064,48
23.16,101063,48
23.17,101070,48
23.18,101076,48
23.18,101071,48
23.16,101071,48
23.17,101072,48
23.18,101071,48
23.19,101072,48
23.19,101072,48
23.19,101073,48
23.19,101072,48
23.18,101076,48
23.19,101072,48
23.19,101072,48
23.19,101070,48
23.19,101067,48
23.19,101073,48
23.19,101068,48
23.21,101067,48
23.22,101072,48
23.22,101066,48
23.22,101069,48
23.23,101076,48
23.22,101072,48
23.21,101074,48
23.22,101072,48
23.2,101071,48
23.21,101076,48
23.21,101070,48
23.21,101065,48
23.2,101068,48
23.2,101075,48
23.2,101077,48
23.19,101070,48
23.19,101072,48
23.2,101066,48
23.19,101076,48
23.19,101068,48
23.19,101072,48
23.19,101067,48
23.2,101074,48
23.19,101072,48
23.19,101072,48
23.19,101072,48
23.19,101075,48
23.2,101080,48
23.2,101074,48
23.2,101074,48
23.2,101074,48
23.19,101073,48
23.19,101070,48
23.19,101067,48
23.19,101070,48
23.2,101071,48
23.2,101075,48
23.2,101080,48
23.2,101071,48
23.2,101072,48
23.2,101075,48
23.21,101070,48
23.21,101073,48
23.2,101075,48
23.19,101070,48
23.2,101074,48
23.2,101074,48
23.2,101074,48
23.2,101071,48
23.2,101074,48
23.21,101073,48
23.2,101074,48
23.2,101072,48
23.21,101073,48
23.21,101079,48
23.2,101080,48
23.21,101082,48
23.21,101076,48
23.22,101077,48
23.21,101074,48
23.22,101080,48
23.22,101077,48
23.22,101077,48
23.22,101077,48
23.21,101077,48
23.21,101073,48
23.21,101076,48
23.21,101076,48
23.21,101076,48
23.2,101075,48
23.2,101078,48
23.22,101077,48
23.22,101075,48
23.21,101071,48
23.23,101079,48
23.23,101074,48
23.22,101073,48
23.23,101077,48
23.23,101077,48
23.23,101076,48
23.23,101074,48
23.23,101074,48
23.23,101074,48
23.22,101073,48
23.24,101073,48
23.24,101078,48
23.24,101075,48
23.25,101080,48
23.24,101073,48
23.24,101075,48
23.25,101077,48
23.26,101073,48
23.25,101069,48
23.26,101081,48
23.25,101077,48
23.25,101077,48
23.25,101074,48
23.24,101075,48
23.24,101076,48
23.24,101071,48
23.26,101079,48
23.27,101080,48
23.26,101073,48
23.27,101080,48
23.27,101080,48
23.27,101080,48
23.25,101077,48
23.24,101076,48
23.25,101080,48
23.26,101070,48
23.25,101075,48
23.26,101079,48
23.24,101075,48
23.25,101074,48
23.24,101078,48
23.25,101071,48
23.25,101071,48
23.25,101077,48
23.24,101076,48
23.24,101079,48
23.25,101078,48
23.23,101069,48
23.23,101074,48
23.23,101079,48
23.23,101074,48
23.22,101077,48
23.23,101080,48
23.23,101074,48
23.22,101080,48
23.23,101076,48
23.22,101073,48
23.23,101079,48
23.22,101072,48
23.22,101073,48
23.21,101074,48
23.21,101074,48
23.23,101079,48
23.23,101076,48
23.23,101074,48
23.22,101073,48
23.22,101075,48
23.22,101077,48
23.22,101072,48
23.22,101083,48
23.21,101076,48
23.2,101074,48
23.2,101080,48
23.21,101070,48
23.2,101077,48
23.2,101074,48
23.2,101077,48
23.19,101070,48
23.19,101078,48
23.19,101078,48
23.18,101071,48
23.18,101077,48
23.18,101076,48
23.18,101079,48
23.17,101078,48
23.18,101076,48
23.18,101073,48
23.17,101069,48
23.18,101071,48
23.18,101076,48
23.18,101082,48
23.17,101075,48
23.18,101076,48
23.18,101076,48
23.17,101074,48
23.17,101074,48
23.16,101068,48
23.16,101076,48
23.15,101072,48
23.14,101075,48
23.16,101079,48
23.15,101077,48
23.14,101076,48
23.15,101074,48
23.14,101076,48
23.15,101077,48
23.14,101079,48
23.16,101070,48
23.14,101076,48
23.14,101075,48
23.15,101080,48
23.15,101079,48
23.16,101076,48
23.16,101078,48
23.15,101085,48
23.15,101071,48
23.13,101079,48
23.12,101078,48
23.13,101079,48
23.11,101081,48
23.11,101078,48
23.09,101074,48
23.09,101074,48
23.09,101074,48
23.1,101077,48
23.09,101074,48
23.09,101070,48
23.08,101078,48
23.08,101080,48
23.08,101078,48
23.08,101078,48
23.06,101074,48
23.08,101079,48
23.07,101075,48
23.06,101080,48
23.07,101081,48
23.04,101076,48
23.05,101081,48
23.04,101076,48
23.04,101076,48
23.04,101081,48
23.03,101080,48
23.03,101075,48
23.03,101085,48
23.02,101078,48
23.02,101080,48
23.02,101084,48
23.01,101082,48
23.01,101077,48
23.02,101083,48
23.03,101075,48
23.02,101084,48
23.03,101086,48
23.03,101080,48
23.03,101080,48
23.03,101077,48
23.02,101073,48
23.02,101078,48
23.03,101077,48
23.02,101078,48
23.03,101079,48
23.02,101072,48
23.01,101077,48
23.02,101078,48
23.01,101082,48
23.01,101082,48
23.02,101078,48
23.01,101074,48
23.03,101079,48
23.02,101072,48
